t,voltage
0,0.0413
1,0.0439
2,0.0416
3,0.0411
4,0.0429
5,0.0401
6,0.0396
7,0.0415
8,0.0394
9,0.0387
10,0.0407
11,0.0403
12,0.0394
13,0.0432
14,0.0423
15,0.0415
16,0.0446
17,0.0448
18,0.0434
19,0.0451
20,0.0451
21,0.0426
22,0.0429
23,0.0441
24,0.0418
25,0.0399
26,0.0433
27,0.0408
28,0.0386
29,0.0412
30,0.0398
31,0.0376
32,0.0418
33,0.0404
34,0.0399
35,0.0435
36,0.043
37,0.0416
38,0.0438
39,0.0447
40,0.0451
41,0.0445
42,0.0465
43,0.0438
44,0.0426
45,0.0429
46,0.0426
47,0.0399
48,0.0422
49,0.04
50,0.0389
51,0.0411
52,0.0395
53,0.0375
54,0.0417
55,0.0409
56,0.0399
57,0.0445
58,0.0434
59,0.0416
60,0.0447
61,0.0461
62,0.0445
63,0.0448
64,0.0476
65,0.0435
66,0.0408
67,0.0435
68,0.0433
69,0.0395
70,0.0426
71,0.0401
72,0.039
73,0.041
74,0.0398
75,0.0385
76,0.041
77,0.0409
78,0.0397
79,0.0427
80,0.0438
81,0.0422
82,0.0439
83,0.0464
84,0.047
85,0.0454
86,0.0474
87,0.0452
88,0.0449
89,0.0473
90,0.045
91,0.0448
92,0.0488
93,0.0467
94,0.0457
95,0.0493
96,0.0484
97,0.0474
98,0.0515
99,0.0525
100,0.0521
101,0.0556
102,0.0577
103,0.0568
104,0.0598
105,0.0644
106,0.0629
107,0.0622
108,0.0658
109,0.0617
110,0.0625
111,0.0631
112,0.0631
113,0.0613
114,0.0638
115,0.0627
116,0.0609
117,0.0641
118,0.0628
119,0.0613
120,0.066
121,0.0677
122,0.0668
123,0.0691
124,0.0722
125,0.0721
126,0.0734
127,0.0776
128,0.0771
129,0.0756
130,0.0782
131,0.0739
132,0.0733
133,0.0742
134,0.0739
135,0.072
136,0.0739
137,0.073
138,0.0705
139,0.0732
140,0.0716
141,0.071
142,0.0735
143,0.0759
144,0.0754
145,0.0777
146,0.082
147,0.0795
148,0.081
149,0.0849
150,0.0848
151,0.0809
152,0.0849
153,0.0805
154,0.0781
155,0.081
156,0.0791
157,0.0771
158,0.0796
159,0.0786
160,0.0752
161,0.0774
162,0.0751
163,0.0751
164,0.0778
165,0.0798
166,0.0803
167,0.082
168,0.085
169,0.0848
170,0.0854
171,0.0892
172,0.0889
173,0.0849
174,0.0879
175,0.0847
176,0.0829
177,0.0841
178,0.0826
179,0.0811
180,0.0827
181,0.0819
182,0.079
183,0.0823
184,0.0802
185,0.08
186,0.0832
187,0.0857
188,0.0861
189,0.0873
190,0.0916
191,0.0914
192,0.0934
193,0.0972
194,0.0962
195,0.0924
196,0.0954
197,0.0932
198,0.091
199,0.0937
200,0.0914
201,0.0903
202,0.0901
203,0.0907
204,0.0858
205,0.0899
206,0.0883
207,0.0874
208,0.0904
209,0.0942
210,0.0936
211,0.0951
212,0.0993
213,0.0991
214,0.0998
215,0.1041
216,0.1026
217,0.0994
218,0.102
219,0.0995
220,0.0964
221,0.0998
222,0.0969
223,0.095
224,0.0949
225,0.0952
226,0.0925
227,0.0933
228,0.0939
229,0.0939
230,0.096
231,0.0998
232,0.0997
233,0.101
234,0.1056
235,0.106
236,0.1061
237,0.1102
238,0.1088
239,0.1063
240,0.1082
241,0.108
242,0.1025
243,0.1068
244,0.1031
245,0.1021
246,0.1023
247,0.1036
248,0.0998
249,0.1008
250,0.1017
251,0.1019
252,0.1041
253,0.1084
254,0.1084
255,0.109
256,0.1138
257,0.1145
258,0.1155
259,0.12
260,0.1165
261,0.1143
262,0.1158
263,0.1156
264,0.1109
265,0.1131
266,0.1115
267,0.1092
268,0.1096
269,0.1089
270,0.1076
271,0.1062
272,0.1085
273,0.105
274,0.1114
275,0.116
276,0.1149
277,0.1162
278,0.12
279,0.1209
280,0.1209
281,0.1253
282,0.1224
283,0.1203
284,0.1199
285,0.1203
286,0.1142
287,0.1175
288,0.1147
289,0.1136
290,0.1126
291,0.1126
292,0.1108
293,0.1093
294,0.1107
295,0.111
296,0.1131
297,0.1175
298,0.1183
299,0.1184
300,0.123
301,0.1243
302,0.1241
303,0.1286
304,0.1246
305,0.1234
306,0.1221
307,0.1223
308,0.1176
309,0.1186
310,0.1184
311,0.1154
312,0.1155
313,0.1162
314,0.1132
315,0.1095
316,0.1137
317,0.1142
318,0.1152
319,0.1195
320,0.1201
321,0.1204
322,0.1262
323,0.1255
324,0.1261
325,0.1302
326,0.1253
327,0.1231
328,0.1241
329,0.1243
330,0.1186
331,0.1192
332,0.1194
333,0.1152
334,0.1158
335,0.1159
336,0.1147
337,0.1108
338,0.1149
339,0.1149
340,0.1158
341,0.1205
342,0.1205
343,0.1212
344,0.1261
345,0.1273
346,0.1259
347,0.1308
348,0.1261
349,0.1254
350,0.124
351,0.1226
352,0.1193
353,0.1195
354,0.1208
355,0.1164
356,0.117
357,0.1153
358,0.1146
359,0.1109
360,0.1158
361,0.116
362,0.1166
363,0.1215
364,0.1218
365,0.122
366,0.1264
367,0.127
368,0.1267
369,0.1292
370,0.1255
371,0.1242
372,0.1233
373,0.1233
374,0.1204
375,0.1186
376,0.1206
377,0.116
378,0.1169
379,0.1161
380,0.1146
381,0.1116
382,0.1173
383,0.1167
384,0.1163
385,0.1221
386,0.1219
387,0.122
388,0.1266
389,0.1274
390,0.1294
391,0.1306
392,0.1276
393,0.1246
394,0.1246
395,0.1259
396,0.1224
397,0.1209
398,0.1236
399,0.1185
400,0.1192
401,0.119
402,0.1183
403,0.1157
404,0.1202
405,0.1208
406,0.1215
407,0.1263
408,0.1268
409,0.1271
410,0.1321
411,0.1333
412,0.134
413,0.1355
414,0.1334
415,0.1301
416,0.1306
417,0.1301
418,0.1271
419,0.1257
420,0.1295
421,0.1224
422,0.1223
423,0.123
424,0.1221
425,0.1192
426,0.1245
427,0.1258
428,0.1261
429,0.1312
430,0.1325
431,0.1327
432,0.1379
433,0.1396
434,0.1397
435,0.1405
436,0.1392
437,0.1356
438,0.1368
439,0.1349
440,0.1341
441,0.1297
442,0.1339
443,0.1291
444,0.1283
445,0.129
446,0.1264
447,0.1255
448,0.13
449,0.1308
450,0.1322
451,0.1359
452,0.1379
453,0.1384
454,0.1427
455,0.1454
456,0.1457
457,0.1445
458,0.1456
459,0.1418
460,0.1417
461,0.1403
462,0.1392
463,0.1358
464,0.139
465,0.1342
466,0.1339
467,0.1357
468,0.1316
469,0.1302
470,0.1364
471,0.138
472,0.1381
473,0.1434
474,0.1449
475,0.1452
476,0.1495
477,0.1521
478,0.1526
479,0.1501
480,0.1522
481,0.1467
482,0.1477
483,0.1454
484,0.1441
485,0.1406
486,0.1423
487,0.1405
488,0.1368
489,0.1395
490,0.1367
491,0.1354
492,0.1401
493,0.1426
494,0.1439
495,0.1479
496,0.1489
497,0.1495
498,0.1533
499,0.156
500,0.1557
501,0.1536
502,0.1561
503,0.1484
504,0.1487
505,0.1488
506,0.1466
507,0.1437
508,0.145
509,0.1431
510,0.1387
511,0.142
512,0.138
513,0.1382
514,0.1429
515,0.1454
516,0.1454
517,0.1492
518,0.1519
519,0.1528
520,0.1569
521,0.1597
522,0.1595
523,0.1559
524,0.159
525,0.1529
526,0.1526
527,0.1534
528,0.1502
529,0.1482
530,0.1491
531,0.1482
532,0.1436
533,0.1486
534,0.1423
535,0.1437
536,0.1477
537,0.1517
538,0.1505
539,0.1573
540,0.1602
541,0.1612
542,0.164
543,0.1678
544,0.1683
545,0.162
546,0.1664
547,0.1612
548,0.1608
549,0.1614
550,0.1585
551,0.1569
552,0.1564
553,0.1569
554,0.1511
555,0.1563
556,0.1521
557,0.1518
558,0.1587
559,0.1614
560,0.1616
561,0.1662
562,0.1699
563,0.1704
564,0.1741
565,0.1788
566,0.1782
567,0.1736
568,0.1757
569,0.1721
570,0.1689
571,0.1712
572,0.1667
573,0.1666
574,0.1659
575,0.166
576,0.158
577,0.1627
578,0.1591
579,0.1607
580,0.1664
581,0.1688
582,0.1693
583,0.1738
584,0.1779
585,0.1775
586,0.1811
587,0.1852
588,0.1836
589,0.1806
590,0.182
591,0.1776
592,0.1745
593,0.1771
594,0.1719
595,0.1728
596,0.1709
597,0.1712
598,0.1652
599,0.168
600,0.166
601,0.1668
602,0.1726
603,0.1753
604,0.1761
605,0.1809
606,0.1849
607,0.1841
608,0.1877
609,0.1921
610,0.1889
611,0.1861
612,0.1876
613,0.1847
614,0.1808
615,0.1839
616,0.1776
617,0.1765
618,0.1765
619,0.1763
620,0.1712
621,0.1735
622,0.1721
623,0.1728
624,0.1779
625,0.1813
626,0.1822
627,0.1864
628,0.1909
629,0.1923
630,0.1947
631,0.1989
632,0.196
633,0.1931
634,0.1929
635,0.1917
636,0.187
637,0.1907
638,0.1846
639,0.1835
640,0.1827
641,0.1818
642,0.1777
643,0.179
644,0.177
645,0.1793
646,0.184
647,0.1876
648,0.1882
649,0.1923
650,0.196
651,0.198
652,0.1998
653,0.2046
654,0.2006
655,0.1985
656,0.1989
657,0.1962
658,0.1891
659,0.193
660,0.1882
661,0.1865
662,0.1864
663,0.1846
664,0.1817
665,0.1804
666,0.1813
667,0.1832
668,0.1871
669,0.1914
670,0.1922
671,0.1953
672,0.1994
673,0.2001
674,0.203
675,0.2078
676,0.2019
677,0.202
678,0.1982
679,0.199
680,0.1921
681,0.1941
682,0.1911
683,0.187
684,0.189
685,0.1866
686,0.1838
687,0.1823
688,0.1845
689,0.1844
690,0.1889
691,0.193
692,0.1942
693,0.1971
694,0.2022
695,0.2034
696,0.2055
697,0.2102
698,0.2007
699,0.2036
700,0.1997
701,0.2013
702,0.1952
703,0.1971
704,0.1933
705,0.1894
706,0.1926
707,0.1883
708,0.1877
709,0.185
710,0.1876
711,0.1892
712,0.1928
713,0.1975
714,0.1988
715,0.2017
716,0.2067
717,0.2079
718,0.2105
719,0.2159
720,0.2082
721,0.2085
722,0.2064
723,0.2045
724,0.2003
725,0.2023
726,0.1998
727,0.1957
728,0.1984
729,0.1929
730,0.1933
731,0.1892
732,0.1936
733,0.1947
734,0.1981
735,0.2025
736,0.2043
737,0.2064
738,0.2132
739,0.2132
740,0.2151
741,0.22
742,0.2133
743,0.2127
744,0.2103
745,0.2084
746,0.2051
747,0.2051
748,0.2034
749,0.199
750,0.2015
751,0.196
752,0.1959
753,0.1936
754,0.1979
755,0.1991
756,0.2022
757,0.208
758,0.2093
759,0.2125
760,0.2176
761,0.219
762,0.2209
763,0.2245
764,0.2186
765,0.2162
766,0.2165
767,0.2145
768,0.2113
769,0.209
770,0.2103
771,0.2029
772,0.2065
773,0.2016
774,0.2008
775,0.1982
776,0.2029
777,0.2044
778,0.2077
779,0.2126
780,0.2142
781,0.2172
782,0.2225
783,0.2243
784,0.2258
785,0.229
786,0.2244
787,0.2198
788,0.2215
789,0.2173
790,0.2165
791,0.214
792,0.2144
793,0.2045
794,0.2093
795,0.2069
796,0.2049
797,0.2033
798,0.2084
799,0.2087
800,0.2131
801,0.2182
802,0.2201
803,0.2223
804,0.2285
805,0.2296
806,0.2319
807,0.2338
808,0.2285
809,0.2252
810,0.2262
811,0.2201
812,0.2202
813,0.2162
814,0.2188
815,0.2113
816,0.2138
817,0.2121
818,0.2074
819,0.2073
820,0.2128
821,0.2144
822,0.2168
823,0.2229
824,0.2239
825,0.2272
826,0.2336
827,0.2351
828,0.2369
829,0.2368
830,0.2351
831,0.2296
832,0.2318
833,0.2267
834,0.2257
835,0.2209
836,0.222
837,0.2172
838,0.215
839,0.2167
840,0.213
841,0.2126
842,0.2185
843,0.2198
844,0.2224
845,0.2284
846,0.2301
847,0.2324
848,0.2385
849,0.2399
850,0.2406
851,0.2404
852,0.2397
853,0.232
854,0.236
855,0.2295
856,0.2291
857,0.2242
858,0.2244
859,0.2209
860,0.2194
861,0.2213
862,0.2156
863,0.2162
864,0.2215
865,0.2229
866,0.2263
867,0.2324
868,0.2342
869,0.2362
870,0.2421
871,0.2445
872,0.2457
873,0.2423
874,0.2431
875,0.2365
876,0.2381
877,0.2324
878,0.2317
879,0.23
880,0.2299
881,0.2257
882,0.2236
883,0.2258
884,0.218
885,0.2199
886,0.2259
887,0.2282
888,0.2297
889,0.237
890,0.239
891,0.2418
892,0.2474
893,0.2493
894,0.2505
895,0.2442
896,0.2447
897,0.2383
898,0.2427
899,0.2377
900,0.2343
901,0.2338
902,0.2322
903,0.2303
904,0.226
905,0.229
906,0.2212
907,0.2233
908,0.2302
909,0.2315
910,0.233
911,0.2404
912,0.2422
913,0.2439
914,0.2495
915,0.2517
916,0.2539
917,0.2479
918,0.2492
919,0.2416
920,0.2401
921,0.2409
922,0.2363
923,0.2351
924,0.2317
925,0.2316
926,0.2262
927,0.2305
928,0.2224
929,0.2252
930,0.231
931,0.2326
932,0.2354
933,0.2427
934,0.244
935,0.2455
936,0.251
937,0.2536
938,0.2505
939,0.2499
940,0.2493
941,0.2432
942,0.2423
943,0.241
944,0.2366
945,0.2365
946,0.2335
947,0.2325
948,0.2258
949,0.2304
950,0.2236
951,0.2263
952,0.2328
953,0.2347
954,0.2367
955,0.2434
956,0.2451
957,0.2464
958,0.2527
959,0.2553
960,0.2538
961,0.2506
962,0.2468
963,0.2445
964,0.2437
965,0.243
966,0.2358
967,0.2373
968,0.2312
969,0.2337
970,0.2274
971,0.23
972,0.2258
973,0.2275
974,0.2348
975,0.2373
976,0.2396
977,0.2462
978,0.2486
979,0.2503
980,0.2564
981,0.2594
982,0.256
983,0.2551
984,0.2499
985,0.2497
986,0.2479
987,0.2483
988,0.2399
989,0.2435
990,0.2382
991,0.2391
992,0.2335
993,0.2373
994,0.2347
995,0.2365
996,0.2421
997,0.2446
998,0.248
999,0.2541
1000,0.257
1001,0.2583
1002,0.265
1003,0.2683
1004,0.2655
1005,0.2645
1006,0.2601
1007,0.2596
1008,0.2529
1009,0.2583
1010,0.2514
1011,0.252
1012,0.2486
1013,0.2465
1014,0.2429
1015,0.2415
1016,0.2423
1017,0.2458
1018,0.2525
1019,0.2553
1020,0.2573
1021,0.2635
1022,0.2672
1023,0.2699
1024,0.276
1025,0.2797
1026,0.274
1027,0.2752
1028,0.274
1029,0.2708
1030,0.266
1031,0.2673
1032,0.2601
1033,0.2593
1034,0.2595
1035,0.2576
1036,0.2541
1037,0.2528
1038,0.2529
1039,0.2551
1040,0.263
1041,0.2656
1042,0.2681
1043,0.275
1044,0.2783
1045,0.2803
1046,0.2861
1047,0.2901
1048,0.2873
1049,0.2852
1050,0.2819
1051,0.2797
1052,0.2763
1053,0.2795
1054,0.2687
1055,0.2667
1056,0.2683
1057,0.275
1058,0.2823
1059,0.2822
1060,0.2823
1061,0.2823
1062,0.2823
1063,0.2823
1064,0.2823
1065,0.2823
1066,0.2823
1067,0.2823
1068,0.2823
1069,0.2823
1070,0.2886
1071,0.2924
1072,0.2883
1073,0.2896
1074,0.2782
1075,0.2864
1076,0.2759
1077,0.2764
1078,0.2744
1079,0.2719
1080,0.2685
1081,0.2626
1082,0.2667
1083,0.2698
1084,0.2765
1085,0.2814
1086,0.2819
1087,0.2885
1088,0.2929
1089,0.2947
1090,0.3
1091,0.3054
1092,0.2964
1093,0.2959
1094,0.2928
1095,0.2938
1096,0.2858
1097,0.2887
1098,0.2821
1099,0.2818
1100,0.2803
1101,0.2798
1102,0.273
1103,0.2715
1104,0.2729
1105,0.2745
1106,0.282
1107,0.2856
1108,0.2882
1109,0.2933
1110,0.2985
1111,0.2997
1112,0.3053
1113,0.3103
1114,0.3006
1115,0.3025
1116,0.2958
1117,0.3007
1118,0.2891
1119,0.2908
1120,0.2857
1121,0.2818
1122,0.2831
1123,0.2817
1124,0.274
1125,0.2722
1126,0.2755
1127,0.2778
1128,0.2834
1129,0.288
1130,0.2897
1131,0.2958
1132,0.3012
1133,0.3024
1134,0.3071
1135,0.31
1136,0.3016
1137,0.3072
1138,0.2999
1139,0.2979
1140,0.2912
1141,0.2893
1142,0.2889
1143,0.2832
1144,0.2865
1145,0.2795
1146,0.2812
1147,0.2755
1148,0.2792
1149,0.282
1150,0.2879
1151,0.2922
1152,0.2951
1153,0.2998
1154,0.3059
1155,0.3084
1156,0.3122
1157,0.3202
1158,0.307
1159,0.304
1160,0.3031
1161,0.3012
1162,0.2968
1163,0.2968
1164,0.2946
1165,0.2842
1166,0.2964
1167,0.2824
1168,0.2834
1169,0.2801
1170,0.2837
1171,0.2867
1172,0.2924
1173,0.2968
1174,0.3003
1175,0.304
1176,0.31
1177,0.3119
1178,0.3154
1179,0.3186
1180,0.3114
1181,0.3075
1182,0.3078
1183,0.3002
1184,0.2991
1185,0.3003
1186,0.2982
1187,0.2883
1188,0.2922
1189,0.2845
1190,0.2878
1191,0.2822
1192,0.2862
1193,0.2892
1194,0.2947
1195,0.2998
1196,0.3018
1197,0.307
1198,0.313
1199,0.315
1200,0.3183
1201,0.3217
1202,0.3131
1203,0.3095
1204,0.3097
1205,0.3026
1206,0.3027
1207,0.2989
1208,0.3043
1209,0.3106
1210,0.3049
1211,0.2881
1212,0.283
1213,0.2838
1214,0.2896
1215,0.2914
1216,0.2958
1217,0.3022
1218,0.3042
1219,0.3077
1220,0.315
1221,0.3176
1222,0.321
1223,0.3205
1224,0.3157
1225,0.3057
1226,0.3112
1227,0.3044
1228,0.3047
1229,0.2986
1230,0.3026
1231,0.2914
1232,0.2934
1233,0.2892
1234,0.2857
1235,0.2859
1236,0.2907
1237,0.2932
1238,0.2979
1239,0.3039
1240,0.306
1241,0.3096
1242,0.3167
1243,0.3188
1244,0.3213
1245,0.3202
1246,0.3169
1247,0.309
1248,0.313
1249,0.3042
1250,0.3054
1251,0.2994
1252,0.2997
1253,0.2921
1254,0.2934
1255,0.2907
1256,0.2873
1257,0.2863
1258,0.2927
1259,0.2948
1260,0.2993
1261,0.306
1262,0.3085
1263,0.3118
1264,0.3188
1265,0.321
1266,0.3236
1267,0.3171
1268,0.321
1269,0.3122
1270,0.318
1271,0.3075
1272,0.3043
1273,0.3042
1274,0.3056
1275,0.2978
1276,0.2949
1277,0.2968
1278,0.2899
1279,0.2922
1280,0.2985
1281,0.3009
1282,0.3042
1283,0.3127
1284,0.3143
1285,0.3168
1286,0.3253
1287,0.3281
1288,0.331
1289,0.3272
1290,0.3272
1291,0.3172
1292,0.3237
1293,0.3137
1294,0.3129
1295,0.3097
1296,0.305
1297,0.3038
1298,0.3047
1299,0.3033
1300,0.2952
1301,0.2976
1302,0.3042
1303,0.3069
1304,0.3107
1305,0.3183
1306,0.322
1307,0.324
1308,0.3311
1309,0.3341
1310,0.3376
1311,0.3316
1312,0.3318
1313,0.3231
1314,0.3234
1315,0.3193
1316,0.3165
1317,0.3148
1318,0.3127
1319,0.3092
1320,0.3014
1321,0.3072
1322,0.2971
1323,0.3026
1324,0.3089
1325,0.3118
1326,0.3154
1327,0.3224
1328,0.3257
1329,0.3287
1330,0.3357
1331,0.3395
1332,0.3385
1333,0.3353
1334,0.3329
1335,0.3279
1336,0.3281
1337,0.3236
1338,0.3158
1339,0.3195
1340,0.3095
1341,0.3134
1342,0.3067
1343,0.3126
1344,0.3029
1345,0.3065
1346,0.3139
1347,0.3175
1348,0.3204
1349,0.3276
1350,0.3307
1351,0.3326
1352,0.3411
1353,0.344
1354,0.3434
1355,0.3393
1356,0.3382
1357,0.3313
1358,0.3326
1359,0.3292
1360,0.325
1361,0.3232
1362,0.3175
1363,0.3184
1364,0.31
1365,0.3136
1366,0.3067
1367,0.3103
1368,0.3184
1369,0.3206
1370,0.3243
1371,0.3316
1372,0.3347
1373,0.3388
1374,0.3455
1375,0.3489
1376,0.3472
1377,0.3437
1378,0.3399
1379,0.3362
1380,0.3311
1381,0.3336
1382,0.3279
1383,0.3275
1384,0.3214
1385,0.3206
1386,0.3126
1387,0.317
1388,0.311
1389,0.3146
1390,0.3226
1391,0.3258
1392,0.3293
1393,0.3361
1394,0.3398
1395,0.3423
1396,0.35
1397,0.3538
1398,0.3457
1399,0.3472
1400,0.3448
1401,0.3403
1402,0.3353
1403,0.3349
1404,0.3283
1405,0.3315
1406,0.3246
1407,0.3244
1408,0.3183
1409,0.3213
1410,0.315
1411,0.3192
1412,0.3272
1413,0.3306
1414,0.3336
1415,0.3413
1416,0.3453
1417,0.3482
1418,0.3544
1419,0.3595
1420,0.3548
1421,0.3532
1422,0.3485
1423,0.347
1424,0.3418
1425,0.3445
1426,0.3319
1427,0.3344
1428,0.3311
1429,0.329
1430,0.3241
1431,0.327
1432,0.3224
1433,0.3263
1434,0.3329
1435,0.3373
1436,0.3402
1437,0.3471
1438,0.3517
1439,0.3548
1440,0.3626
1441,0.3656
1442,0.3591
1443,0.3591
1444,0.3527
1445,0.3535
1446,0.3442
1447,0.344
1448,0.3386
1449,0.3397
1450,0.3366
1451,0.3319
1452,0.3293
1453,0.3253
1454,0.3276
1455,0.3326
1456,0.3394
1457,0.3428
1458,0.346
1459,0.3527
1460,0.357
1461,0.3595
1462,0.3661
1463,0.3711
1464,0.3581
1465,0.361
1466,0.3564
1467,0.3566
1468,0.3461
1469,0.3478
1470,0.3426
1471,0.336
1472,0.3398
1473,0.3351
1474,0.3321
1475,0.329
1476,0.3314
1477,0.3339
1478,0.3415
1479,0.3452
1480,0.3483
1481,0.3557
1482,0.3605
1483,0.3632
1484,0.3694
1485,0.3751
1486,0.3645
1487,0.3662
1488,0.3584
1489,0.3572
1490,0.3507
1491,0.3533
1492,0.3468
1493,0.3403
1494,0.3439
1495,0.3353
1496,0.3382
1497,0.3326
1498,0.3356
1499,0.3384
1500,0.3472
1501,0.3502
1502,0.3537
1503,0.3604
1504,0.3663
1505,0.3696
1506,0.3743
1507,0.378
1508,0.3683
1509,0.3692
1510,0.365
1511,0.3594
1512,0.3571
1513,0.3551
1514,0.3531
1515,0.3476
1516,0.3487
1517,0.3416
1518,0.3431
1519,0.3364
1520,0.3412
1521,0.3441
1522,0.3511
1523,0.3562
1524,0.3592
1525,0.3658
1526,0.3714
1527,0.374
1528,0.379
1529,0.3801
1530,0.3731
1531,0.3744
1532,0.3696
1533,0.3652
1534,0.3609
1535,0.3546
1536,0.3572
1537,0.3481
1538,0.3546
1539,0.3439
1540,0.3453
1541,0.3402
1542,0.345
1543,0.3481
1544,0.3549
1545,0.3597
1546,0.3632
1547,0.3685
1548,0.375
1549,0.378
1550,0.3821
1551,0.3863
1552,0.3762
1553,0.3696
1554,0.3718
1555,0.3661
1556,0.3638
1557,0.3589
1558,0.36
1559,0.3499
1560,0.3515
1561,0.346
1562,0.3468
1563,0.3421
1564,0.3473
1565,0.3504
1566,0.3579
1567,0.363
1568,0.366
1569,0.3713
1570,0.3779
1571,0.3804
1572,0.3843
1573,0.388
1574,0.3796
1575,0.3715
1576,0.376
1577,0.3656
1578,0.3665
1579,0.362
1580,0.3622
1581,0.3511
1582,0.3536
1583,0.3489
1584,0.3433
1585,0.3444
1586,0.3497
1587,0.353
1588,0.3593
1589,0.366
1590,0.3685
1591,0.3737
1592,0.3809
1593,0.3837
1594,0.3877
1595,0.387
1596,0.3822
1597,0.375
1598,0.3779
1599,0.3668
1600,0.3653
1601,0.3623
1602,0.3626
1603,0.3543
1604,0.3608
1605,0.3519
1606,0.3456
1607,0.3472
1608,0.3536
1609,0.3564
1610,0.3622
1611,0.3681
1612,0.3719
1613,0.3761
1614,0.384
1615,0.3872
1616,0.391
1617,0.3858
1618,0.3857
1619,0.3762
1620,0.381
1621,0.3701
1622,0.3686
1623,0.3646
1624,0.3614
1625,0.3569
1626,0.3588
1627,0.3551
1628,0.3494
1629,0.3495
1630,0.3559
1631,0.3591
1632,0.364
1633,0.3715
1634,0.3749
1635,0.3785
1636,0.386
1637,0.3891
1638,0.3926
1639,0.3867
1640,0.3878
1641,0.3762
1642,0.3803
1643,0.3713
1644,0.3703
1645,0.3664
1646,0.3613
1647,0.3592
1648,0.3564
1649,0.3574
1650,0.3491
1651,0.3523
1652,0.3585
1653,0.3627
1654,0.3667
1655,0.3743
1656,0.3778
1657,0.3819
1658,0.389
1659,0.3928
1660,0.3959
1661,0.3884
1662,0.3893
1663,0.3791
1664,0.3798
1665,0.3752
1666,0.3741
1667,0.3698
1668,0.3675
1669,0.3627
1670,0.3549
1671,0.361
1672,0.3531
1673,0.3546
1674,0.3624
1675,0.3657
1676,0.3699
1677,0.3787
1678,0.3806
1679,0.3847
1680,0.3927
1681,0.3961
1682,0.3996
1683,0.3907
1684,0.3938
1685,0.3814
1686,0.3852
1687,0.3779
1688,0.3699
1689,0.3717
1690,0.3699
1691,0.3659
1692,0.359
1693,0.3606
1694,0.3531
1695,0.357
1696,0.3648
1697,0.3682
1698,0.3715
1699,0.3795
1700,0.3832
1701,0.3868
1702,0.3953
1703,0.3984
1704,0.3991
1705,0.393
1706,0.396
1707,0.4033
1708,0.3926
1709,0.3809
1710,0.3746
1711,0.374
1712,0.3653
1713,0.3698
1714,0.3633
1715,0.3666
1716,0.355
1717,0.36
1718,0.3683
1719,0.3718
1720,0.3749
1721,0.3834
1722,0.3878
1723,0.3917
1724,0.3986
1725,0.4031
1726,0.4049
1727,0.3965
1728,0.3944
1729,0.388
1730,0.3842
1731,0.3843
1732,0.3782
1733,0.3774
1734,0.3719
1735,0.3707
1736,0.362
1737,0.3663
1738,0.3589
1739,0.3633
1740,0.3708
1741,0.376
1742,0.3785
1743,0.3863
1744,0.391
1745,0.3939
1746,0.4015
1747,0.4052
1748,0.4038
1749,0.399
1750,0.3982
1751,0.3907
1752,0.3841
1753,0.3861
1754,0.3749
1755,0.3779
1756,0.3734
1757,0.3725
1758,0.3643
1759,0.3655
1760,0.3609
1761,0.3648
1762,0.3728
1763,0.3769
1764,0.3806
1765,0.3885
1766,0.3928
1767,0.3959
1768,0.4037
1769,0.4074
1770,0.4021
1771,0.4004
1772,0.3962
1773,0.3924
1774,0.3884
1775,0.3887
1776,0.3784
1777,0.3779
1778,0.3731
1779,0.3716
1780,0.3653
1781,0.3661
1782,0.3629
1783,0.3663
1784,0.374
1785,0.3785
1786,0.382
1787,0.3892
1788,0.3944
1789,0.3984
1790,0.4041
1791,0.4099
1792,0.4046
1793,0.4019
1794,0.3936
1795,0.3954
1796,0.3879
1797,0.3901
1798,0.3805
1799,0.3782
1800,0.3755
1801,0.3713
1802,0.3686
1803,0.3694
1804,0.3655
1805,0.3701
1806,0.3783
1807,0.3824
1808,0.3871
1809,0.3941
1810,0.3996
1811,0.4027
1812,0.4093
1813,0.4155
1814,0.4107
1815,0.4078
1816,0.402
1817,0.4007
1818,0.3915
1819,0.395
1820,0.3862
1821,0.3865
1822,0.3823
1823,0.3772
1824,0.3752
1825,0.3681
1826,0.3726
1827,0.3767
1828,0.3851
1829,0.3897
1830,0.3932
1831,0.4015
1832,0.4067
1833,0.4098
1834,0.416
1835,0.4226
1836,0.4099
1837,0.4139
1838,0.4072
1839,0.4062
1840,0.3961
1841,0.3989
1842,0.3914
1843,0.4024
1844,0.4144
1845,0.3919
1846,0.3809
1847,0.3763
1848,0.378
1849,0.3821
1850,0.3893
1851,0.3952
1852,0.3985
1853,0.4045
1854,0.4118
1855,0.4146
1856,0.4198
1857,0.4274
1858,0.4163
1859,0.4166
1860,0.4075
1861,0.4082
1862,0.4
1863,0.401
1864,0.3954
1865,0.3914
1866,0.391
1867,0.3836
1868,0.3838
1869,0.3793
1870,0.3813
1871,0.3854
1872,0.392
1873,0.3987
1874,0.402
1875,0.4077
1876,0.4147
1877,0.4183
1878,0.4229
1879,0.4339
1880,0.4186
1881,0.4188
1882,0.4123
1883,0.4076
1884,0.4037
1885,0.4048
1886,0.3992
1887,0.3912
1888,0.3951
1889,0.3826
1890,0.3835
1891,0.3794
1892,0.3856
1893,0.3895
1894,0.3954
1895,0.4031
1896,0.406
1897,0.4122
1898,0.4194
1899,0.423
1900,0.4277
1901,0.431
1902,0.4223
1903,0.4235
1904,0.4176
1905,0.4131
1906,0.4091
1907,0.4028
1908,0.4051
1909,0.3943
1910,0.4014
1911,0.3908
1912,0.3888
1913,0.3835
1914,0.3913
1915,0.3947
1916,0.4019
1917,0.408
1918,0.4123
1919,0.4174
1920,0.4259
1921,0.4294
1922,0.4337
1923,0.4393
1924,0.4283
1925,0.4251
1926,0.4231
1927,0.4204
1928,0.4151
1929,0.4092
1930,0.4113
1931,0.3975
1932,0.4049
1933,0.3965
1934,0.396
1935,0.3908
1936,0.3988
1937,0.4031
1938,0.4093
1939,0.4165
1940,0.4209
1941,0.4267
1942,0.4344
1943,0.4382
1944,0.4426
1945,0.4462
1946,0.4369
1947,0.4285
1948,0.4317
1949,0.4249
1950,0.4233
1951,0.4189
1952,0.4189
1953,0.4065
1954,0.4063
1955,0.4043
1956,0.4006
1957,0.398
1958,0.4055
1959,0.4096
1960,0.4149
1961,0.4233
1962,0.4264
1963,0.4314
1964,0.4403
1965,0.4446
1966,0.4482
1967,0.4479
1968,0.4439
1969,0.4381
1970,0.4369
1971,0.4268
1972,0.4226
1973,0.421
1974,0.4216
1975,0.4111
1976,0.4123
1977,0.4085
1978,0.4011
1979,0.4016
1980,0.4093
1981,0.4137
1982,0.4189
1983,0.4275
1984,0.4314
1985,0.4358
1986,0.4447
1987,0.4482
1988,0.4521
1989,0.4456
1990,0.4471
1991,0.4357
1992,0.4402
1993,0.4295
1994,0.43
1995,0.4217
1996,0.421
1997,0.4149
1998,0.4148
1999,0.4121
2000,0.4057
2001,0.404
2002,0.413
2003,0.4171
2004,0.4214
2005,0.4296
2006,0.4344
2007,0.4386
2008,0.4465
2009,0.451
2010,0.4554
2011,0.4527
2012,0.4507
2013,0.4343
2014,0.4398
2015,0.4309
2016,0.4324
2017,0.4229
2018,0.4252
2019,0.4166
2020,0.4086
2021,0.414
2022,0.4048
2023,0.4056
2024,0.4145
2025,0.4189
2026,0.4234
2027,0.4316
2028,0.4357
2029,0.4403
2030,0.4484
2031,0.4535
2032,0.4563
2033,0.4517
2034,0.4513
2035,0.4387
2036,0.4377
2037,0.4331
2038,0.4266
2039,0.4245
2040,0.4251
2041,0.4181
2042,0.4106
2043,0.4148
2044,0.4019
2045,0.4073
2046,0.4156
2047,0.4208
2048,0.4248
2049,0.4332
2050,0.4378
2051,0.4417
2052,0.4492
2053,0.4546
2054,0.4578
2055,0.4458
2056,0.4508
2057,0.4381
2058,0.4392
2059,0.4337
2060,0.4304
2061,0.4254
2062,0.4232
2063,0.42
2064,0.4132
2065,0.4138
2066,0.4074
2067,0.4085
2068,0.417
2069,0.4218
2070,0.4256
2071,0.4344
2072,0.4391
2073,0.4433
2074,0.4504
2075,0.4557
2076,0.4604
2077,0.4483
2078,0.4492
2079,0.4392
2080,0.439
2081,0.4347
2082,0.4329
2083,0.4261
2084,0.4209
2085,0.4215
2086,0.4072
2087,0.4158
2088,0.4048
2089,0.4094
2090,0.4187
2091,0.4235
2092,0.4268
2093,0.4337
2094,0.4397
2095,0.4437
2096,0.4508
2097,0.4562
2098,0.4569
2099,0.4472
2100,0.4518
2101,0.4406
2102,0.4352
2103,0.4359
2104,0.4277
2105,0.4262
2106,0.4226
2107,0.4235
2108,0.4105
2109,0.4112
2110,0.406
2111,0.4103
2112,0.4191
2113,0.4237
2114,0.4292
2115,0.4356
2116,0.4408
2117,0.4448
2118,0.4512
2119,0.4581
2120,0.4536
2121,0.449
2122,0.4477
2123,0.4411
2124,0.4344
2125,0.4365
2126,0.4255
2127,0.4276
2128,0.42
2129,0.4212
2130,0.4107
2131,0.4135
2132,0.4083
2133,0.4131
2134,0.4209
2135,0.427
2136,0.4316
2137,0.4385
2138,0.4454
2139,0.4497
2140,0.4565
2141,0.4639
2142,0.4626
2143,0.454
2144,0.4489
2145,0.4491
2146,0.4405
2147,0.4444
2148,0.4351
2149,0.4345
2150,0.4278
2151,0.4252
2152,0.4204
2153,0.4217
2154,0.4179
2155,0.4225
2156,0.431
2157,0.4388
2158,0.4433
2159,0.4501
2160,0.4582
2161,0.4619
2162,0.468
2163,0.4772
2164,0.4768
2165,0.4673
2166,0.4671
2167,0.4626
2168,0.4482
2169,0.4572
2170,0.447
2171,0.4494
2172,0.4418
2173,0.4428
2174,0.4352
2175,0.4308
2176,0.4328
2177,0.438
2178,0.446
2179,0.4544
2180,0.4586
2181,0.4646
2182,0.4736
2183,0.478
2184,0.4845
2185,0.4942
2186,0.4822
2187,0.4826
2188,0.4751
2189,0.4781
2190,0.4665
2191,0.4706
2192,0.4599
2193,0.4591
2194,0.4546
2195,0.4539
2196,0.4473
2197,0.441
2198,0.445
2199,0.4489
2200,0.4578
2201,0.4651
2202,0.469
2203,0.4757
2204,0.4838
2205,0.4888
2206,0.494
2207,0.5029
2208,0.4898
2209,0.4925
2210,0.4804
2211,0.4858
2212,0.4719
2213,0.4757
2214,0.4691
2215,0.4631
2216,0.4618
2217,0.4563
2218,0.4549
2219,0.4544
2220,0.4517
2221,0.4565
2222,0.4631
2223,0.4719
2224,0.4761
2225,0.4824
2226,0.4909
2227,0.4957
2228,0.5011
2229,0.5092
2230,0.5039
2231,0.502
2232,0.489
2233,0.485
2234,0.4771
2235,0.479
2236,0.4736
2237,0.47
2238,0.4666
2239,0.458
2240,0.4598
2241,0.4509
2242,0.4575
2243,0.4618
2244,0.4678
2245,0.4767
2246,0.4817
2247,0.487
2248,0.4951
2249,0.5004
2250,0.505
2251,0.5137
2252,0.4992
2253,0.5011
2254,0.4916
2255,0.4865
2256,0.4814
2257,0.4794
2258,0.4774
2259,0.4697
2260,0.4702
2261,0.4664
2262,0.4649
2263,0.4529
2264,0.4607
2265,0.4652
2266,0.4712
2267,0.4801
2268,0.4846
2269,0.4898
2270,0.4986
2271,0.5049
2272,0.5087
2273,0.5133
2274,0.5021
2275,0.4977
2276,0.4956
2277,0.49
2278,0.4861
2279,0.4796
2280,0.4825
2281,0.4696
2282,0.4746
2283,0.4651
2284,0.4668
2285,0.4565
2286,0.4653
2287,0.4714
2288,0.477
2289,0.4864
2290,0.4919
2291,0.4972
2292,0.5063
2293,0.5123
2294,0.5167
2295,0.5221
2296,0.5113
2297,0.504
2298,0.504
2299,0.4959
2300,0.4951
2301,0.488
2302,0.4912
2303,0.4721
2304,0.481
2305,0.4738
2306,0.4702
2307,0.4663
2308,0.4759
2309,0.4814
2310,0.4874
2311,0.4965
2312,0.5026
2313,0.5072
2314,0.5169
2315,0.5227
2316,0.527
2317,0.5261
2318,0.5222
2319,0.5185
2320,0.5133
2321,0.5015
2322,0.5059
2323,0.4913
2324,0.4969
2325,0.4893
2326,0.4933
2327,0.484
2328,0.48
2329,0.4765
2330,0.486
2331,0.491
2332,0.4974
2333,0.507
2334,0.5132
2335,0.518
2336,0.5268
2337,0.5336
2338,0.5382
2339,0.5314
2340,0.5326
2341,0.5228
2342,0.5233
2343,0.5151
2344,0.5168
2345,0.5008
2346,0.5062
2347,0.4972
2348,0.5027
2349,0.5047
2350,0.495
2351,0.4849
2352,0.4951
2353,0.5018
2354,0.5067
2355,0.5159
2356,0.5234
2357,0.5285
2358,0.5362
2359,0.5447
2360,0.5497
2361,0.539
2362,0.5432
2363,0.5281
2364,0.5337
2365,0.5239
2366,0.5247
2367,0.5131
2368,0.5103
2369,0.5075
2370,0.5006
2371,0.5028
2372,0.4978
2373,0.4955
2374,0.5055
2375,0.5113
2376,0.5171
2377,0.5268
2378,0.5342
2379,0.5395
2380,0.5472
2381,0.556
2382,0.5603
2383,0.5506
2384,0.5541
2385,0.5337
2386,0.535
2387,0.5338
2388,0.5297
2389,0.5213
2390,0.5223
2391,0.5174
2392,0.5333
2393,0.5541
2394,0.5127
2395,0.5039
2396,0.5135
2397,0.521
2398,0.5264
2399,0.5347
2400,0.5426
2401,0.5484
2402,0.555
2403,0.5644
2404,0.5695
2405,0.5525
2406,0.5647
2407,0.5462
2408,0.5415
2409,0.54
2410,0.5372
2411,0.5297
2412,0.5295
2413,0.5249
2414,0.5183
2415,0.5197
2416,0.5035
2417,0.5122
2418,0.5209
2419,0.529
2420,0.5341
2421,0.5423
2422,0.551
2423,0.5559
2424,0.5628
2425,0.5726
2426,0.5773
2427,0.5581
2428,0.5624
2429,0.5536
2430,0.5533
2431,0.5472
2432,0.5368
2433,0.5364
2434,0.5303
2435,0.5318
2436,0.5207
2437,0.5255
2438,0.5114
2439,0.5175
2440,0.5267
2441,0.5351
2442,0.54
2443,0.5477
2444,0.5562
2445,0.5621
2446,0.5684
2447,0.5783
2448,0.5793
2449,0.5675
2450,0.566
2451,0.5601
2452,0.5505
2453,0.5506
2454,0.5509
2455,0.542
2456,0.5341
2457,0.5373
2458,0.5226
2459,0.5268
2460,0.5189
2461,0.5225
2462,0.5301
2463,0.5402
2464,0.5445
2465,0.5518
2466,0.561
2467,0.5668
2468,0.573
2469,0.5816
2470,0.5867
2471,0.5702
2472,0.5659
2473,0.563
2474,0.552
2475,0.557
2476,0.5493
2477,0.5462
2478,0.5352
2479,0.5317
2480,0.5278
2481,0.526
2482,0.5214
2483,0.5276
2484,0.5354
2485,0.5452
2486,0.55
2487,0.5565
2488,0.5662
2489,0.5718
2490,0.5768
2491,0.587
2492,0.5816
2493,0.5755
2494,0.5738
2495,0.5678
2496,0.5535
2497,0.5599
2498,0.5468
2499,0.5511
2500,0.54
2501,0.5439
2502,0.53
2503,0.5295
2504,0.5263
2505,0.5316
2506,0.5387
2507,0.5485
2508,0.5545
2509,0.5604
2510,0.5698
2511,0.576
2512,0.582
2513,0.5916
2514,0.5829
2515,0.5797
2516,0.5733
2517,0.5735
2518,0.5599
2519,0.5649
2520,0.5461
2521,0.5479
2522,0.5425
2523,0.5406
2524,0.5346
2525,0.5322
2526,0.5319
2527,0.5369
2528,0.5437
2529,0.5547
2530,0.5599
2531,0.5664
2532,0.5764
2533,0.5826
2534,0.5876
2535,0.5979
2536,0.5947
2537,0.5858
2538,0.5736
2539,0.58
2540,0.5604
2541,0.5665
2542,0.5596
2543,0.5591
2544,0.5485
2545,0.5434
2546,0.5415
2547,0.5328
2548,0.538
2549,0.5435
2550,0.5499
2551,0.5602
2552,0.5669
2553,0.5721
2554,0.5833
2555,0.5893
2556,0.594
2557,0.6037
2558,0.5991
2559,0.5924
2560,0.5842
2561,0.5862
2562,0.5623
2563,0.57
2564,0.5624
2565,0.5627
2566,0.5535
2567,0.5561
2568,0.5475
2569,0.534
2570,0.5425
2571,0.5487
2572,0.5556
2573,0.5651
2574,0.5723
2575,0.5772
2576,0.587
2577,0.5947
2578,0.5994
2579,0.6083
2580,0.5958
2581,0.597
2582,0.5852
2583,0.5864
2584,0.5729
2585,0.5681
2586,0.5673
2587,0.5585
2588,0.5566
2589,0.552
2590,0.5493
2591,0.5338
2592,0.546
2593,0.5522
2594,0.5587
2595,0.5688
2596,0.5756
2597,0.5809
2598,0.5902
2599,0.5985
2600,0.6021
2601,0.6105
2602,0.5933
2603,0.5931
2604,0.5868
2605,0.5858
2606,0.5761
2607,0.5762
2608,0.5697
2609,0.5592
2610,0.5595
2611,0.551
2612,0.5532
2613,0.5396
2614,0.5489
2615,0.5559
2616,0.561
2617,0.5706
2618,0.5783
2619,0.5835
2620,0.5927
2621,0.6013
2622,0.6056
2623,0.6136
2624,0.6039
2625,0.5946
2626,0.5875
2627,0.5904
2628,0.5795
2629,0.5763
2630,0.5725
2631,0.5602
2632,0.5624
2633,0.5522
2634,0.5567
2635,0.5401
2636,0.5517
2637,0.5587
2638,0.5643
2639,0.5735
2640,0.581
2641,0.5868
2642,0.5954
2643,0.604
2644,0.6083
2645,0.6064
2646,0.6014
2647,0.5995
2648,0.5907
2649,0.5835
2650,0.5822
2651,0.5694
2652,0.5755
2653,0.563
2654,0.5645
2655,0.5479
2656,0.5576
2657,0.5957
2658,0.5957
2659,0.5957
2660,0.5957
2661,0.5957
2662,0.5957
2663,0.5957
2664,0.5957
2665,0.5957
2666,0.5957
2667,0.5914
2668,0.6035
2669,0.6021
2670,0.5917
2671,0.5905
2672,0.5841
2673,0.5692
2674,0.5771
2675,0.5628
2676,0.5655
2677,0.5563
2678,0.5505
2679,0.5456
2680,0.5554
2681,0.5635
2682,0.5687
2683,0.5776
2684,0.5862
2685,0.5914
2686,0.5988
2687,0.6082
2688,0.6132
2689,0.6063
2690,0.6062
2691,0.6011
2692,0.5937
2693,0.5883
2694,0.5868
2695,0.5676
2696,0.5804
2697,0.5602
2698,0.5614
2699,0.5574
2700,0.5597
2701,0.5495
2702,0.559
2703,0.5679
2704,0.5734
2705,0.5814
2706,0.5916
2707,0.5972
2708,0.6039
2709,0.6147
2710,0.6199
2711,0.6171
2712,0.612
2713,0.598
2714,0.601
2715,0.5894
2716,0.5941
2717,0.5821
2718,0.5867
2719,0.5724
2720,0.5719
2721,0.5659
2722,0.5587
2723,0.5594
2724,0.5671
2725,0.5765
2726,0.5845
2727,0.5905
2728,0.6016
2729,0.6071
2730,0.6141
2731,0.6247
2732,0.6306
2733,0.626
2734,0.6231
2735,0.608
2736,0.6107
2737,0.5971
2738,0.5999
2739,0.59
2740,0.5911
2741,0.5835
2742,0.5735
2743,0.5763
2744,0.5673
2745,0.5696
2746,0.5781
2747,0.5886
2748,0.5943
2749,0.6022
2750,0.6132
2751,0.6191
2752,0.6264
2753,0.6367
2754,0.643
2755,0.6299
2756,0.6346
2757,0.6273
2758,0.6229
2759,0.6022
2760,0.6075
2761,0.5997
2762,0.5959
2763,0.595
2764,0.5881
2765,0.5864
2766,0.5742
2767,0.5803
2768,0.5882
2769,0.5992
2770,0.6058
2771,0.612
2772,0.6244
2773,0.6307
2774,0.6373
2775,0.648
2776,0.655
2777,0.6342
2778,0.6464
2779,0.6321
2780,0.63
2781,0.6204
2782,0.6158
2783,0.6104
2784,0.6036
2785,0.6062
2786,0.6002
2787,0.5969
2788,0.5821
2789,0.591
2790,0.5985
2791,0.6096
2792,0.6164
2793,0.6236
2794,0.6349
2795,0.6411
2796,0.6481
2797,0.6584
2798,0.6648
2799,0.6427
2800,0.6455
2801,0.64
2802,0.6381
2803,0.6287
2804,0.6295
2805,0.6191
2806,0.6091
2807,0.6141
2808,0.5972
2809,0.6046
2810,0.5924
2811,0.5986
2812,0.6057
2813,0.6168
2814,0.6233
2815,0.6308
2816,0.6415
2817,0.6488
2818,0.655
2819,0.6653
2820,0.673
2821,0.6527
2822,0.6514
2823,0.6455
2824,0.6357
2825,0.6354
2826,0.6343
2827,0.6263
2828,0.6217
2829,0.6196
2830,0.6027
2831,0.604
2832,0.6007
2833,0.6051
2834,0.6129
2835,0.6238
2836,0.6308
2837,0.6374
2838,0.6491
2839,0.6565
2840,0.6628
2841,0.6732
2842,0.67
2843,0.6609
2844,0.6633
2845,0.653
2846,0.6415
2847,0.6428
2848,0.6335
2849,0.6344
2850,0.623
2851,0.6296
2852,0.6048
2853,0.6084
2854,0.606
2855,0.6131
2856,0.6202
2857,0.6314
2858,0.6397
2859,0.6458
2860,0.6567
2861,0.6639
2862,0.6725
2863,0.6801
2864,0.6777
2865,0.6682
2866,0.6643
2867,0.6609
2868,0.653
2869,0.6491
2870,0.6354
2871,0.6413
2872,0.6182
2873,0.6343
2874,0.6177
2875,0.6145
2876,0.6114
2877,0.619
2878,0.6262
2879,0.6373
2880,0.6445
2881,0.6514
2882,0.6617
2883,0.6698
2884,0.6757
2885,0.6853
2886,0.6832
2887,0.6742
2888,0.6629
2889,0.6661
2890,0.6542
2891,0.6553
2892,0.6419
2893,0.6386
2894,0.6313
2895,0.6294
2896,0.6231
2897,0.6216
2898,0.6175
2899,0.626
2900,0.6325
2901,0.6446
2902,0.6532
2903,0.6599
2904,0.6698
2905,0.6801
2906,0.6867
2907,0.6957
2908,0.6825
2909,0.6844
2910,0.6737
2911,0.6776
2912,0.6575
2913,0.666
2914,0.6429
2915,0.6602
2916,0.6403
2917,0.6369
2918,0.6327
2919,0.6278
2920,0.6293
2921,0.6383
2922,0.6452
2923,0.6561
2924,0.6661
2925,0.673
2926,0.6827
2927,0.693
2928,0.6998
2929,0.7084
2930,0.6956
2931,0.698
2932,0.6826
2933,0.6904
2934,0.6667
2935,0.6706
2936,0.665
2937,0.6623
2938,0.6544
2939,0.6539
2940,0.6491
2941,0.6356
2942,0.6439
2943,0.6533
2944,0.6607
2945,0.6721
2946,0.682
2947,0.6889
2948,0.6986
2949,0.7095
2950,0.7162
2951,0.7247
2952,0.7108
2953,0.7159
2954,0.7003
2955,0.699
2956,0.6903
2957,0.6822
2958,0.6809
2959,0.6729
2960,0.6698
2961,0.6661
2962,0.6645
2963,0.6533
2964,0.6582
2965,0.6677
2966,0.6748
2967,0.6851
2968,0.696
2969,0.7031
2970,0.7128
2971,0.7223
2972,0.7299
2973,0.7385
2974,0.7219
2975,0.7287
2976,0.7089
2977,0.7084
2978,0.7008
2979,0.6958
2980,0.6927
2981,0.6804
2982,0.682
2983,0.6695
2984,0.6766
2985,0.6675
2986,0.67
2987,0.6806
2988,0.6876
2989,0.6976
2990,0.7084
2991,0.7161
2992,0.7251
2993,0.7369
2994,0.744
2995,0.7521
2996,0.733
2997,0.745
2998,0.7222
2999,0.7189
3000,0.7124
3001,0.71
3002,0.705
3003,0.6962
3004,0.6939
3005,0.6778
3006,0.6886
3007,0.6631
3008,0.6799
3009,0.6912
3010,0.6981
3011,0.7087
3012,0.719
3013,0.7264
3014,0.7351
3015,0.7472
3016,0.7539
3017,0.7498
3018,0.7468
3019,0.7399
3020,0.7302
3021,0.7262
3022,0.7221
3023,0.7126
3024,0.7133
3025,0.6959
3026,0.7023
3027,0.6854
3028,0.6867
3029,0.6783
3030,0.6874
3031,0.6986
3032,0.7063
3033,0.7146
3034,0.7264
3035,0.734
3036,0.7418
3037,0.7534
3038,0.761
3039,0.7572
3040,0.7506
3041,0.7405
3042,0.7365
3043,0.7303
3044,0.7281
3045,0.7091
3046,0.7181
3047,0.6977
3048,0.6995
3049,0.6946
3050,0.6979
3051,0.6828
3052,0.6917
3053,0.7031
3054,0.7106
3055,0.7197
3056,0.7308
3057,0.7387
3058,0.7464
3059,0.7575
3060,0.7648
3061,0.7689
3062,0.7546
3063,0.7477
3064,0.7404
3065,0.731
3066,0.7317
3067,0.7219
3068,0.7224
3069,0.6987
3070,0.705
3071,0.6936
3072,0.6933
3073,0.6859
3074,0.6949
3075,0.7068
3076,0.7138
3077,0.7222
3078,0.7349
3079,0.7415
3080,0.7489
3081,0.7601
3082,0.7672
3083,0.7594
3084,0.7569
3085,0.7424
3086,0.7423
3087,0.7308
3088,0.7341
3089,0.713
3090,0.7219
3091,0.7072
3092,0.7001
3093,0.6955
3094,0.6898
3095,0.6883
3096,0.6968
3097,0.7088
3098,0.7172
3099,0.7237
3100,0.7357
3101,0.7432
3102,0.7509
3103,0.7625
3104,0.77
3105,0.7577
3106,0.7587
3107,0.743
3108,0.7445
3109,0.7249
3110,0.725
3111,0.7192
3112,0.7161
3113,0.7071
3114,0.7049
3115,0.6967
3116,0.6884
3117,0.6894
3118,0.6979
3119,0.7104
3120,0.7183
3121,0.7262
3122,0.7383
3123,0.7449
3124,0.7535
3125,0.7647
3126,0.7726
3127,0.7565
3128,0.7604
3129,0.7404
3130,0.7476
3131,0.725
3132,0.7295
3133,0.7184
3134,0.7126
3135,0.7112
3136,0.7023
3137,0.7007
3138,0.69
3139,0.6936
3140,0.701
3141,0.7153
3142,0.7222
3143,0.7298
3144,0.7412
3145,0.7494
3146,0.757
3147,0.7678
3148,0.7754
3149,0.7553
3150,0.7637
3151,0.7393
3152,0.7403
3153,0.7331
3154,0.7328
3155,0.722
3156,0.7133
3157,0.7169
3158,0.7012
3159,0.703
3160,0.6904
3161,0.697
3162,0.7046
3163,0.7168
3164,0.7251
3165,0.7326
3166,0.7437
3167,0.7523
3168,0.7593
3169,0.7702
3170,0.7793
3171,0.756
3172,0.757
3173,0.751
3174,0.7452
3175,0.7351
3176,0.7318
3177,0.7248
3178,0.7191
3179,0.7179
3180,0.6979
3181,0.7066
3182,0.6891
3183,0.6992
3184,0.7071
3185,0.719
3186,0.7276
3187,0.7346
3188,0.746
3189,0.7547
3190,0.762
3191,0.7719
3192,0.7816
3193,0.7523
3194,0.7602
3195,0.7495
3196,0.7411
3197,0.7366
3198,0.7327
3199,0.7265
3200,0.7121
3201,0.719
3202,0.6991
3203,0.7072
3204,0.6853
3205,0.7008
3206,0.7083
3207,0.7202
3208,0.7293
3209,0.7364
3210,0.7476
3211,0.7566
3212,0.7633
3213,0.7735
3214,0.7773
3215,0.7615
3216,0.7582
3217,0.7511
3218,0.7417
3219,0.7373
3220,0.7258
3221,0.7287
3222,0.7097
3223,0.7203
3224,0.7017
3225,0.7008
3226,0.6945
3227,0.7018
3228,0.7103
3229,0.7221
3230,0.7308
3231,0.7382
3232,0.7488
3233,0.7586
3234,0.7656
3235,0.7747
3236,0.7745
3237,0.7619
3238,0.753
3239,0.7525
3240,0.7372
3241,0.7393
3242,0.7245
3243,0.7307
3244,0.7063
3245,0.716
3246,0.7036
3247,0.7005
3248,0.6952
3249,0.7057
3250,0.7121
3251,0.7234
3252,0.7337
3253,0.74
3254,0.7505
3255,0.7609
3256,0.7666
3257,0.7758
3258,0.7746
3259,0.7633
3260,0.7518
3261,0.7551
3262,0.7357
3263,0.7405
3264,0.7249
3265,0.7322
3266,0.7064
3267,0.7132
3268,0.7039
3269,0.6955
3270,0.6958
3271,0.7046
3272,0.7135
3273,0.7227
3274,0.7342
3275,0.7414
3276,0.7515
3277,0.761
3278,0.7679
3279,0.7779
3280,0.7692
3281,0.7649
3282,0.7523
3283,0.7554
3284,0.7328
3285,0.7418
3286,0.719
3287,0.7253
3288,0.7128
3289,0.7125
3290,0.7055
3291,0.6944
3292,0.6981
3293,0.7072
3294,0.7144
3295,0.7262
3296,0.7352
3297,0.7421
3298,0.7518
3299,0.7627
3300,0.7698
3301,0.7781
3302,0.7649
3303,0.7666
3304,0.7488
3305,0.7567
3306,0.7374
3307,0.7326
3308,0.7278
3309,0.7286
3310,0.7144
3311,0.7084
3312,0.7073
3313,0.6995
3314,0.6984
3315,0.7078
3316,0.7151
3317,0.7266
3318,0.7354
3319,0.744
3320,0.753
3321,0.7648
3322,0.7704
3323,0.7788
3324,0.7634
3325,0.7676
3326,0.7461
3327,0.7575
3328,0.7278
3329,0.731
3330,0.7272
3331,0.7193
3332,0.7157
3333,0.7051
3334,0.7082
3335,0.6931
3336,0.6994
3337,0.7094
3338,0.7173
3339,0.728
3340,0.738
3341,0.7452
3342,0.7536
3343,0.7652
3344,0.7719
3345,0.7804
3346,0.7641
3347,0.7681
3348,0.7424
3349,0.7492
3350,0.7385
3351,0.727
3352,0.728
3353,0.7204
3354,0.716
3355,0.7032
3356,0.7095
3357,0.6924
3358,0.7001
3359,0.7108
3360,0.7186
3361,0.7269
3362,0.7382
3363,0.7463
3364,0.7539
3365,0.7663
3366,0.7732
3367,0.7804
3368,0.7612
3369,0.7611
3370,0.7498
3371,0.7479
3372,0.7388
3373,0.7269
3374,0.7292
3375,0.7177
3376,0.7164
3377,0.7044
3378,0.7105
3379,0.6873
3380,0.7003
3381,0.7123
3382,0.7197
3383,0.7283
3384,0.74
3385,0.7469
3386,0.756
3387,0.7671
3388,0.7739
3389,0.7808
3390,0.7564
3391,0.7587
3392,0.7479
3393,0.7426
3394,0.7394
3395,0.7276
3396,0.7296
3397,0.7117
3398,0.7168
3399,0.6999
3400,0.7051
3401,0.6945
3402,0.7027
3403,0.7134
3404,0.7207
3405,0.7294
3406,0.7416
3407,0.7483
3408,0.7568
3409,0.7665
3410,0.7749
3411,0.7747
3412,0.7642
3413,0.7582
3414,0.7496
3415,0.7429
3416,0.7409
3417,0.7264
3418,0.7306
3419,0.7112
3420,0.72
3421,0.7001
3422,0.7054
3423,0.6927
3424,0.7027
3425,0.7146
3426,0.722
3427,0.7303
3428,0.7425
3429,0.7488
3430,0.7571
3431,0.769
3432,0.777
3433,0.7783
3434,0.8001
3435,0.7803
3436,0.7508
3437,0.7388
3438,0.7421
3439,0.7192
3440,0.7324
3441,0.7127
3442,0.7231
3443,0.7039
3444,0.701
3445,0.6935
3446,0.7037
3447,0.7159
3448,0.7236
3449,0.7314
3450,0.7441
3451,0.7504
3452,0.7586
3453,0.77
3454,0.7776
3455,0.7667
3456,0.7662
3457,0.7507
3458,0.7523
3459,0.7429
3460,0.7446
3461,0.7194
3462,0.7264
3463,0.7181
3464,0.7134
3465,0.7041
3466,0.7005
3467,0.6956
3468,0.7049
3469,0.7169
3470,0.7251
3471,0.7323
3472,0.7443
3473,0.7516
3474,0.7594
3475,0.7705
3476,0.7793
3477,0.7663
3478,0.7669
3479,0.7495
3480,0.7529
3481,0.7368
3482,0.7446
3483,0.7164
3484,0.7231
3485,0.7156
3486,0.7154
3487,0.7047
3488,0.7015
3489,0.6971
3490,0.7058
3491,0.7184
3492,0.7257
3493,0.7334
3494,0.7452
3495,0.7531
3496,0.7606
3497,0.7725
3498,0.78
3499,0.7639
3500,0.7676
3501,0.7467
3502,0.7546
3503,0.77
3504,0.7704
3505,0.7252
3506,0.7202
3507,0.7174
3508,0.711
3509,0.7067
3510,0.6973
3511,0.6987
3512,0.7071
3513,0.7204
3514,0.728
3515,0.7358
3516,0.7477
3517,0.7558
3518,0.7633
3519,0.7745
3520,0.7822
3521,0.7614
3522,0.7702
3523,0.7572
3524,0.7471
3525,0.7427
3526,0.7371
3527,0.7289
3528,0.7251
3529,0.7226
3530,0.7083
3531,0.7118
3532,0.7025
3533,0.7059
3534,0.7143
3535,0.7263
3536,0.7354
3537,0.7421
3538,0.755
3539,0.764
3540,0.7716
3541,0.7828
3542,0.7918
3543,0.7712
3544,0.7802
3545,0.7584
3546,0.7657
3547,0.7491
3548,0.7457
3549,0.7383
3550,0.7256
3551,0.7325
3552,0.7212
3553,0.722
3554,0.705
3555,0.7158
3556,0.7241
3557,0.7368
3558,0.7455
3559,0.7537
3560,0.7665
3561,0.7758
3562,0.7825
3563,0.7944
3564,0.8042
3565,0.779
3566,0.7818
3567,0.773
3568,0.7647
3569,0.7603
3570,0.7536
3571,0.7528
3572,0.7366
3573,0.7452
3574,0.7282
3575,0.7346
3576,0.7131
3577,0.7281
3578,0.7382
3579,0.7502
3580,0.76
3581,0.7676
3582,0.7803
3583,0.7892
3584,0.7978
3585,0.8092
3586,0.8072
3587,0.7991
3588,0.7929
3589,0.7876
3590,0.7794
3591,0.7738
3592,0.7654
3593,0.7648
3594,0.7455
3595,0.7577
3596,0.7345
3597,0.7359
3598,0.7319
3599,0.7408
3600,0.7501
3601,0.7628
3602,0.772
3603,0.7806
3604,0.7924
3605,0.8028
3606,0.8104
3607,0.8219
3608,0.8239
3609,0.8087
3610,0.8023
3611,0.7995
3612,0.7877
3613,0.7866
3614,0.7721
3615,0.7777
3616,0.7555
3617,0.7614
3618,0.7545
3619,0.7493
3620,0.744
3621,0.7536
3622,0.7622
3623,0.7752
3624,0.7846
3625,0.793
3626,0.8053
3627,0.8156
3628,0.8231
3629,0.8344
3630,0.8307
3631,0.8211
3632,0.8124
3633,0.8119
3634,0.7962
3635,0.7979
3636,0.78
3637,0.7899
3638,0.7607
3639,0.7728
3640,0.7606
3641,0.753
3642,0.7526
3643,0.763
3644,0.7721
3645,0.7836
3646,0.7944
3647,0.802
3648,0.8132
3649,0.8241
3650,0.8318
3651,0.8415
3652,0.8362
3653,0.8288
3654,0.8122
3655,0.8189
3656,0.7985
3657,0.805
3658,0.7833
3659,0.7856
3660,0.7733
3661,0.7741
3662,0.7669
3663,0.7586
3664,0.7588
3665,0.7683
3666,0.7773
3667,0.7888
3668,0.7996
3669,0.8076
3670,0.8176
3671,0.8299
3672,0.8379
3673,0.8469
3674,0.8366
3675,0.8338
3676,0.8149
3677,0.8246
3678,0.7994
3679,0.8003
3680,0.7953
3681,0.7948
3682,0.7766
3683,0.7738
3684,0.7707
3685,0.7591
3686,0.7632
3687,0.7729
3688,0.7815
3689,0.7928
3690,0.8042
3691,0.813
3692,0.8223
3693,0.8342
3694,0.8412
3695,0.8504
3696,0.8342
3697,0.8382
3698,0.8201
3699,0.8275
3700,0.7999
3701,0.804
3702,0.7948
3703,0.7884
3704,0.7815
3705,0.778
3706,0.7741
3707,0.759
3708,0.7653
3709,0.7755
3710,0.7839
3711,0.7956
3712,0.8064
3713,0.8145
3714,0.8243
3715,0.8363
3716,0.8435
3717,0.8528
3718,0.8339
3719,0.8408
3720,0.8111
3721,0.8226
3722,0.8078
3723,0.8022
3724,0.7974
3725,0.7868
3726,0.7834
3727,0.7749
3728,0.7766
3729,0.7562
3730,0.7667
3731,0.7783
3732,0.7866
3733,0.7975
3734,0.8092
3735,0.817
3736,0.8262
3737,0.8389
3738,0.8463
3739,0.8549
3740,0.8326
3741,0.8353
3742,0.8238
3743,0.8206
3744,0.809
3745,0.8027
3746,0.7992
3747,0.7857
3748,0.7867
3749,0.7695
3750,0.7795
3751,0.7581
3752,0.7703
3753,0.7829
3754,0.7914
3755,0.8012
3756,0.8139
3757,0.8206
3758,0.8317
3759,0.8442
3760,0.8526
3761,0.8611
3762,0.8333
3763,0.8438
3764,0.8256
3765,0.823
3766,0.8151
3767,0.8005
3768,0.8058
3769,0.7885
3770,0.7937
3771,0.7748
3772,0.7869
3773,0.7599
3774,0.7763
3775,0.7886
3776,0.7974
3777,0.8076
3778,0.8195
3779,0.8287
3780,0.8374
3781,0.8499
3782,0.8587
3783,0.8555
3784,0.8485
3785,0.8399
3786,0.8318
3787,0.8288
3788,0.8228
3789,0.8047
3790,0.8126
3791,0.793
3792,0.8006
3793,0.779
3794,0.7857
3795,0.7717
3796,0.7832
3797,0.7966
3798,0.8044
3799,0.8143
3800,0.8277
3801,0.8354
3802,0.8449
3803,0.8579
3804,0.8661
3805,0.8586
3806,0.8543
3807,0.8468
3808,0.8392
3809,0.8263
3810,0.8297
3811,0.8152
3812,0.8191
3813,0.7955
3814,0.7951
3815,0.789
3816,0.7854
3817,0.7785
3818,0.7891
3819,0.802
3820,0.811
3821,0.8204
3822,0.8342
3823,0.8422
3824,0.8506
3825,0.8637
3826,0.8726
3827,0.861
3828,0.8601
3829,0.8492
3830,0.8459
3831,0.8282
3832,0.8351
3833,0.8109
3834,0.8231
3835,0.7998
3836,0.7991
3837,0.7921
3838,0.7896
3839,0.7829
3840,0.7934
3841,0.8066
3842,0.8158
3843,0.8244
3844,0.8375
3845,0.8464
3846,0.8553
3847,0.8677
3848,0.8759
3849,0.8638
3850,0.8635
3851,0.8483
3852,0.8482
3853,0.8308
3854,0.8389
3855,0.8105
3856,0.8168
3857,0.8073
3858,0.8032
3859,0.7955
3860,0.7886
3861,0.7857
3862,0.7964
3863,0.8106
3864,0.8209
3865,0.827
3866,0.8408
3867,0.8491
3868,0.8575
3869,0.8698
3870,0.8791
3871,0.8619
3872,0.8663
3873,0.8484
3874,0.8513
3875,0.8299
3876,0.8376
3877,0.8204
3878,0.8137
3879,0.8102
3880,0.7976
3881,0.7979
3882,0.7893
3883,0.7896
3884,0.7992
3885,0.8125
3886,0.8213
3887,0.8308
3888,0.8432
3889,0.852
3890,0.8609
3891,0.8729
3892,0.882
3893,0.8637
3894,0.8683
3895,0.8434
3896,0.8537
3897,0.8305
3898,0.8333
3899,0.8206
3900,0.8152
3901,0.8124
3902,0.7998
3903,0.7995
3904,0.7841
3905,0.7915
3906,0.8011
3907,0.8141
3908,0.8232
3909,0.8322
3910,0.8443
3911,0.8545
3912,0.862
3913,0.8739
3914,0.8835
3915,0.8585
3916,0.8693
3917,0.8437
3918,0.846
3919,0.8338
3920,0.8282
3921,0.8225
3922,0.8133
3923,0.8139
3924,0.7966
3925,0.8012
3926,0.7839
3927,0.7926
3928,0.8021
3929,0.8155
3930,0.8251
3931,0.8333
3932,0.8463
3933,0.8547
3934,0.8635
3935,0.8752
3936,0.8858
3937,0.8569
3938,0.8572
3939,0.8516
3940,0.8464
3941,0.8348
3942,0.826
3943,0.8238
3944,0.8073
3945,0.8156
3946,0.7973
3947,0.8025
3948,0.7801
3949,0.7946
3950,0.804
3951,0.8167
3952,0.8263
3953,0.835
3954,0.8467
3955,0.8573
3956,0.8648
3957,0.8764
3958,0.887
3959,0.8524
3960,0.862
3961,0.8507
3962,0.8422
3963,0.8363
3964,0.8333
3965,0.8261
3966,0.8064
3967,0.8165
3968,0.7908
3969,0.792
3970,0.7891
3971,0.7965
3972,0.8061
3973,0.8181
3974,0.8278
3975,0.8364
3976,0.848
3977,0.8582
3978,0.8663
3979,0.8768
3980,0.8804
3981,0.8634
3982,0.8523
3983,0.8516
3984,0.8372
3985,0.8373
3986,0.8261
3987,0.8269
3988,0.8032
3989,0.8187
3990,0.7915
3991,0.7924
3992,0.7875
3993,0.7982
3994,0.8062
3995,0.8189
3996,0.8293
3997,0.8378
3998,0.8493
3999,0.8597
4000,0.8681
4001,0.8778
4002,0.8742
4003,0.8636
4004,0.855
4005,0.8535
4006,0.8363
4007,0.8383
4008,0.8196
4009,0.828
4010,0.8025
4011,0.8143
4012,0.7979
4013,0.791
4014,0.7886
4015,0.7995
4016,0.8079
4017,0.8201
4018,0.831
4019,0.8397
4020,0.85
4021,0.8612
4022,0.8706
4023,0.878
4024,0.8723
4025,0.8658
4026,0.8519
4027,0.8546
4028,0.8312
4029,0.8394
4030,0.8186
4031,0.8177
4032,0.8103
4033,0.8059
4034,0.7998
4035,0.7896
4036,0.7901
4037,0.7994
4038,0.8095
4039,0.8209
4040,0.8323
4041,0.8413
4042,0.8509
4043,0.8627
4044,0.8705
4045,0.8794
4046,0.8692
4047,0.8676
4048,0.8466
4049,0.8553
4050,0.8379
4051,0.84
4052,0.8147
4053,0.8207
4054,0.8087
4055,0.8059
4056,0.8007
4057,0.7945
4058,0.7905
4059,0.8026
4060,0.8108
4061,0.8214
4062,0.8334
4063,0.8423
4064,0.8521
4065,0.8645
4066,0.8726
4067,0.8814
4068,0.8694
4069,0.869
4070,0.8457
4071,0.8579
4072,0.8302
4073,0.8359
4074,0.8257
4075,0.821
4076,0.8127
4077,0.8026
4078,0.8058
4079,0.7918
4080,0.7963
4081,0.8091
4082,0.8173
4083,0.8288
4084,0.8412
4085,0.85
4086,0.8598
4087,0.8733
4088,0.8815
4089,0.8904
4090,0.8798
4091,0.8795
4092,0.8515
4093,0.8549
4094,0.8482
4095,0.8412
4096,0.8338
4097,0.8289
4098,0.8225
4099,0.8104
4100,0.8158
4101,0.7936
4102,0.8049
4103,0.8187
4104,0.8274
4105,0.8381
4106,0.8515
4107,0.8603
4108,0.8697
4109,0.8826
4110,0.891
4111,0.9003
4112,0.8772
4113,0.8886
4114,0.8625
4115,0.8663
4116,0.8553
4117,0.849
4118,0.8453
4119,0.834
4120,0.8341
4121,0.8199
4122,0.8267
4123,0.8045
4124,0.8164
4125,0.8294
4126,0.8396
4127,0.8489
4128,0.8635
4129,0.8735
4130,0.8824
4131,0.8963
4132,0.905
4133,0.9136
4134,0.8847
4135,0.8962
4136,0.8784
4137,0.879
4138,0.8696
4139,0.8553
4140,0.8582
4141,0.8409
4142,0.8461
4143,0.8287
4144,0.8387
4145,0.8111
4146,0.8277
4147,0.8423
4148,0.8512
4149,0.8612
4150,0.8748
4151,0.8845
4152,0.8937
4153,0.9073
4154,0.9166
4155,0.9122
4156,0.9081
4157,0.9006
4158,0.8895
4159,0.8817
4160,0.8798
4161,0.8698
4162,0.8679
4163,0.8499
4164,0.857
4165,0.8316
4166,0.839
4167,0.8272
4168,0.8376
4169,0.8522
4170,0.8623
4171,0.871
4172,0.8851
4173,0.8954
4174,0.9041
4175,0.917
4176,0.9268
4177,0.9254
4178,0.9137
4179,0.9063
4180,0.8988
4181,0.8823
4182,0.89
4183,0.8685
4184,0.8758
4185,0.8569
4186,0.8512
4187,0.8476
4188,0.8445
4189,0.8353
4190,0.8456
4191,0.8595
4192,0.8701
4193,0.8784
4194,0.8923
4195,0.9019
4196,0.9111
4197,0.924
4198,0.9341
4199,0.9231
4200,0.9196
4201,0.9111
4202,0.9042
4203,0.8891
4204,0.8948
4205,0.866
4206,0.8812
4207,0.8562
4208,0.8609
4209,0.8486
4210,0.8469
4211,0.8412
4212,0.8503
4213,0.864
4214,0.8731
4215,0.8834
4216,0.8969
4217,0.9066
4218,0.9154
4219,0.9283
4220,0.9385
4221,0.9254
4222,0.9238
4223,0.9062
4224,0.9096
4225,0.895
4226,0.8994
4227,0.8706
4228,0.877
4229,0.8671
4230,0.8591
4231,0.8521
4232,0.8514
4233,0.8443
4234,0.8545
4235,0.8676
4236,0.878
4237,0.8872
4238,0.8996
4239,0.9105
4240,0.9192
4241,0.9312
4242,0.9425
4243,0.9267
4244,0.9268
4245,0.9078
4246,0.9129
4247,0.8856
4248,0.8885
4249,0.8831
4250,0.877
4251,0.87
4252,0.8623
4253,0.8562
4254,0.8447
4255,0.8463
4256,0.8575
4257,0.8726
4258,0.8813
4259,0.8904
4260,0.9026
4261,0.914
4262,0.9222
4263,0.933
4264,0.946
4265,0.9218
4266,0.9293
4267,0.9091
4268,0.9163
4269,0.8879
4270,0.8942
4271,0.8812
4272,0.8728
4273,0.8722
4274,0.8595
4275,0.8577
4276,0.8472
4277,0.8497
4278,0.8593
4279,0.8737
4280,0.8832
4281,0.8927
4282,0.9048
4283,0.9161
4284,0.9251
4285,0.9345
4286,0.946
4287,0.9209
4288,0.9295
4289,0.9031
4290,0.9124
4291,0.8947
4292,0.8916
4293,0.8827
4294,0.872
4295,0.8734
4296,0.8556
4297,0.8598
4298,0.8446
4299,0.8519
4300,0.8615
4301,0.8742
4302,0.8857
4303,0.8945
4304,0.9049
4305,0.918
4306,0.9281
4307,0.9371
4308,0.9491
4309,0.92
4310,0.9174
4311,0.9159
4312,0.9046
4313,0.8958
4314,0.8921
4315,0.8844
4316,0.8689
4317,0.8743
4318,0.8547
4319,0.8603
4320,0.8381
4321,0.8534
4322,0.8643
4323,0.8755
4324,0.8869
4325,0.8963
4326,0.9072
4327,0.9197
4328,0.9283
4329,0.9387
4330,0.9499
4331,0.9207
4332,0.9258
4333,0.9127
4334,0.9034
4335,0.8974
4336,0.8903
4337,0.8862
4338,0.8696
4339,0.876
4340,0.8539
4341,0.8631
4342,0.8398
4343,0.8557
4344,0.8656
4345,0.8769
4346,0.8898
4347,0.8987
4348,0.9087
4349,0.9214
4350,0.9304
4351,0.9394
4352,0.9391
4353,0.9281
4354,0.9175
4355,0.9147
4356,0.9035
4357,0.8987
4358,0.8833
4359,0.8886
4360,0.8652
4361,0.8778
4362,0.8583
4363,0.8565
4364,0.8459
4365,0.8567
4366,0.8664
4367,0.8779
4368,0.8912
4369,0.8998
4370,0.9098
4371,0.9229
4372,0.9319
4373,0.9403
4374,0.9393
4375,0.9272
4376,0.9241
4377,0.9155
4378,0.9023
4379,0.9001
4380,0.8826
4381,0.8899
4382,0.8612
4383,0.8678
4384,0.8595
4385,0.8543
4386,0.8461
4387,0.859
4388,0.8686
4389,0.8791
4390,0.8917
4391,0.9007
4392,0.911
4393,0.923
4394,0.9323
4395,0.9417
4396,0.9396
4397,0.9281
4398,0.9146
4399,0.9145
4400,0.8979
4401,0.9007
4402,0.8825
4403,0.8905
4404,0.8585
4405,0.8653
4406,0.8578
4407,0.876
4408,0.9252
4409,0.9252
4410,0.9252
4411,0.9252
4412,0.9252
4413,0.9252
4414,0.9252
4415,0.9252
4416,0.9252
4417,0.9252
4418,0.9146
4419,0.929
4420,0.9133
4421,0.9166
4422,0.8909
4423,0.9018
4424,0.874
4425,0.8806
4426,0.8675
4427,0.8635
4428,0.8594
4429,0.8489
4430,0.8467
4431,0.8601
4432,0.8705
4433,0.8796
4434,0.8938
4435,0.9028
4436,0.9122
4437,0.9251
4438,0.9343
4439,0.9434
4440,0.9235
4441,0.9308
4442,0.9073
4443,0.9161
4444,0.8934
4445,0.8901
4446,0.8832
4447,0.8793
4448,0.8687
4449,0.8613
4450,0.8608
4451,0.8439
4452,0.8478
4453,0.862
4454,0.8715
4455,0.8809
4456,0.895
4457,0.9038
4458,0.9132
4459,0.9259
4460,0.9355
4461,0.9439
4462,0.9251
4463,0.9319
4464,0.9102
4465,0.9182
4466,0.8923
4467,0.8909
4468,0.8827
4469,0.874
4470,0.8705
4471,0.855
4472,0.8616
4473,0.8441
4474,0.8494
4475,0.8629
4476,0.8726
4477,0.8818
4478,0.895
4479,0.905
4480,0.9143
4481,0.9271
4482,0.9363
4483,0.9451
4484,0.9264
4485,0.9325
4486,0.9028
4487,0.9057
4488,0.8971
4489,0.8886
4490,0.882
4491,0.8808
4492,0.8718
4493,0.8525
4494,0.863
4495,0.8376
4496,0.8501
4497,0.8634
4498,0.8744
4499,0.8834
4500,0.8966
4501,0.9069
4502,0.9151
4503,0.9282
4504,0.9385
4505,0.9463
4506,0.9156
4507,0.9262
4508,0.9116
4509,0.9036
4510,0.8987
4511,0.8855
4512,0.8838
4513,0.8716
4514,0.8734
4515,0.853
4516,0.8646
4517,0.8381
4518,0.8523
4519,0.8654
4520,0.8757
4521,0.8846
4522,0.8983
4523,0.9087
4524,0.9171
4525,0.9292
4526,0.9401
4527,0.9485
4528,0.9144
4529,0.9228
4530,0.9111
4531,0.9012
4532,0.9
4533,0.8851
4534,0.8855
4535,0.8654
4536,0.876
4537,0.8517
4538,0.8565
4539,0.8463
4540,0.8538
4541,0.8668
4542,0.8772
4543,0.8871
4544,0.8993
4545,0.9101
4546,0.9188
4547,0.9301
4548,0.9419
4549,0.9389
4550,0.9259
4551,0.9185
4552,0.9124
4553,0.9015
4554,0.9014
4555,0.8847
4556,0.8865
4557,0.8643
4558,0.876
4559,0.8452
4560,0.8562
4561,0.8448
4562,0.8548
4563,0.8688
4564,0.8796
4565,0.8879
4566,0.9003
4567,0.9112
4568,0.9206
4569,0.9311
4570,0.9438
4571,0.9388
4572,0.9264
4573,0.9195
4574,0.9138
4575,0.8955
4576,0.9027
4577,0.8784
4578,0.8884
4579,0.8673
4580,0.8658
4581,0.8557
4582,0.8526
4583,0.8471
4584,0.856
4585,0.8694
4586,0.8814
4587,0.8897
4588,0.9015
4589,0.9131
4590,0.9221
4591,0.9325
4592,0.9446
4593,0.9334
4594,0.9278
4595,0.9178
4596,0.9155
4597,0.8983
4598,0.9041
4599,0.8734
4600,0.8798
4601,0.873
4602,0.8694
4603,0.8561
4604,0.8484
4605,0.8489
4606,0.858
4607,0.8704
4608,0.8826
4609,0.8915
4610,0.9025
4611,0.9144
4612,0.9239
4613,0.9331
4614,0.9459
4615,0.9307
4616,0.9293
4617,0.9107
4618,0.9171
4619,0.8949
4620,0.9056
4621,0.8739
4622,0.8762
4623,0.871
4624,0.8628
4625,0.858
4626,0.8487
4627,0.8504
4628,0.86
4629,0.8715
4630,0.884
4631,0.8934
4632,0.9035
4633,0.9167
4634,0.925
4635,0.9346
4636,0.9476
4637,0.928
4638,0.9303
4639,0.9104
4640,0.9185
4641,0.8863
4642,0.902
4643,0.8834
4644,0.8736
4645,0.8721
4646,0.8621
4647,0.8593
4648,0.8444
4649,0.8527
4650,0.8615
4651,0.8727
4652,0.8858
4653,0.8948
4654,0.9046
4655,0.9173
4656,0.9269
4657,0.9359
4658,0.9488
4659,0.9292
4660,0.9315
4661,0.9073
4662,0.9041
4663,0.8985
4664,0.8956
4665,0.8852
4666,0.8766
4667,0.8733
4668,0.8568
4669,0.8615
4670,0.8409
4671,0.854
4672,0.863
4673,0.8737
4674,0.8875
4675,0.896
4676,0.9059
4677,0.919
4678,0.9283
4679,0.9367
4680,0.9499
4681,0.9234
4682,0.9332
4683,0.9093
4684,0.9093
4685,0.8963
4686,0.8871
4687,0.8864
4688,0.8716
4689,0.8744
4690,0.8582
4691,0.8626
4692,0.8374
4693,0.8545
4694,0.8644
4695,0.875
4696,0.8888
4697,0.8979
4698,0.9071
4699,0.9207
4700,0.9294
4701,0.9385
4702,0.9517
4703,0.9193
4704,0.9239
4705,0.9131
4706,0.9129
4707,0.8976
4708,0.8871
4709,0.8878
4710,0.8743
4711,0.8757
4712,0.8584
4713,0.8641
4714,0.8355
4715,0.8562
4716,0.8658
4717,0.8748
4718,0.8893
4719,0.8987
4720,0.9081
4721,0.9212
4722,0.9306
4723,0.9389
4724,0.9398
4725,0.9307
4726,0.9235
4727,0.9129
4728,0.9009
4729,0.8987
4730,0.8838
4731,0.8888
4732,0.8649
4733,0.8751
4734,0.8518
4735,0.8576
4736,0.8433
4737,0.8572
4738,0.8665
4739,0.8773
4740,0.8895
4741,0.8998
4742,0.9087
4743,0.9222
4744,0.9318
4745,0.9398
4746,0.9405
4747,0.9276
4748,0.9174
4749,0.9134
4750,0.8986
4751,0.8997
4752,0.8861
4753,0.8902
4754,0.8623
4755,0.8614
4756,0.8608
4757,0.8631
4758,0.9041
4759,0.9041
4760,0.9041
4761,0.9041
4762,0.9041
4763,0.9041
4764,0.9041
4765,0.9041
4766,0.9041
4767,0.9041
4768,0.8997
4769,0.929
4770,0.9156
4771,0.9137
4772,0.9005
4773,0.901
4774,0.8755
4775,0.8927
4776,0.8636
4777,0.8676
4778,0.8581
4779,0.8489
4780,0.8453
4781,0.8592
4782,0.8694
4783,0.8785
4784,0.8918
4785,0.9021
4786,0.911
4787,0.9236
4788,0.9338
4789,0.9421
4790,0.9318
4791,0.9298
4792,0.9101
4793,0.9147
4794,0.896
4795,0.9019
4796,0.8741
4797,0.8812
4798,0.8688
4799,0.8628
4800,0.8589
4801,0.8517
4802,0.8461
4803,0.8602
4804,0.8705
4805,0.8802
4806,0.8929
4807,0.9034
4808,0.9125
4809,0.9248
4810,0.9351
4811,0.9434
4812,0.9274
4813,0.9311
4814,0.9059
4815,0.916
4816,0.8931
4817,0.8943
4818,0.8843
4819,0.8801
4820,0.8693
4821,0.8592
4822,0.8606
4823,0.8484
4824,0.8485
4825,0.8624
4826,0.8722
4827,0.8806
4828,0.8935
4829,0.9052
4830,0.9144
4831,0.9249
4832,0.9362
4833,0.9449
4834,0.9278
4835,0.9327
4836,0.9055
4837,0.9167
4838,0.8903
4839,0.8922
4840,0.8799
4841,0.8798
4842,0.8715
4843,0.8572
4844,0.8615
4845,0.8423
4846,0.8484
4847,0.8618
4848,0.8743
4849,0.8819
4850,0.8951
4851,0.9065
4852,0.9151
4853,0.9259
4854,0.9381
4855,0.9463
4856,0.9264
4857,0.934
4858,0.903
4859,0.9059
4860,0.8981
4861,0.8935
4862,0.8825
4863,0.8754
4864,0.8727
4865,0.8559
4866,0.8639
4867,0.8405
4868,0.8511
4869,0.8635
4870,0.8753
4871,0.8847
4872,0.896
4873,0.9084
4874,0.9167
4875,0.9272
4876,0.9397
4877,0.9483
4878,0.9282
4879,0.9227
4880,0.9152
4881,0.9075
4882,0.8985
4883,0.8885
4884,0.8837
4885,0.8693
4886,0.8743
4887,0.8567
4888,0.8639
4889,0.8395
4890,0.8523
4891,0.8648
4892,0.8767
4893,0.8859
4894,0.8969
4895,0.9098
4896,0.9183
4897,0.9289
4898,0.941
4899,0.9497
4900,0.9154
4901,0.9279
4902,0.9117
4903,0.9013
4904,0.9
4905,0.8852
4906,0.8854
4907,0.8687
4908,0.8755
4909,0.8507
4910,0.865
4911,0.8435
4912,0.8554
4913,0.8673
4914,0.8789
4915,0.8869
4916,0.8985
4917,0.9111
4918,0.9206
4919,0.9287
4920,0.9426
4921,0.9396
4922,0.9265
4923,0.9199
4924,0.9122
4925,0.9018
4926,0.9014
4927,0.8866
4928,0.8868
4929,0.8682
4930,0.8777
4931,0.8492
4932,0.8528
4933,0.8465
4934,0.8559
4935,0.8671
4936,0.8803
4937,0.8895
4938,0.8993
4939,0.9128
4940,0.9219
4941,0.9314
4942,0.9434
4943,0.9381
4944,0.9264
4945,0.9214
4946,0.9147
4947,0.8976
4948,0.9027
4949,0.8806
4950,0.8883
4951,0.8665
4952,0.8731
4953,0.8575
4954,0.8516
4955,0.8481
4956,0.8571
4957,0.8685
4958,0.8813
4959,0.8908
4960,0.9009
4961,0.9139
4962,0.9229
4963,0.932
4964,0.9443
4965,0.9381
4966,0.9262
4967,0.9136
4968,0.9162
4969,0.8958
4970,0.9035
4971,0.88
4972,0.8898
4973,0.8631
4974,0.8655
4975,0.8571
4976,0.8506
4977,0.8498
4978,0.8588
4979,0.8691
4980,0.8827
4981,0.892
4982,0.9013
4983,0.9149
4984,0.9242
4985,0.933
4986,0.946
4987,0.9309
4988,0.929
4989,0.9119
4990,0.9173
4991,0.8983
4992,0.9038
4993,0.8755
4994,0.883
4995,0.869
4996,0.8639
4997,0.8588
4998,0.8535
4999,0.8507
5000,0.8606
5001,0.8706
5002,0.8838
5003,0.8929
5004,0.9019
5005,0.9161
5006,0.9258
5007,0.9342
5008,0.9473
5009,0.9303
5010,0.9306
5011,0.9083
5012,0.9196
5013,0.8875
5014,0.8953
5015,0.8862
5016,0.8787
5017,0.8703
5018,0.8696
5019,0.8604
5020,0.8459
5021,0.8519
5022,0.8618
5023,0.871
5024,0.8853
5025,0.895
5026,0.9039
5027,0.9172
5028,0.9275
5029,0.9348
5030,0.9475
5031,0.9301
5032,0.9314
5033,0.908
5034,0.9203
5035,0.8861
5036,0.8937
5037,0.8854
5038,0.8783
5039,0.8718
5040,0.8606
5041,0.8619
5042,0.8437
5043,0.8528
5044,0.8624
5045,0.8729
5046,0.8865
5047,0.8969
5048,0.9042
5049,0.9179
5050,0.9287
5051,0.9368
5052,0.9485
5053,0.9239
5054,0.933
5055,0.9094
5056,0.9108
5057,0.8965
5058,0.8899
5059,0.8868
5060,0.8732
5061,0.8726
5062,0.8605
5063,0.8635
5064,0.8389
5065,0.8553
5066,0.8644
5067,0.8742
5068,0.8873
5069,0.8981
5070,0.9065
5071,0.9196
5072,0.9295
5073,0.9382
5074,0.9497
5075,0.9207
5076,0.9216
5077,0.9131
5078,0.9126
5079,0.8983
5080,0.8859
5081,0.888
5082,0.8691
5083,0.8735
5084,0.8571
5085,0.8639
5086,0.8371
5087,0.8555
5088,0.866
5089,0.8762
5090,0.8882
5091,0.8997
5092,0.908
5093,0.919
5094,0.9317
5095,0.939
5096,0.95
5097,0.9199
5098,0.9201
5099,0.9115
5100,0.9132
5101,0.899
5102,0.8876
5103,0.8892
5104,0.8656
5105,0.8742
5106,0.8524
5107,0.8529
5108,0.8461
5109,0.8567
5110,0.8676
5111,0.8767
5112,0.8895
5113,0.901
5114,0.9094
5115,0.9205
5116,0.9329
5117,0.9408
5118,0.9376
5119,0.9291
5120,0.9225
5121,0.9128
5122,0.9024
5123,0.9009
5124,0.8814
5125,0.8897
5126,0.8684
5127,0.8761
5128,0.8488
5129,0.8547
5130,0.8442
5131,0.8577
5132,0.869
5133,0.8786
5134,0.8899
5135,0.9031
5136,0.9107
5137,0.9214
5138,0.9335
5139,0.9422
5140,0.9327
5141,0.93
5142,0.9215
5143,0.9136
5144,0.8995
5145,0.9021
5146,0.8766
5147,0.8906
5148,0.8673
5149,0.8732
5150,0.8577
5151,0.8571
5152,0.8458
5153,0.8587
5154,0.8706
5155,0.8796
5156,0.8907
5157,0.9031
5158,0.9127
5159,0.9226
5160,0.9356
5161,0.9438
5162,0.9316
5163,0.9304
5164,0.9126
5165,0.9146
5166,0.9004
5167,0.9038
5168,0.8764
5169,0.88
5170,0.873
5171,0.8672
5172,0.8591
5173,0.8562
5174,0.847
5175,0.8599
5176,0.8714
5177,0.8809
5178,0.8916
5179,0.9047
5180,0.9138
5181,0.9234
5182,0.9376
5183,0.9449
5184,0.933
5185,0.9311
5186,0.9105
5187,0.916
5188,0.8916
5189,0.9049
5190,0.8773
5191,0.882
5192,0.8709
5193,0.8608
5194,0.8596
5195,0.8468
5196,0.8488
5197,0.8605
5198,0.8727
5199,0.8823
5200,0.8929
5201,0.9063
5202,0.915
5203,0.9247
5204,0.9376
5205,0.9455
5206,0.9256
5207,0.9327
5208,0.9107
5209,0.9175
5210,0.8901
5211,0.895
5212,0.8811
5213,0.8817
5214,0.8724
5215,0.8584
5216,0.8609
5217,0.8487
5218,0.85
5219,0.8618
5220,0.8752
5221,0.8837
5222,0.8939
5223,0.9075
5224,0.9162
5225,0.9256
5226,0.9387
5227,0.9477
5228,0.9317
5229,0.9343
5230,0.9081
5231,0.9083
5232,0.9008
5233,0.8935
5234,0.8827
5235,0.8756
5236,0.8738
5237,0.8608
5238,0.8616
5239,0.8443
5240,0.8502
5241,0.8621
5242,0.8758
5243,0.8853
5244,0.8952
5245,0.9084
5246,0.9178
5247,0.927
5248,0.9397
5249,0.9488
5250,0.9235
5251,0.935
5252,0.9032
5253,0.9105
5254,0.8976
5255,0.8914
5256,0.8837
5257,0.87
5258,0.8747
5259,0.8573
5260,0.8621
5261,0.849
5262,0.8525
5263,0.8636
5264,0.8771
5265,0.8872
5266,0.8963
5267,0.9095
5268,0.9191
5269,0.9279
5270,0.9405
5271,0.9501
5272,0.9191
5273,0.9245
5274,0.9128
5275,0.9071
5276,0.8983
5277,0.8931
5278,0.8862
5279,0.8698
5280,0.8767
5281,0.8502
5282,0.8638
5283,0.8384
5284,0.8539
5285,0.8644
5286,0.8779
5287,0.888
5288,0.8978
5289,0.9105
5290,0.9195
5291,0.929
5292,0.9414
5293,0.9374
5294,0.9289
5295,0.9239
5296,0.9133
5297,0.901
5298,0.8992
5299,0.8872
5300,0.8866
5301,0.8726
5302,0.8779
5303,0.8477
5304,0.8562
5305,0.847
5306,0.8557
5307,0.8657
5308,0.8796
5309,0.8891
5310,0.8986
5311,0.912
5312,0.9212
5313,0.9302
5314,0.9421
5315,0.9455
5316,0.9266
5317,0.9209
5318,0.9153
5319,0.9001
5320,0.9007
5321,0.8789
5322,0.8887
5323,0.8636
5324,0.8737
5325,0.8602
5326,0.8523
5327,0.8474
5328,0.8573
5329,0.8672
5330,0.8806
5331,0.8903
5332,0.8998
5333,0.9132
5334,0.9235
5335,0.9316
5336,0.9438
5337,0.9411
5338,0.9273
5339,0.9168
5340,0.9164
5341,0.901
5342,0.9018
5343,0.881
5344,0.8902
5345,0.86
5346,0.8677
5347,0.8576
5348,0.8522
5349,0.8494
5350,0.8591
5351,0.8689
5352,0.8817
5353,0.8932
5354,0.9012
5355,0.9145
5356,0.9249
5357,0.9333
5358,0.9452
5359,0.9343
5360,0.9295
5361,0.912
5362,0.918
5363,0.8916
5364,0.9031
5365,0.8816
5366,0.882
5367,0.8696
5368,0.8659
5369,0.8592
5370,0.848
5371,0.8506
5372,0.8607
5373,0.8705
5374,0.8834
5375,0.8941
5376,0.9029
5377,0.9155
5378,0.9263
5379,0.9349
5380,0.9454
5381,0.9364
5382,0.9311
5383,0.9111
5384,0.9199
5385,0.8904
5386,0.8895
5387,0.8879
5388,0.8855
5389,0.8697
5390,0.8647
5391,0.8609
5392,0.8509
5393,0.8521
5394,0.8624
5395,0.8705
5396,0.8862
5397,0.8961
5398,0.9044
5399,0.9174
5400,0.9267
5401,0.936
5402,0.9465
5403,0.9313
5404,0.9319
5405,0.9078
5406,0.9208
5407,0.888
5408,0.8962
5409,0.8848
5410,0.875
5411,0.8711
5412,0.8674
5413,0.8619
5414,0.8441
5415,0.8533
5416,0.8636
5417,0.8729
5418,0.8861
5419,0.8972
5420,0.9063
5421,0.918
5422,0.9296
5423,0.9378
5424,0.9485
5425,0.9252
5426,0.9339
5427,0.9038
5428,0.9094
5429,0.8986
5430,0.8937
5431,0.8871
5432,0.8762
5433,0.8734
5434,0.8573
5435,0.8641
5436,0.8465
5437,0.8546
5438,0.8658
5439,0.8745
5440,0.8879
5441,0.8993
5442,0.9077
5443,0.9193
5444,0.9317
5445,0.9395
5446,0.9497
5447,0.9314
5448,0.9242
5449,0.9161
5450,0.9097
5451,0.8997
5452,0.8861
5453,0.8891
5454,0.8766
5455,0.8737
5456,0.8575
5457,0.8663
5458,0.8368
5459,0.8561
5460,0.8678
5461,0.8775
5462,0.8891
5463,0.9011
5464,0.9101
5465,0.9208
5466,0.9329
5467,0.9413
5468,0.9514
5469,0.9204
5470,0.9296
5471,0.9117
5472,0.9105
5473,0.9014
5474,0.8901
5475,0.8902
5476,0.8682
5477,0.8755
5478,0.8554
5479,0.8675
5480,0.8367
5481,0.8574
5482,0.8684
5483,0.8788
5484,0.8885
5485,0.9024
5486,0.9108
5487,0.9219
5488,0.9345
5489,0.9418
5490,0.9395
5491,0.9315
5492,0.9247
5493,0.9137
5494,0.9086
5495,0.9023
5496,0.8863
5497,0.8911
5498,0.8749
5499,0.8774
5500,0.8519
5501,0.863
5502,0.8458
5503,0.8585
5504,0.872
5505,0.8795
5506,0.8911
5507,0.9034
5508,0.9125
5509,0.9226
5510,0.9357
5511,0.9445
5512,0.938
5513,0.9316
5514,0.9196
5515,0.915
5516,0.901
5517,0.904
5518,0.8842
5519,0.8925
5520,0.8662
5521,0.8682
5522,0.861
5523,0.8579
5524,0.8475
5525,0.8593
5526,0.8722
5527,0.8812
5528,0.8917
5529,0.9053
5530,0.9137
5531,0.9239
5532,0.9367
5533,0.9461
5534,0.9414
5535,0.9325
5536,0.9156
5537,0.9162
5538,0.9082
5539,0.9041
5540,0.8818
5541,0.8934
5542,0.8636
5543,0.8671
5544,0.8596
5545,0.853
5546,0.8486
5547,0.8607
5548,0.8735
5549,0.882
5550,0.8932
5551,0.9064
5552,0.9152
5553,0.9246
5554,0.9383
5555,0.9465
5556,0.9325
5557,0.9331
5558,0.9171
5559,0.9172
5560,0.8955
5561,0.9056
5562,0.876
5563,0.8814
5564,0.8728
5565,0.8681
5566,0.8612
5567,0.85
5568,0.85
5569,0.8616
5570,0.8751
5571,0.8842
5572,0.894
5573,0.9073
5574,0.9169
5575,0.9258
5576,0.9381
5577,0.9475
5578,0.9297
5579,0.9346
5580,0.9115
5581,0.918
5582,0.8945
5583,0.8968
5584,0.8852
5585,0.8866
5586,0.8728
5587,0.8657
5588,0.8617
5589,0.8484
5590,0.8516
5591,0.8623
5592,0.8758
5593,0.8849
5594,0.895
5595,0.9078
5596,0.9178
5597,0.9275
5598,0.9397
5599,0.9486
5600,0.9277
5601,0.9348
5602,0.9145
5603,0.9193
5604,0.8939
5605,0.8979
5606,0.8847
5607,0.8763
5608,0.8757
5609,0.8591
5610,0.8629
5611,0.8429
5612,0.8531
5613,0.8629
5614,0.8776
5615,0.887
5616,0.8962
5617,0.909
5618,0.919
5619,0.9278
5620,0.9405
5621,0.9505
5622,0.9268
5623,0.9368
5624,0.9082
5625,0.9095
5626,0.8995
5627,0.8945
5628,0.8862
5629,0.8766
5630,0.8766
5631,0.8569
5632,0.8639
5633,0.8429
5634,0.854
5635,0.8653
5636,0.8787
5637,0.8884
5638,0.8977
5639,0.9114
5640,0.9205
5641,0.9303
5642,0.9423
5643,0.952
5644,0.9201
5645,0.9288
5646,0.9165
5647,0.9061
5648,0.8995
5649,0.8883
5650,0.8871
5651,0.8717
5652,0.8779
5653,0.8525
5654,0.8653
5655,0.8418
5656,0.8557
5657,0.8662
5658,0.8797
5659,0.8895
5660,0.8985
5661,0.912
5662,0.9219
5663,0.9298
5664,0.9428
5665,0.9531
5666,0.9185
5667,0.9246
5668,0.9149
5669,0.9075
5670,0.9011
5671,0.8852
5672,0.8892
5673,0.8678
5674,0.8793
5675,0.8579
5676,0.8537
5677,0.8513
5678,0.8573
5679,0.8676
5680,0.881
5681,0.8908
5682,0.8997
5683,0.9134
5684,0.9232
5685,0.9318
5686,0.9439
5687,0.9413
5688,0.9284
5689,0.9248
5690,0.9167
5691,0.9077
5692,0.9025
5693,0.8868
5694,0.8899
5695,0.8639
5696,0.8807
5697,0.8505
5698,0.8611
5699,0.8487
5700,0.8591
5701,0.869
5702,0.8825
5703,0.892
5704,0.9014
5705,0.9142
5706,0.9248
5707,0.9327
5708,0.9449
5709,0.9399
5710,0.9295
5711,0.9164
5712,0.9179
5713,0.8959
5714,0.903
5715,0.8863
5716,0.8915
5717,0.8639
5718,0.8729
5719,0.8586
5720,0.8523
5721,0.85
5722,0.86
5723,0.8701
5724,0.8837
5725,0.8949
5726,0.9026
5727,0.9156
5728,0.9259
5729,0.9344
5730,0.946
5731,0.9426
5732,0.9302
5733,0.9138
5734,0.9192
5735,0.8994
5736,0.9042
5737,0.8832
5738,0.8834
5739,0.8727
5740,0.8711
5741,0.8592
5742,0.8496
5743,0.852
5744,0.8617
5745,0.8712
5746,0.8845
5747,0.8947
5748,0.9038
5749,0.9158
5750,0.9278
5751,0.9355
5752,0.9466
5753,0.9323
5754,0.9325
5755,0.9159
5756,0.9208
5757,0.8937
5758,0.9052
5759,0.8787
5760,0.88
5761,0.8709
5762,0.8694
5763,0.8614
5764,0.8475
5765,0.853
5766,0.8626
5767,0.8721
5768,0.8863
5769,0.8965
5770,0.9044
5771,0.9168
5772,0.9286
5773,0.9371
5774,0.9479
5775,0.9285
5776,0.933
5777,0.9109
5778,0.922
5779,0.8922
5780,0.8959
5781,0.8859
5782,0.8823
5783,0.8713
5784,0.8653
5785,0.8629
5786,0.8456
5787,0.8543
5788,0.8641
5789,0.8737
5790,0.8866
5791,0.8977
5792,0.9061
5793,0.9174
5794,0.9299
5795,0.9379
5796,0.9483
5797,0.9271
5798,0.9341
5799,0.9053
5800,0.9105
5801,0.9014
5802,0.8932
5803,0.8866
5804,0.8766
5805,0.8727
5806,0.8586
5807,0.8642
5808,0.8457
5809,0.8559
5810,0.8653
5811,0.8748
5812,0.8872
5813,0.8995
5814,0.9076
5815,0.919
5816,0.9311
5817,0.9396
5818,0.9493
5819,0.9312
5820,0.9357
5821,0.9009
5822,0.9145
5823,0.8988
5824,0.8882
5825,0.8881
5826,0.8773
5827,0.8746
5828,0.8589
5829,0.865
5830,0.8419
5831,0.8564
5832,0.8676
5833,0.8765
5834,0.8881
5835,0.9003
5836,0.9084
5837,0.9205
5838,0.9324
5839,0.9409
5840,0.9507
5841,0.9232
5842,0.9286
5843,0.9124
5844,0.9074
5845,0.9005
5846,0.8885
5847,0.8884
5848,0.8721
5849,0.8758
5850,0.8582
5851,0.8668
5852,0.8368
5853,0.8572
5854,0.8683
5855,0.8773
5856,0.8885
5857,0.901
5858,0.9112
5859,0.9209
5860,0.934
5861,0.9419
5862,0.9359
5863,0.9339
5864,0.9267
5865,0.9127
5866,0.9045
5867,0.9019
5868,0.8853
5869,0.8902
5870,0.8686
5871,0.8768
5872,0.8533
5873,0.8609
5874,0.8468
5875,0.8577
5876,0.8702
5877,0.8802
5878,0.8903
5879,0.9032
5880,0.9118
5881,0.9225
5882,0.9344
5883,0.9435
5884,0.9404
5885,0.9313
5886,0.9203
5887,0.9142
5888,0.9025
5889,0.9032
5890,0.885
5891,0.8918
5892,0.8663
5893,0.8683
5894,0.8625
5895,0.8565
5896,0.8456
5897,0.8593
5898,0.8719
5899,0.8804
5900,0.8913
5901,0.9041
5902,0.9133
5903,0.923
5904,0.936
5905,0.9445
5906,0.9393
5907,0.9318
5908,0.9151
5909,0.9158
5910,0.8983
5911,0.9039
5912,0.8829
5913,0.8931
5914,0.8661
5915,0.8726
5916,0.8595
5917,0.8534
5918,0.8478
5919,0.8601
5920,0.8734
5921,0.8818
5922,0.892
5923,0.9059
5924,0.9153
5925,0.9244
5926,0.9373
5927,0.9456
5928,0.9335
5929,0.9334
5930,0.9193
5931,0.9167
5932,0.8984
5933,0.9052
5934,0.8791
5935,0.8869
5936,0.873
5937,0.8652
5938,0.8602
5939,0.8513
5940,0.8497
5941,0.8614
5942,0.8745
5943,0.8835
5944,0.8938
5945,0.9072
5946,0.916
5947,0.9258
5948,0.9393
5949,0.947
5950,0.9297
5951,0.934
5952,0.9138
5953,0.9183
5954,0.8949
5955,0.8909
5956,0.8876
5957,0.8835
5958,0.874
5959,0.8687
5960,0.8613
5961,0.8483
5962,0.8511
5963,0.8624
5964,0.8746
5965,0.8849
5966,0.8945
5967,0.9081
5968,0.9175
5969,0.9264
5970,0.9394
5971,0.9487
5972,0.9276
5973,0.9356
5974,0.9497
5975,0.9656
5976,0.899
5977,0.8969
5978,0.884
5979,0.8768
5980,0.8739
5981,0.8625
5982,0.8622
5983,0.851
5984,0.8521
5985,0.8632
5986,0.8769
5987,0.8858
5988,0.8958
5989,0.909
5990,0.9187
5991,0.9272
5992,0.9407
5993,0.9496
5994,0.9232
5995,0.9361
5996,0.9053
5997,0.9062
5998,0.8993
5999,0.898
6000,0.8851
6001,0.8767
6002,0.8769
6003,0.8578
6004,0.8642
6005,0.8445
6006,0.8537
6007,0.8643
6008,0.8781
6009,0.8872
6010,0.8967
6011,0.9108
6012,0.9202
6013,0.9284
6014,0.9418
6015,0.9507
6016,0.9278
6017,0.9241
6018,0.9186
6019,0.9075
6020,0.8996
6021,0.8931
6022,0.8865
6023,0.8787
6024,0.8779
6025,0.8552
6026,0.8644
6027,0.841
6028,0.8555
6029,0.8657
6030,0.8792
6031,0.889
6032,0.8987
6033,0.9111
6034,0.9208
6035,0.9299
6036,0.9441
6037,0.9524
6038,0.9171
6039,0.9301
6040,0.9143
6041,0.9054
6042,0.9002
6043,0.8881
6044,0.8882
6045,0.8695
6046,0.8791
6047,0.8538
6048,0.8658
6049,0.8385
6050,0.8564
6051,0.8669
6052,0.8796
6053,0.8901
6054,0.8994
6055,0.9131
6056,0.9224
6057,0.9312
6058,0.9438
6059,0.94
6060,0.928
6061,0.9214
6062,0.9161
6063,0.9049
6064,0.9019
6065,0.8877
6066,0.8894
6067,0.8654
6068,0.8794
6069,0.8502
6070,0.8581
6071,0.848
6072,0.8577
6073,0.8675
6074,0.8813
6075,0.8914
6076,0.9005
6077,0.9136
6078,0.9238
6079,0.9314
6080,0.945
6081,0.9411
6082,0.9283
6083,0.9162
6084,0.917
6085,0.8996
6086,0.9023
6087,0.8845
6088,0.8904
6089,0.8642
6090,0.8709
6091,0.8601
6092,0.8538
6093,0.8495
6094,0.8594
6095,0.869
6096,0.8833
6097,0.8924
6098,0.902
6099,0.9154
6100,0.925
6101,0.9341
6102,0.9452
6103,0.9431
6104,0.9292
6105,0.9148
6106,0.9183
6107,0.9053
6108,0.9029
6109,0.8853
6110,0.8917
6111,0.8593
6112,0.8692
6113,0.8589
6114,0.8669
6115,0.8899
6116,0.8899
6117,0.8899
6118,0.8899
6119,0.8899
6120,0.8899
6121,0.8899
6122,0.8899
6123,0.8899
6124,0.8899
6125,0.9003
6126,0.9305
6127,0.9136
6128,0.9195
6129,0.8915
6130,0.9044
6131,0.8802
6132,0.883
6133,0.8699
6134,0.8676
6135,0.8596
6136,0.8488
6137,0.8518
6138,0.864
6139,0.872
6140,0.8851
6141,0.8967
6142,0.9054
6143,0.9166
6144,0.9272
6145,0.9361
6146,0.9473
6147,0.9301
6148,0.9327
6149,0.9153
6150,0.921
6151,0.8899
6152,0.8923
6153,0.8878
6154,0.8808
6155,0.8713
6156,0.8642
6157,0.8612
6158,0.848
6159,0.8528
6160,0.8623
6161,0.8731
6162,0.8865
6163,0.8966
6164,0.9062
6165,0.9178
6166,0.9292
6167,0.9378
6168,0.9483
6169,0.9277
6170,0.9339
6171,0.9095
6172,0.9224
6173,0.892
6174,0.8919
6175,0.8867
6176,0.8756
6177,0.8726
6178,0.8658
6179,0.8635
6180,0.8438
6181,0.8541
6182,0.8639
6183,0.874
6184,0.8874
6185,0.8979
6186,0.9071
6187,0.918
6188,0.9308
6189,0.9387
6190,0.9489
6191,0.9234
6192,0.9352
6193,0.9057
6194,0.9147
6195,0.8983
6196,0.8913
6197,0.8886
6198,0.872
6199,0.8744
6200,0.8606
6201,0.8649
6202,0.8435
6203,0.8551
6204,0.867
6205,0.876
6206,0.8885
6207,0.8999
6208,0.9084
6209,0.9198
6210,0.9317
6211,0.9402
6212,0.9503
6213,0.9241
6214,0.9228
6215,0.9149
6216,0.9073
6217,0.8998
6218,0.8907
6219,0.8895
6220,0.8727
6221,0.8748
6222,0.8553
6223,0.8669
6224,0.8378
6225,0.8562
6226,0.8675
6227,0.8771
6228,0.8889
6229,0.9015
6230,0.9097
6231,0.9195
6232,0.9312
6233,0.9417
6234,0.951
6235,0.9239
6236,0.9279
6237,0.9132
6238,0.9061
6239,0.9005
6240,0.8844
6241,0.8898
6242,0.8753
6243,0.8754
6244,0.8528
6245,0.8562
6246,0.8468
6247,0.8566
6248,0.8685
6249,0.8779
6250,0.8893
6251,0.902
6252,0.9108
6253,0.9211
6254,0.9337
6255,0.9421
6256,0.9371
6257,0.9303
6258,0.9247
6259,0.9127
6260,0.901
6261,0.9013
6262,0.8836
6263,0.8908
6264,0.8665
6265,0.8766
6266,0.8528
6267,0.8567
6268,0.8451
6269,0.8578
6270,0.8698
6271,0.879
6272,0.8905
6273,0.9027
6274,0.9117
6275,0.9216
6276,0.9347
6277,0.9433
6278,0.935
6279,0.9302
6280,0.918
6281,0.9135
6282,0.9022
6283,0.903
6284,0.8798
6285,0.8914
6286,0.8666
6287,0.8717
6288,0.8584
6289,0.8568
6290,0.8458
6291,0.8584
6292,0.872
6293,0.8801
6294,0.8913
6295,0.9037
6296,0.9116
6297,0.923
6298,0.9359
6299,0.9445
6300,0.9387
6301,0.9314
6302,0.9147
6303,0.9161
6304,0.8968
6305,0.9048
6306,0.881
6307,0.8816
6308,0.8738
6309,0.8665
6310,0.8597
6311,0.8524
6312,0.8484
6313,0.8597
6314,0.8725
6315,0.8825
6316,0.8924
6317,0.9059
6318,0.915
6319,0.9241
6320,0.9374
6321,0.9464
6322,0.9353
6323,0.9337
6324,0.9126
6325,0.9168
6326,0.8984
6327,0.9058
6328,0.8753
6329,0.8839
6330,0.8717
6331,0.8641
6332,0.86
6333,0.8495
6334,0.8496
6335,0.8609
6336,0.8739
6337,0.8828
6338,0.8934
6339,0.9075
6340,0.9158
6341,0.9252
6342,0.9383
6343,0.9474
6344,0.9266
6345,0.9346
6346,0.9136
6347,0.9185
6348,0.8908
6349,0.8964
6350,0.8838
6351,0.8771
6352,0.8726
6353,0.8621
6354,0.8612
6355,0.8462
6356,0.8509
6357,0.8625
6358,0.876
6359,0.8851
6360,0.8944
6361,0.9082
6362,0.9169
6363,0.9259
6364,0.9396
6365,0.9479
6366,0.9271
6367,0.9351
6368,0.9064
6369,0.9054
6370,0.9016
6371,0.8949
6372,0.8839
6373,0.8758
6374,0.8743
6375,0.859
6376,0.8623
6377,0.8502
6378,0.8523
6379,0.8626
6380,0.8776
6381,0.8857
6382,0.895
6383,0.9089
6384,0.9181
6385,0.9274
6386,0.94
6387,0.9493
6388,0.9215
6389,0.9361
6390,0.9061
6391,0.9124
6392,0.8983
6393,0.8954
6394,0.8851
6395,0.8706
6396,0.8754
6397,0.854
6398,0.8638
6399,0.8446
6400,0.8536
6401,0.864
6402,0.878
6403,0.8877
6404,0.8963
6405,0.91
6406,0.9196
6407,0.9284
6408,0.9412
6409,0.9508
6410,0.9195
6411,0.9264
6412,0.9134
6413,0.9024
6414,0.8978
6415,0.8914
6416,0.8857
6417,0.8697
6418,0.8767
6419,0.8506
6420,0.8639
6421,0.8387
6422,0.8544
6423,0.8643
6424,0.8789
6425,0.8882
6426,0.8979
6427,0.9107
6428,0.9198
6429,0.9295
6430,0.9425
6431,0.9333
6432,0.9299
6433,0.9267
6434,0.914
6435,0.9013
6436,0.8998
6437,0.8829
6438,0.8873
6439,0.8724
6440,0.8782
6441,0.8482
6442,0.8548
6443,0.8467
6444,0.856
6445,0.8658
6446,0.8796
6447,0.8895
6448,0.8989
6449,0.912
6450,0.9214
6451,0.9301
6452,0.9433
6453,0.9381
6454,0.9265
6455,0.9207
6456,0.9148
6457,0.9003
6458,0.9009
6459,0.8793
6460,0.8885
6461,0.8612
6462,0.8727
6463,0.86
6464,0.8521
6465,0.848
6466,0.857
6467,0.8673
6468,0.881
6469,0.8902
6470,0.8995
6471,0.9133
6472,0.9223
6473,0.9312
6474,0.9436
6475,0.9407
6476,0.9275
6477,0.9187
6478,0.9161
6479,0.9013
6480,0.9006
6481,0.8804
6482,0.89
6483,0.861
6484,0.8664
6485,0.8562
6486,0.8561
6487,0.8487
6488,0.8584
6489,0.8679
6490,0.8812
6491,0.8919
6492,0.9006
6493,0.9131
6494,0.924
6495,0.9323
6496,0.9445
6497,0.935
6498,0.9284
6499,0.9122
6500,0.9176
6501,0.8936
6502,0.9022
6503,0.8833
6504,0.8807
6505,0.8693
6506,0.8681
6507,0.8577
6508,0.8467
6509,0.85
6510,0.8591
6511,0.869
6512,0.8832
6513,0.8929
6514,0.9028
6515,0.9165
6516,0.9245
6517,0.9337
6518,0.9458
6519,0.9277
6520,0.9299
6521,0.9091
6522,0.9179
6523,0.8921
6524,0.8891
6525,0.8887
6526,0.8774
6527,0.868
6528,0.8632
6529,0.8598
6530,0.8476
6531,0.8517
6532,0.8607
6533,0.871
6534,0.8837
6535,0.8949
6536,0.9035
6537,0.9165
6538,0.9267
6539,0.9353
6540,0.9465
6541,0.9274
6542,0.9314
6543,0.9048
6544,0.9201
6545,0.8936
6546,0.8934
6547,0.8837
6548,0.8766
6549,0.8703
6550,0.8588
6551,0.8611
6552,0.8449
6553,0.8525
6554,0.8625
6555,0.8724
6556,0.8849
6557,0.896
6558,0.9043
6559,0.9174
6560,0.9273
6561,0.9363
6562,0.9476
6563,0.9253
6564,0.9324
6565,0.9014
6566,0.9094
6567,0.897
6568,0.8908
6569,0.8861
6570,0.8739
6571,0.8731
6572,0.8574
6573,0.8621
6574,0.8393
6575,0.8524
6576,0.8635
6577,0.8735
6578,0.8864
6579,0.8974
6580,0.9059
6581,0.9182
6582,0.9292
6583,0.9373
6584,0.9484
6585,0.9204
6586,0.9216
6587,0.9142
6588,0.91
6589,0.8976
6590,0.8838
6591,0.8869
6592,0.871
6593,0.8718
6594,0.8563
6595,0.8636
6596,0.8374
6597,0.8543
6598,0.8649
6599,0.8752
6600,0.8872
6601,0.8983
6602,0.9072
6603,0.919
6604,0.9303
6605,0.939
6606,0.9492
6607,0.9185
6608,0.9278
6609,0.9725
6610,0.9468
6611,0.8981
6612,0.8845
6613,0.8879
6614,0.8691
6615,0.8749
6616,0.8566
6617,0.8647
6618,0.8364
6619,0.855
6620,0.8656
6621,0.8746
6622,0.8882
6623,0.9
6624,0.9078
6625,0.9191
6626,0.9315
6627,0.939
6628,0.9399
6629,0.9289
6630,0.9193
6631,0.9116
6632,0.9002
6633,0.8999
6634,0.8879
6635,0.8886
6636,0.8653
6637,0.8751
6638,0.8515
6639,0.8548
6640,0.843
6641,0.8569
6642,0.8675
6643,0.8771
6644,0.8889
6645,0.9011
6646,0.9105
6647,0.9203
6648,0.9323
6649,0.9411
6650,0.9392
6651,0.9288
6652,0.9157
6653,0.9122
6654,0.8994
6655,0.9
6656,0.8798
6657,0.8901
6658,0.8686
6659,0.8652
6660,0.8586
6661,0.8544
6662,0.8445
6663,0.8578
6664,0.8701
6665,0.8781
6666,0.89
6667,0.9027
6668,0.9122
6669,0.9215
6670,0.934
6671,0.9425
6672,0.9319
6673,0.9297
6674,0.9173
6675,0.9133
6676,0.8962
6677,0.9029
6678,0.8738
6679,0.8915
6680,0.8585
6681,0.8684
6682,0.8578
6683,0.8507
6684,0.8459
6685,0.8591
6686,0.8703
6687,0.88
6688,0.8911
6689,0.9032
6690,0.9126
6691,0.922
6692,0.9351
6693,0.9443
6694,0.9279
6695,0.931
6696,0.9097
6697,0.915
6698,0.9011
6699,0.9035
6700,0.875
6701,0.8822
6702,0.8698
6703,0.8602
6704,0.8588
6705,0.855
6706,0.8473
6707,0.8595
6708,0.8728
6709,0.8803
6710,0.8927
6711,0.9059
6712,0.9132
6713,0.9234
6714,0.9363
6715,0.9453
6716,0.9288
6717,0.9321
6718,0.9066
6719,0.9156
6720,0.8911
6721,0.8972
6722,0.8827
6723,0.8802
6724,0.8716
6725,0.8659
6726,0.8597
6727,0.8471
6728,0.8491
6729,0.8605
6730,0.8736
6731,0.8822
6732,0.8928
6733,0.9064
6734,0.915
6735,0.9247
6736,0.9383
6737,0.9461
6738,0.9276
6739,0.9325
6740,0.905
6741,0.9167
6742,0.8877
6743,0.8931
6744,0.8812
6745,0.8751
6746,0.8724
6747,0.8596
6748,0.8601
6749,0.8432
6750,0.85
6751,0.8616
6752,0.8747
6753,0.8839
6754,0.8951
6755,0.9079
6756,0.9165
6757,0.9245
6758,0.9379
6759,0.9473
6760,0.9241
6761,0.9335
6762,0.9032
6763,0.904
6764,0.8968
6765,0.8905
6766,0.8826
6767,0.8758
6768,0.8736
6769,0.8587
6770,0.8623
6771,0.84
6772,0.8512
6773,0.8627
6774,0.876
6775,0.8846
6776,0.895
6777,0.9086
6778,0.9173
6779,0.9273
6780,0.9391
6781,0.9489
6782,0.9193
6783,0.9276
6784,0.9132
6785,0.9047
6786,0.8984
6787,0.8846
6788,0.8845
6789,0.8738
6790,0.8752
6791,0.8521
6792,0.8629
6793,0.8402
6794,0.8525
6795,0.8635
6796,0.8777
6797,0.887
6798,0.8962
6799,0.9092
6800,0.9185
6801,0.9279
6802,0.9408
6803,0.95
6804,0.9195
6805,0.9214
6806,0.9122
6807,0.9063
6808,0.899
6809,0.8843
6810,0.8853
6811,0.8642
6812,0.8766
6813,0.8559
6814,0.8547
6815,0.8485
6816,0.8542
6817,0.8645
6818,0.8788
6819,0.8874
6820,0.8973
6821,0.9102
6822,0.9198
6823,0.9289
6824,0.9416
6825,0.9391
6826,0.9262
6827,0.9198
6828,0.913
6829,0.8946
6830,0.8994
6831,0.8861
6832,0.8867
6833,0.8634
6834,0.8775
6835,0.846
6836,0.8546
6837,0.8462
6838,0.8559
6839,0.8647
6840,0.8793
6841,0.8887
6842,0.8982
6843,0.9115
6844,0.921
6845,0.9303
6846,0.9426
6847,0.9391
6848,0.9258
6849,0.9147
6850,0.9144
6851,0.8945
6852,0.9005
6853,0.8825
6854,0.8877
6855,0.8613
6856,0.8672
6857,0.8555
6858,0.8513
6859,0.8473
6860,0.8568
6861,0.867
6862,0.8807
6863,0.8904
6864,0.8999
6865,0.9122
6866,0.9225
6867,0.9314
6868,0.9437
6869,0.9334
6870,0.9257
6871,0.9168
6872,0.916
6873,0.8938
6874,0.9014
6875,0.8767
6876,0.8783
6877,0.87
6878,0.8713
6879,0.8566
6880,0.8476
6881,0.8484
6882,0.8582
6883,0.8683
6884,0.8819
6885,0.8915
6886,0.9001
6887,0.9132
6888,0.924
6889,0.9322
6890,0.9438
6891,0.9293
6892,0.9281
6893,0.9462
6894,0.964
6895,0.9024
6896,0.9022
6897,0.8749
6898,0.8776
6899,0.868
6900,0.8632
6901,0.8579
6902,0.8502
6903,0.8498
6904,0.8582
6905,0.8694
6906,0.883
6907,0.893
6908,0.902
6909,0.9151
6910,0.9251
6911,0.9328
6912,0.9454
6913,0.9297
6914,0.9296
6915,0.9074
6916,0.9194
6917,0.8898
6918,0.8965
6919,0.8838
6920,0.8761
6921,0.8683
6922,0.8618
6923,0.8596
6924,0.8416
6925,0.8504
6926,0.8612
6927,0.8701
6928,0.8837
6929,0.894
6930,0.9028
6931,0.9155
6932,0.9262
6933,0.9346
6934,0.9462
6935,0.9282
6936,0.931
6937,0.9027
6938,0.907
6939,0.898
6940,0.8882
6941,0.884
6942,0.8772
6943,0.8699
6944,0.8583
6945,0.8602
6946,0.8392
6947,0.8516
6948,0.8622
6949,0.8711
6950,0.8847
6951,0.8956
6952,0.9037
6953,0.9166
6954,0.9274
6955,0.9357
6956,0.947
6957,0.9212
6958,0.9317
6959,0.9028
6960,0.9108
6961,0.8957
6962,0.8863
6963,0.886
6964,0.8704
6965,0.8703
6966,0.8594
6967,0.8621
6968,0.837
6969,0.8531
6970,0.8624
6971,0.8726
6972,0.8857
6973,0.8971
6974,0.9055
6975,0.918
6976,0.9284
6977,0.9372
6978,0.9478
6979,0.919
6980,0.9187
6981,0.909
6982,0.9023
6983,0.8966
6984,0.8859
6985,0.8868
6986,0.8705
6987,0.872
6988,0.8497
6989,0.8633
6990,0.842
6991,0.8545
6992,0.865
6993,0.8736
6994,0.8881
6995,0.8976
6996,0.9066
6997,0.9186
6998,0.9304
6999,0.9389
7000,0.9374
7001,0.9296
7002,0.9181
7003,0.9105
7004,0.9017
7005,0.8988
7006,0.8828
7007,0.8864
7008,0.8658
7009,0.8734
7010,0.851
7011,0.86
7012,0.8424
7013,0.8548
7014,0.8663
7015,0.875
7016,0.8874
7017,0.8995
7018,0.9083
7019,0.919
7020,0.9321
7021,0.9397
7022,0.9348
7023,0.9279
7024,0.9228
7025,0.9117
7026,0.8998
7027,0.8996
7028,0.8822
7029,0.8887
7030,0.861
7031,0.8677
7032,0.8608
7033,0.8526
7034,0.8434
7035,0.8568
7036,0.8679
7037,0.8776
7038,0.8875
7039,0.9017
7040,0.909
7041,0.9205
7042,0.9327
7043,0.9417
7044,0.93
7045,0.9292
7046,0.9136
7047,0.9117
7048,0.8984
7049,0.9013
7050,0.8796
7051,0.8899
7052,0.8609
7053,0.8605
7054,0.8562
7055,0.8513
7056,0.8444
7057,0.8571
7058,0.8694
7059,0.8789
7060,0.8906
7061,0.9026
7062,0.9109
7063,0.9203
7064,0.9339
7065,0.9422
7066,0.928
7067,0.9297
7068,0.9106
7069,0.9145
7070,0.8964
7071,0.9018
7072,0.8748
7073,0.8836
7074,0.8689
7075,0.8621
7076,0.8579
7077,0.8543
7078,0.8457
7079,0.8583
7080,0.8714
7081,0.8785
7082,0.8915
7083,0.9038
7084,0.9126
7085,0.9211
7086,0.9346
7087,0.9429
7088,0.9284
7089,0.931
7090,0.9048
7091,0.9156
7092,0.8918
7093,0.8929
7094,0.8837
7095,0.8761
7096,0.8696
7097,0.8569
7098,0.8615
7099,0.8477
7100,0.8477
7101,0.8602
7102,0.8723
7103,0.8803
7104,0.8946
7105,0.9052
7106,0.914
7107,0.9245
7108,0.9371
7109,0.945
7110,0.9271
7111,0.93
7112,0.9033
7113,0.9161
7114,0.8888
7115,0.8954
7116,0.8808
7117,0.8746
7118,0.8713
7119,0.8592
7120,0.8592
7121,0.8424
7122,0.8493
7123,0.8609
7124,0.8737
7125,0.8828
7126,0.8931
7127,0.9052
7128,0.9155
7129,0.9243
7130,0.9372
7131,0.9465
7132,0.9236
7133,0.9346
7134,0.9053
7135,0.9038
7136,0.8966
7137,0.8887
7138,0.8825
7139,0.8767
7140,0.872
7141,0.8535
7142,0.8593
7143,0.843
7144,0.8493
7145,0.8602
7146,0.8761
7147,0.8836
7148,0.8944
7149,0.9064
7150,0.9168
7151,0.9265
7152,0.9382
7153,0.9475
7154,0.9179
7155,0.9218
7156,0.9157
7157,0.9079
7158,0.8969
7159,0.8916
7160,0.8831
7161,0.8681
7162,0.8746
7163,0.8559
7164,0.8609
7165,0.8408
7166,0.8522
7167,0.8638
7168,0.8778
7169,0.8858
7170,0.8953
7171,0.9085
7172,0.9183
7173,0.9266
7174,0.9399
7175,0.9497
7176,0.9152
7177,0.9205
7178,0.9111
7179,0.9044
7180,0.8983
7181,0.8858
7182,0.8848
7183,0.8668
7184,0.8756
7185,0.8496
7186,0.8645
7187,0.8413
7188,0.8538
7189,0.8648
7190,0.8783
7191,0.8872
7192,0.8968
7193,0.9107
7194,0.9197
7195,0.9284
7196,0.9411
7197,0.9419
7198,0.9264
7199,0.9181
7200,0.9133
7201,0.8995
7202,0.9005
7203,0.8901
7204,0.8869
7205,0.8669
7206,0.8779
7207,0.8542
7208,0.8541
7209,0.8468
7210,0.8564
7211,0.8662
7212,0.8798
7213,0.8896
7214,0.8983
7215,0.9121
7216,0.922
7217,0.9323
7218,0.9438
7219,0.943
7220,0.9262
7221,0.9188
7222,0.9152
7223,0.8984
7224,0.9027
7225,0.8801
7226,0.8889
7227,0.8662
7228,0.8706
7229,0.858
7230,0.8494
7231,0.8475
7232,0.8577
7233,0.8677
7234,0.8826
7235,0.8903
7236,0.9009
7237,0.9135
7238,0.9229
7239,0.9312
7240,0.9439
7241,0.939
7242,0.927
7243,0.9188
7244,0.9169
7245,0.8961
7246,0.9017
7247,0.8803
7248,0.8899
7249,0.8559
7250,0.8717
7251,0.858
7252,0.8462
7253,0.8485
7254,0.8587
7255,0.869
7256,0.8825
7257,0.8922
7258,0.9019
7259,0.9141
7260,0.9246
7261,0.9331
7262,0.9441
7263,0.9334
7264,0.9296
7265,0.9121
7266,0.9181
7267,0.895
7268,0.9037
7269,0.8777
7270,0.8783
7271,0.8685
7272,0.8666
7273,0.8589
7274,0.8506
7275,0.85
7276,0.8602
7277,0.8693
7278,0.8831
7279,0.8937
7280,0.9037
7281,0.9153
7282,0.926
7283,0.9359
7284,0.9456
7285,0.9308
7286,0.9308
7287,0.9175
7288,0.9194
7289,0.8922
7290,0.8956
7291,0.8861
7292,0.8782
7293,0.8693
7294,0.8614
7295,0.8601
7296,0.8494
7297,0.8511
7298,0.8618
7299,0.8716
7300,0.8843
7301,0.895
7302,0.9042
7303,0.9167
7304,0.9272
7305,0.9363
7306,0.9465
7307,0.9297
7308,0.9319
7309,0.9031
7310,0.9204
7311,0.888
7312,0.8947
7313,0.8847
7314,0.8787
7315,0.8707
7316,0.8602
7317,0.861
7318,0.8391
7319,0.8524
7320,0.8625
7321,0.8714
7322,0.8854
7323,0.8959
7324,0.9045
7325,0.9164
7326,0.9289
7327,0.9385
7328,0.9466
7329,0.9293
7330,0.9337
7331,0.9012
7332,0.9118
7333,0.8963
7334,0.8988
7335,0.9107
7336,0.8889
7337,0.8724
7338,0.8571
7339,0.8635
7340,0.838
7341,0.8532
7342,0.8644
7343,0.8746
7344,0.8866
7345,0.8973
7346,0.9062
7347,0.9176
7348,0.9294
7349,0.9383
7350,0.9477
7351,0.925
7352,0.9249
7353,0.9118
7354,0.905
7355,0.8979
7356,0.8847
7357,0.8867
7358,0.8732
7359,0.8736
7360,0.8546
7361,0.8637
7362,0.8357
7363,0.8537
7364,0.8649
7365,0.8742
7366,0.8868
7367,0.8986
7368,0.9077
7369,0.9182
7370,0.9309
7371,0.9388
7372,0.9487
7373,0.917
7374,0.9235
7375,0.9109
7376,0.9084
7377,0.899
7378,0.882
7379,0.888
7380,0.8681
7381,0.8745
7382,0.8547
7383,0.8562
7384,0.8437
7385,0.855
7386,0.8668
7387,0.8765
7388,0.8875
7389,0.9004
7390,0.9097
7391,0.9188
7392,0.9318
7393,0.9408
7394,0.9366
7395,0.9281
7396,0.9204
7397,0.9113
7398,0.9033
7399,0.8996
7400,0.8875
7401,0.8885
7402,0.8635
7403,0.8758
7404,0.8513
7405,0.8537
7406,0.8437
7407,0.856
7408,0.8675
7409,0.8776
7410,0.8883
7411,0.9014
7412,0.9096
7413,0.9201
7414,0.9328
7415,0.9426
7416,0.9382
7417,0.929
7418,0.919
7419,0.912
7420,0.8973
7421,0.9009
7422,0.8778
7423,0.8899
7424,0.8696
7425,0.8631
7426,0.8563
7427,0.855
7428,0.8451
7429,0.8564
7430,0.8685
7431,0.8789
7432,0.8893
7433,0.9032
7434,0.912
7435,0.921
7436,0.9341
7437,0.9437
7438,0.9304
7439,0.9299
7440,0.9114
7441,0.9137
7442,0.8962
7443,0.9031
7444,0.8735
7445,0.877
7446,0.8723
7447,0.8617
7448,0.857
7449,0.8523
7450,0.8476
7451,0.8577
7452,0.8712
7453,0.8805
7454,0.8905
7455,0.9042
7456,0.9128
7457,0.9227
7458,0.9355
7459,0.9442
7460,0.9338
7461,0.9309
7462,0.9093
7463,0.9156
7464,0.8954
7465,0.9041
7466,0.878
7467,0.8809
7468,0.8705
7469,0.8622
7470,0.8575
7471,0.8444
7472,0.8489
7473,0.8588
7474,0.8731
7475,0.882
7476,0.8918
7477,0.9056
7478,0.9145
7479,0.9239
7480,0.9366
7481,0.9462
7482,0.9309
7483,0.9318
7484,0.908
7485,0.9164
7486,0.8859
7487,0.8944
7488,0.8808
7489,0.879
7490,0.8719
7491,0.8607
7492,0.8586
7493,0.8453
7494,0.8494
7495,0.8602
7496,0.8737
7497,0.8839
7498,0.8932
7499,0.9062
7500,0.9162
7501,0.9247
7502,0.9371
7503,0.9482
7504,0.9211
7505,0.9329
7506,0.9121
7507,0.9037
7508,0.8991
7509,0.8943
7510,0.8823
7511,0.8754
7512,0.8729
7513,0.8597
7514,0.8596
7515,0.843
7516,0.8509
7517,0.8613
7518,0.8751
7519,0.8838
7520,0.8942
7521,0.9074
7522,0.9177
7523,0.925
7524,0.939
7525,0.9503
7526,0.9167
7527,0.9338
7528,0.902
7529,0.9096
7530,0.8963
7531,0.8889
7532,0.8842
7533,0.873
7534,0.8751
7535,0.8541
7536,0.8612
7537,0.8464
7538,0.8528
7539,0.8629
7540,0.8754
7541,0.8868
7542,0.8943
7543,0.9085
7544,0.9186
7545,0.9277
7546,0.9394
7547,0.9499
7548,0.9188
7549,0.9214
7550,0.9124
7551,0.9074
7552,0.8972
7553,0.8901
7554,0.8846
7555,0.8672
7556,0.8775
7557,0.8527
7558,0.8627
7559,0.8405
7560,0.8554
7561,0.8636
7562,0.8774
7563,0.8872
7564,0.8971
7565,0.9097
7566,0.9203
7567,0.9281
7568,0.9397
7569,0.9353
7570,0.929
7571,0.9199
7572,0.9133
7573,0.9033
7574,0.898
7575,0.8858
7576,0.8873
7577,0.8683
7578,0.8776
7579,0.8506
7580,0.8535
7581,0.8461
7582,0.8558
7583,0.8653
7584,0.8784
7585,0.8901
7586,0.8986
7587,0.9107
7588,0.9219
7589,0.9301
7590,0.9414
7591,0.9382
7592,0.9268
7593,0.9221
7594,0.9148
7595,0.9
7596,0.8996
7597,0.8801
7598,0.8888
7599,0.8665
7600,0.8706
7601,0.8607
7602,0.856
7603,0.8464
7604,0.8561
7605,0.8648
7606,0.8785
7607,0.8905
7608,0.8999
7609,0.9114
7610,0.9232
7611,0.9323
7612,0.9422
7613,0.9455
7614,0.9275
7615,0.9166
7616,0.9161
7617,0.9006
7618,0.9005
7619,0.8829
7620,0.8903
7621,0.897
7622,0.8961
7623,0.8574
7624,0.8489
7625,0.8479
7626,0.8586
7627,0.8681
7628,0.8803
7629,0.8924
7630,0.9005
7631,0.9123
7632,0.9244
7633,0.9337
7634,0.9429
7635,0.9339
7636,0.9281
7637,0.9617
7638,1.0033
7639,0.9195
7640,0.9015
7641,0.8772
7642,0.8784
7643,0.8682
7644,0.8637
7645,0.8601
7646,0.8504
7647,0.8489
7648,0.8606
7649,0.8697
7650,0.882
7651,0.894
7652,0.9026
7653,0.9137
7654,0.9257
7655,0.935
7656,0.944
7657,0.9305
7658,0.931
7659,0.9079
7660,0.9179
7661,0.8886
7662,0.894
7663,0.8881
7664,0.8785
7665,0.8694
7666,0.8613
7667,0.8606
7668,0.8489
7669,0.85
7670,0.8618
7671,0.8722
7672,0.8826
7673,0.8959
7674,0.9041
7675,0.9137
7676,0.9273
7677,0.936
7678,0.9449
7679,0.9325
7680,0.9323
7681,0.9057
7682,0.9193
7683,0.8882
7684,0.8905
7685,0.8842
7686,0.8788
7687,0.8708
7688,0.8613
7689,0.8612
7690,0.8423
7691,0.8505
7692,0.8641
7693,0.8728
7694,0.8835
7695,0.8958
7696,0.9056
7697,0.9158
7698,0.9308
7699,0.9368
7700,0.9462
7701,0.9233
7702,0.9337
7703,0.9042
7704,0.9114
7705,0.8971
7706,0.8864
7707,0.8846
7708,0.8722
7709,0.8715
7710,0.8597
7711,0.8636
7712,0.8428
7713,0.8517
7714,0.8657
7715,0.874
7716,0.8844
7717,0.8972
7718,0.9069
7719,0.9161
7720,0.9301
7721,0.9392
7722,0.9475
7723,0.9231
7724,0.9222
7725,0.9146
7726,0.9127
7727,0.8975
7728,0.8879
7729,0.8864
7730,0.8755
7731,0.8734
7732,0.8584
7733,0.8639
7734,0.8388
7735,0.8533
7736,0.868
7737,0.8762
7738,0.8867
7739,0.9005
7740,0.9095
7741,0.919
7742,0.9319
7743,0.9407
7744,0.9494
7745,0.9207
7746,0.928
7747,0.9116
7748,0.9048
7749,0.9009
7750,0.8858
7751,0.8881
7752,0.8715
7753,0.8757
7754,0.8527
7755,0.8668
7756,0.84
7757,0.8555
7758,0.8698
7759,0.8786
7760,0.8884
7761,0.9021
7762,0.9113
7763,0.9201
7764,0.9335
7765,0.9418
7766,0.9384
7767,0.9306
7768,0.926
7769,0.9126
7770,0.9031
7771,0.9028
7772,0.8871
7773,0.8888
7774,0.8682
7775,0.8783
7776,0.8524
7777,0.8583
7778,0.8467
7779,0.8566
7780,0.8706
7781,0.8802
7782,0.8915
7783,0.9038
7784,0.9133
7785,0.9224
7786,0.9349
7787,0.9444
7788,0.9375
7789,0.9302
7790,0.9207
7791,0.9153
7792,0.9026
7793,0.9032
7794,0.8814
7795,0.8916
7796,0.8695
7797,0.8728
7798,0.8591
7799,0.8549
7800,0.8481
7801,0.8583
7802,0.8724
7803,0.8831
7804,0.8915
7805,0.905
7806,0.9146
7807,0.9235
7808,0.9366
7809,0.9464
7810,0.9435
7811,0.9312
7812,0.9206
7813,0.917
7814,0.8998
7815,0.9067
7816,0.8792
7817,0.8917
7818,0.866
7819,0.8681
7820,0.8583
7821,0.8576
7822,0.8505
7823,0.8601
7824,0.8739
7825,0.8841
7826,0.893
7827,0.9064
7828,0.9171
7829,0.9253
7830,0.9376
7831,0.9477
7832,0.9353
7833,0.9328
7834,0.9131
7835,0.9189
7836,0.8977
7837,0.9085
7838,0.8782
7839,0.8835
7840,0.8746
7841,0.8668
7842,0.8604
7843,0.8507
7844,0.8517
7845,0.862
7846,0.8754
7847,0.8852
7848,0.8946
7849,0.9076
7850,0.9187
7851,0.9271
7852,0.9387
7853,0.9503
7854,0.9347
7855,0.9336
7856,0.913
7857,0.9201
7858,0.8918
7859,0.9013
7860,0.8878
7861,0.88
7862,0.8757
7863,0.8645
7864,0.8616
7865,0.8475
7866,0.8525
7867,0.8629
7868,0.8765
7869,0.8869
7870,0.8963
7871,0.9081
7872,0.9208
7873,0.9271
7874,0.9391
7875,0.9511
7876,0.9322
7877,0.9345
7878,0.9132
7879,0.9206
7880,0.8876
7881,0.8978
7882,0.8855
7883,0.8813
7884,0.8765
7885,0.8651
7886,0.8627
7887,0.8469
7888,0.8543
7889,0.8638
7890,0.8773
7891,0.8873
7892,0.8974
7893,0.9093
7894,0.9209
7895,0.9298
7896,0.9403
7897,0.9532
7898,0.9255
7899,0.9355
7900,0.9165
7901,0.906
7902,0.8989
7903,0.8974
7904,0.8876
7905,0.8745
7906,0.8783
7907,0.8561
7908,0.8641
7909,0.8502
7910,0.8556
7911,0.8656
7912,0.878
7913,0.8899
7914,0.8992
7915,0.9099
7916,0.9225
7917,0.9314
7918,0.9402
7919,0.9542
7920,0.9239
7921,0.9219
7922,0.9185
7923,0.9174
7924,0.8996
7925,0.8958
7926,0.8887
7927,0.873
7928,0.8787
7929,0.8573
7930,0.8648
7931,0.841
7932,0.8587
7933,0.8671
7934,0.8793
7935,0.8916
7936,0.9003
7937,0.9114
7938,0.9241
7939,0.9326
7940,0.9424
7941,0.9543
7942,0.9242
7943,0.9248
7944,0.916
7945,0.9069
7946,0.901
7947,0.8882
7948,0.8906
7949,0.8717
7950,0.8799
7951,0.8548
7952,0.8546
7953,0.8504
7954,0.8603
7955,0.8683
7956,0.8804
7957,0.8936
7958,0.9022
7959,0.9122
7960,0.9251
7961,0.9348
7962,0.9435
7963,0.9473
7964,0.9305
7965,0.9231
7966,0.9189
7967,0.9068
7968,0.9023
7969,0.8861
7970,0.8924
7971,0.8653
7972,0.8804
7973,0.8569
7974,0.8563
7975,0.8479
7976,0.8612
7977,0.8698
7978,0.8815
7979,0.8941
7980,0.903
7981,0.913
7982,0.9262
7983,0.935
7984,0.9448
7985,0.9396
7986,0.9317
7987,0.9167
7988,0.919
7989,0.9039
7990,0.9034
7991,0.8827
7992,0.8934
7993,0.8622
7994,0.8686
7995,0.8616
7996,0.8571
7997,0.8496
7998,0.8625
7999,0.8701
8000,0.8824
8001,0.8959
8002,0.9047
8003,0.9139
8004,0.9282
8005,0.936
8006,0.9457
8007,0.9415
8008,0.9328
8009,0.9136
8010,0.9188
8011,0.9008
8012,0.9049
8013,0.8852
8014,0.8804
8015,0.8735
8016,0.8706
8017,0.8598
8018,0.8507
8019,0.8499
8020,0.8631
8021,0.8733
8022,0.8827
8023,0.8972
8024,0.9065
8025,0.9153
8026,0.9286
8027,0.9384
8028,0.9465
8029,0.932
8030,0.9337
8031,0.9187
8032,0.9205
8033,0.8956
8034,0.9053
8035,0.8765
8036,0.8827
8037,0.8716
8038,0.8665
8039,0.8638
8040,0.8521
8041,0.8508
8042,0.865
8043,0.8742
8044,0.8843
8045,0.8979
8046,0.9069
8047,0.9165
8048,0.9291
8049,0.9385
8050,0.9473
8051,0.9295
8052,0.9354
8053,0.9131
8054,0.9214
8055,0.895
8056,0.894
8057,0.8849
8058,0.8798
8059,0.8725
8060,0.865
8061,0.8642
8062,0.8476
8063,0.852
8064,0.8655
8065,0.8748
8066,0.8849
8067,0.8991
8068,0.9087
8069,0.9173
8070,0.9304
8071,0.9402
8072,0.949
8073,0.9284
8074,0.9365
8075,0.9041
8076,0.908
8077,0.9027
8078,0.8943
8079,0.8861
8080,0.8806
8081,0.8745
8082,0.859
8083,0.8658
8084,0.8447
8085,0.8531
8086,0.8676
8087,0.8766
8088,0.8863
8089,0.9003
8090,0.9104
8091,0.9187
8092,0.9316
8093,0.9409
8094,0.9498
8095,0.9325
8096,0.937
8097,0.9022
8098,0.9071
8099,0.9016
8100,0.8896
8101,0.8866
8102,0.8776
8103,0.8756
8104,0.8597
8105,0.8673
8106,0.8421
8107,0.8541
8108,0.8687
8109,0.8781
8110,0.8875
8111,0.9012
8112,0.9111
8113,0.9196
8114,0.9328
8115,0.9424
8116,0.9512
8117,0.9254
8118,0.9341
8119,0.9137
8120,0.9068
8121,0.902
8122,0.8928
8123,0.888
8124,0.8776
8125,0.8777
8126,0.8543
8127,0.8685
8128,0.8408
8129,0.8558
8130,0.8698
8131,0.8796
8132,0.8892
8133,0.9023
8134,0.9123
8135,0.921
8136,0.9339
8137,0.9435
8138,0.9362
8139,0.9334
8140,0.9253
8141,0.9147
8142,0.9068
8143,0.9036
8144,0.8845
8145,0.8896
8146,0.8716
8147,0.879
8148,0.8546
8149,0.8613
8150,0.8482
8151,0.8577
8152,0.8708
8153,0.8815
8154,0.8911
8155,0.904
8156,0.9135
8157,0.9231
8158,0.9351
8159,0.9468
8160,0.942
8161,0.9308
8162,0.9312
8163,0.9162
8164,0.901
8165,0.9055
8166,0.8843
8167,0.8915
8168,0.8707
8169,0.869
8170,0.8619
8171,0.8613
8172,0.8487
8173,0.8584
8174,0.8726
8175,0.8829
8176,0.8917
8177,0.905
8178,0.9147
8179,0.925
8180,0.936
8181,0.9476
8182,0.939
8183,0.9309
8184,0.9227
8185,0.9178
8186,0.898
8187,0.9071
8188,0.8843
8189,0.8918
8190,0.8691
8191,0.8705
8192,0.8589
8193,0.8551
8194,0.8504
8195,0.8599
8196,0.8731
8197,0.8843
8198,0.893
8199,0.9053
8200,0.9173
8201,0.9259
8202,0.9368
8203,0.9485
8204,0.9395
8205,0.9318
8206,0.9179
8207,0.9185
8208,0.8948
8209,0.9084
8210,0.8779
8211,0.8855
8212,0.874
8213,0.8694
8214,0.8605
8215,0.8523
8216,0.8524
8217,0.8614
8218,0.8746
8219,0.8857
8220,0.8949
8221,0.907
8222,0.9192
8223,0.9271
8224,0.938
8225,0.9503
8226,0.9337
8227,0.9326
8228,0.9171
8229,0.9195
8230,0.8924
8231,0.896
8232,0.8892
8233,0.8783
8234,0.8748
8235,0.8718
8236,0.8613
8237,0.8511
8238,0.8533
8239,0.8624
8240,0.8753
8241,0.8865
8242,0.8969
8243,0.9077
8244,0.9194
8245,0.9283
8246,0.9385
8247,0.9509
8248,0.9295
8249,0.9337
8250,0.9704
8251,0.9893
8252,0.8965
8253,0.8997
8254,0.8856
8255,0.8735
8256,0.8758
8257,0.8612
8258,0.8623
8259,0.8497
8260,0.8541
8261,0.8644
8262,0.876
8263,0.8882
8264,0.8979
8265,0.9085
8266,0.9205
8267,0.9294
8268,0.9393
8269,0.9526
8270,0.9254
8271,0.9351
8272,0.9094
8273,0.9134
8274,0.899
8275,0.8994
8276,0.8873
8277,0.8753
8278,0.8764
8279,0.857
8280,0.8636
8281,0.8473
8282,0.8565
8283,0.8659
8284,0.8768
8285,0.89
8286,0.8987
8287,0.9094
8288,0.922
8289,0.931
8290,0.9402
8291,0.953
8292,0.9261
8293,0.9222
8294,0.9202
8295,0.9093
8296,0.8996
8297,0.8907
8298,0.8886
8299,0.8733
8300,0.8777
8301,0.8607
8302,0.8651
8303,0.8434
8304,0.8568
8305,0.8667
8306,0.8781
8307,0.8907
8308,0.9003
8309,0.9101
8310,0.9242
8311,0.9325
8312,0.9416
8313,0.9551
8314,0.9259
8315,0.9279
8316,0.9164
8317,0.9097
8318,0.8996
8319,0.8913
8320,0.8916
8321,0.8684
8322,0.8789
8323,0.8591
8324,0.8665
8325,0.8408
8326,0.8594
8327,0.8677
8328,0.8804
8329,0.8928
8330,0.9012
8331,0.9112
8332,0.9247
8333,0.9337
8334,0.9427
8335,0.9424
8336,0.9308
8337,0.9207
8338,0.9169
8339,0.9088
8340,0.9014
8341,0.8881
8342,0.8906
8343,0.8703
8344,0.8794
8345,0.8527
8346,0.8627
8347,0.8468
8348,0.862
8349,0.8694
8350,0.8801
8351,0.8934
8352,0.9022
8353,0.9119
8354,0.9254
8355,0.9343
8356,0.944
8357,0.9403
8358,0.9305
8359,0.9185
8360,0.9181
8361,0.9007
8362,0.9027
8363,0.8875
8364,0.893
8365,0.8646
8366,0.8688
8367,0.8619
8368,0.8551
8369,0.8475
8370,0.8619
8371,0.8695
8372,0.8805
8373,0.8959
8374,0.9041
8375,0.9137
8376,0.9268
8377,0.9359
8378,0.9444
8379,0.9418
8380,0.9323
8381,0.9154
8382,0.9186
8383,0.8969
8384,0.9038
8385,0.8792
8386,0.8945
8387,0.8638
8388,0.8701
8389,0.8621
8390,0.852
8391,0.8489
8392,0.8633
8393,0.8726
8394,0.8829
8395,0.897
8396,0.9053
8397,0.9149
8398,0.9282
8399,0.9371
8400,0.9461
8401,0.9349
8402,0.9333
8403,0.9187
8404,0.9197
8405,0.8951
8406,0.9053
8407,0.8821
8408,0.8865
8409,0.8718
8410,0.8658
8411,0.864
8412,0.8492
8413,0.8497
8414,0.8646
8415,0.8737
8416,0.8837
8417,0.8971
8418,0.9077
8419,0.9162
8420,0.9292
8421,0.9375
8422,0.9471
8423,0.9276
8424,0.9349
8425,0.9132
8426,0.9204
8427,0.8974
8428,0.8945
8429,0.8865
8430,0.8818
8431,0.8729
8432,0.8648
8433,0.8645
8434,0.8473
8435,0.8515
8436,0.8653
8437,0.8744
8438,0.8847
8439,0.8978
8440,0.9075
8441,0.917
8442,0.9297
8443,0.9396
8444,0.9479
8445,0.9311
8446,0.9354
8447,0.9143
8448,0.921
8449,0.8955
8450,0.8979
8451,0.8848
8452,0.8772
8453,0.8738
8454,0.8622
8455,0.8648
8456,0.8457
8457,0.8519
8458,0.8648
8459,0.876
8460,0.8852
8461,0.8988
8462,0.9093
8463,0.9177
8464,0.93
8465,0.9404
8466,0.9487
8467,0.9282
8468,0.9366
8469,0.9031
8470,0.9082
8471,0.9002
8472,0.8944
8473,0.8858
8474,0.88
8475,0.8749
8476,0.8616
8477,0.8661
8478,0.8418
8479,0.8537
8480,0.8658
8481,0.8761
8482,0.887
8483,0.8996
8484,0.9099
8485,0.919
8486,0.932
8487,0.9414
8488,0.9489
8489,0.9216
8490,0.9295
8491,0.9153
8492,0.9094
8493,0.9027
8494,0.8934
8495,0.887
8496,0.8886
8497,0.8945
8498,0.8633
8499,0.8679
8500,0.8448
8501,0.8549
8502,0.8692
8503,0.8795
8504,0.8888
8505,0.9004
8506,0.9113
8507,0.9214
8508,0.9322
8509,0.9444
8510,0.9527
8511,0.9178
8512,0.9262
8513,0.9141
8514,0.9041
8515,0.9053
8516,0.8899
8517,0.8885
8518,0.8713
8519,0.8788
8520,0.8925
8521,0.893
8522,0.8493
8523,0.856
8524,0.8705
8525,0.8809
8526,0.8899
8527,0.9028
8528,0.9136
8529,0.9226
8530,0.9335
8531,0.9458
8532,0.9452
8533,0.9288
8534,0.9215
8535,0.9147
8536,0.9027
8537,0.905
8538,0.8889
8539,0.8893
8540,0.868
8541,0.8797
8542,0.8523
8543,0.8559
8544,0.8468
8545,0.8571
8546,0.871
8547,0.8827
8548,0.8909
8549,0.9031
8550,0.9146
8551,0.9235
8552,0.9341
8553,0.9463
8554,0.9373
8555,0.9296
8556,0.9221
8557,0.9179
8558,0.8988
8559,0.9057
8560,0.9259
8561,0.9439
8562,0.8762
8563,0.8695
8564,0.8577
8565,0.8559
8566,0.8483
8567,0.8589
8568,0.8724
8569,0.8829
8570,0.8927
8571,0.9046
8572,0.9152
8573,0.9251
8574,0.9361
8575,0.9477
8576,0.9426
8577,0.9315
8578,0.9214
8579,0.9184
8580,0.8983
8581,0.9075
8582,0.8769
8583,0.8813
8584,0.876
8585,0.8718
8586,0.8588
8587,0.8521
8588,0.8513
8589,0.8599
8590,0.8725
8591,0.8854
8592,0.8944
8593,0.906
8594,0.9182
8595,0.9263
8596,0.9367
8597,0.9496
8598,0.9329
8599,0.9317
8600,0.9158
8601,0.9203
8602,0.8975
8603,0.9083
8604,0.8791
8605,0.8836
8606,0.8737
8607,0.8665
8608,0.8602
8609,0.8525
8610,0.8528
8611,0.8629
8612,0.8743
8613,0.8867
8614,0.8959
8615,0.9066
8616,0.9193
8617,0.9268
8618,0.9375
8619,0.9509
8620,0.9298
8621,0.933
8622,0.9131
8623,0.9221
8624,0.8923
8625,0.9025
8626,0.8861
8627,0.8784
8628,0.8743
8629,0.8639
8630,0.8625
8631,0.8476
8632,0.8544
8633,0.8637
8634,0.8751
8635,0.8881
8636,0.8977
8637,0.9073
8638,0.9206
8639,0.9284
8640,0.9385
8641,0.9515
8642,0.9308
8643,0.9351
8644,0.911
8645,0.9089
8646,0.9012
8647,0.8945
8648,0.8869
8649,0.8818
8650,0.8759
8651,0.8605
8652,0.8646
8653,0.8476
8654,0.8557
8655,0.8653
8656,0.8763
8657,0.8893
8658,0.8976
8659,0.9088
8660,0.922
8661,0.9311
8662,0.9399
8663,0.9532
8664,0.9278
8665,0.9355
8666,0.9107
8667,0.9113
8668,0.8987
8669,0.8932
8670,0.8892
8671,0.873
8672,0.8771
8673,0.8628
8674,0.8648
8675,0.8415
8676,0.8574
8677,0.8667
8678,0.8771
8679,0.8906
8680,0.8996
8681,0.9094
8682,0.9237
8683,0.9322
8684,0.9409
8685,0.9545
8686,0.9221
8687,0.9234
8688,0.9163
8689,0.911
8690,0.8998
8691,0.891
8692,0.8895
8693,0.8699
8694,0.8777
8695,0.8562
8696,0.8667
8697,0.8436
8698,0.8588
8699,0.868
8700,0.8786
8701,0.8922
8702,0.9011
8703,0.9115
8704,0.9235
8705,0.9329
8706,0.942
8707,0.941
8708,0.9334
8709,0.9191
8710,0.9164
8711,0.905
8712,0.9012
8713,0.8887
8714,0.8908
8715,0.8676
8716,0.8785
8717,0.8549
8718,0.8582
8719,0.8464
8720,0.8597
8721,0.8688
8722,0.8797
8723,0.8935
8724,0.9027
8725,0.9121
8726,0.9247
8727,0.9343
8728,0.9425
8729,0.9431
8730,0.9308
8731,0.918
8732,0.9169
8733,0.9103
8734,0.9023
8735,0.8888
8736,0.8926
8737,0.8669
8738,0.8675
8739,0.8639
8740,0.8534
8741,0.8476
8742,0.8614
8743,0.8706
8744,0.8815
8745,0.8944
8746,0.9044
8747,0.913
8748,0.9264
8749,0.9355
8750,0.9446
8751,0.939
8752,0.932
8753,0.9202
8754,0.919
8755,0.9005
8756,0.9037
8757,0.8912
8758,0.8948
8759,0.8659
8760,0.8738
8761,0.8603
8762,0.8574
8763,0.8486
8764,0.8632
8765,0.8723
8766,0.8821
8767,0.8955
8768,0.9057
8769,0.9146
8770,0.9282
8771,0.9371
8772,0.9464
8773,0.9345
8774,0.9334
8775,0.9165
8776,0.9199
8777,0.8998
8778,0.9052
8779,0.878
8780,0.8831
8781,0.8724
8782,0.8675
8783,0.8626
8784,0.8512
8785,0.8503
8786,0.8629
8787,0.8735
8788,0.8836
8789,0.8971
8790,0.9063
8791,0.9163
8792,0.9287
8793,0.9378
8794,0.9468
8795,0.9317
8796,0.9347
8797,0.9126
8798,0.9205
8799,0.8991
8800,0.8979
8801,0.8889
8802,0.8826
8803,0.8725
8804,0.8631
8805,0.8641
8806,0.8537
8807,0.8512
8808,0.8654
8809,0.875
8810,0.8849
8811,0.8982
8812,0.9071
8813,0.9172
8814,0.9292
8815,0.9383
8816,0.9475
8817,0.9343
8818,0.9362
8819,0.9084
8820,0.9212
8821,0.8979
8822,0.9003
8823,0.8856
8824,0.8801
8825,0.8744
8826,0.8624
8827,0.8652
8828,0.8442
8829,0.8525
8830,0.8661
8831,0.8759
8832,0.8866
8833,0.8995
8834,0.9096
8835,0.9181
8836,0.9314
8837,0.9416
8838,0.9494
8839,0.9281
8840,0.9379
8841,0.9093
8842,0.9107
8843,0.9016
8844,0.8925
8845,0.8858
8846,0.8786
8847,0.8758
8848,0.8583
8849,0.867
8850,0.8439
8851,0.8543
8852,0.8674
8853,0.8783
8854,0.8875
8855,0.9005
8856,0.9109
8857,0.9188
8858,0.9322
8859,0.9427
8860,0.9518
8861,0.9232
8862,0.9242
8863,0.9183
8864,0.9121
8865,0.9025
8866,0.8893
8867,0.8873
8868,0.8745
8869,0.8771
8870,0.8586
8871,0.868
8872,0.8419
8873,0.8554
8874,0.8685
8875,0.8798
8876,0.8882
8877,0.9021
8878,0.9123
8879,0.9219
8880,0.9339
8881,0.9443
8882,0.9527
8883,0.9204
8884,0.9279
8885,0.9148
8886,0.9051
8887,0.9036
8888,0.8947
8889,0.8889
8890,0.8714
8891,0.8787
8892,0.8532
8893,0.8692
8894,0.8428
8895,0.8559
8896,0.8708
8897,0.8809
8898,0.89
8899,0.9022
8900,0.9139
8901,0.9221
8902,0.9342
8903,0.9452
8904,0.9429
8905,0.9303
8906,0.9262
8907,0.9155
8908,0.8991
8909,0.9046
8910,0.8881
8911,0.8898
8912,0.8746
8913,0.8796
8914,0.848
8915,0.8594
8916,0.8485
8917,0.8575
8918,0.8708
8919,0.8828
8920,0.891
8921,0.9034
8922,0.9148
8923,0.9234
8924,0.9347
8925,0.9468
8926,0.9366
8927,0.9309
8928,0.9216
8929,0.9165
8930,0.9055
8931,0.9049
8932,0.8808
8933,0.8917
8934,0.9367
8935,0.9343
8936,0.8599
8937,0.8582
8938,0.8493
8939,0.8589
8940,0.8723
8941,0.8833
8942,0.8923
8943,0.9049
8944,0.9166
8945,0.9242
8946,0.9361
8947,0.948
8948,0.9376
8949,0.9312
8950,0.9171
8951,0.918
8952,0.899
8953,0.9072
8954,0.886
8955,0.8921
8956,0.863
8957,0.873
8958,0.8585
8959,0.8543
8960,0.8498
8961,0.8601
8962,0.8734
8963,0.8838
8964,0.8933
8965,0.9057
8966,0.9188
8967,0.9267
8968,0.9374
8969,0.9493
8970,0.9388
8971,0.9316
8972,0.9176
8973,0.9198
8974,0.8923
8975,0.9084
8976,0.8819
8977,0.8861
8978,0.8737
8979,0.8691
8980,0.8608
8981,0.851
8982,0.8513
8983,0.8616
8984,0.8747
8985,0.8877
8986,0.8952
8987,0.9069
8988,0.9191
8989,0.928
8990,0.9378
8991,0.9511
8992,0.9306
8993,0.9333
8994,0.9178
8995,0.9209
8996,0.8931
8997,0.8963
8998,0.8883
8999,0.8784
9000,0.8755
9001,0.8698
9002,0.8617
9003,0.8487
9004,0.8535
9005,0.8647
9006,0.8755
9007,0.8881
9008,0.8956
9009,0.9082
9010,0.921
9011,0.9291
9012,0.9388
9013,0.9521
9014,0.9295
9015,0.9361
9016,0.9143
9017,0.9228
9018,0.8946
9019,0.8971
9020,0.8878
9021,0.8727
9022,0.876
9023,0.8624
9024,0.8636
9025,0.8528
9026,0.8557
9027,0.8652
9028,0.8773
9029,0.8895
9030,0.8989
9031,0.9097
9032,0.9222
9033,0.9311
9034,0.9408
9035,0.9536
9036,0.9296
9037,0.9369
9038,0.9082
9039,0.9103
9040,0.8982
9041,0.8941
9042,0.8889
9043,0.8766
9044,0.8787
9045,0.8596
9046,0.865
9047,0.8447
9048,0.8573
9049,0.8665
9050,0.8784
9051,0.8915
9052,0.8999
9053,0.9095
9054,0.9235
9055,0.9329
9056,0.9413
9057,0.9557
9058,0.9273
9059,0.9284
9060,0.9192
9061,0.9099
9062,0.9007
9063,0.8902
9064,0.8902
9065,0.8792
9066,0.8788
9067,0.8583
9068,0.8668
9069,0.8492
9070,0.8588
9071,0.8685
9072,0.8796
9073,0.8928
9074,0.9017
9075,0.9108
9076,0.9257
9077,0.9339
9078,0.9433
9079,0.9565
9080,0.9255
9081,0.9272
9082,0.9177
9083,0.9099
9084,0.9017
9085,0.8869
9086,0.8919
9087,0.8688
9088,0.8798
9089,0.8591
9090,0.8563
9091,0.8507
9092,0.8612
9093,0.8702
9094,0.8811
9095,0.894
9096,0.9033
9097,0.913
9098,0.9269
9099,0.936
9100,0.9443
9101,0.9456
9102,0.9313
9103,0.9217
9104,0.9176
9105,0.9077
9106,0.9027
9107,0.8889
9108,0.8941
9109,0.8649
9110,0.8812
9111,0.8524
9112,0.8628
9113,0.8482
9114,0.8607
9115,0.8716
9116,0.8818
9117,0.8955
9118,0.9045
9119,0.9139
9120,0.9274
9121,0.936
9122,0.9456
9123,0.9407
9124,0.9326
9125,0.9197
9126,0.9195
9127,0.901
9128,0.9039
9129,0.8889
9130,0.8948
9131,0.866
9132,0.8729
9133,0.8619
9134,0.8536
9135,0.8498
9136,0.8633
9137,0.8722
9138,0.8832
9139,0.8967
9140,0.9062
9141,0.9153
9142,0.9287
9143,0.9362
9144,0.9469
9145,0.9427
9146,0.9337
9147,0.9173
9148,0.9208
9149,0.9001
9150,0.9055
9151,0.8796
9152,0.8881
9153,0.876
9154,0.8685
9155,0.8628
9156,0.8552
9157,0.8509
9158,0.8649
9159,0.874
9160,0.8842
9161,0.8979
9162,0.9074
9163,0.9172
9164,0.9299
9165,0.9389
9166,0.9473
9167,0.9358
9168,0.9352
9169,0.9149
9170,0.9221
9171,0.8956
9172,0.907
9173,0.8859
9174,0.8845
9175,0.8736
9176,0.8688
9177,0.8645
9178,0.8534
9179,0.8525
9180,0.8668
9181,0.8755
9182,0.8864
9183,0.8998
9184,0.9089
9185,0.9178
9186,0.9317
9187,0.9404
9188,0.9482
9189,0.9332
9190,0.9368
9191,0.9104
9192,0.9235
9193,0.9015
9194,0.897
9195,0.8864
9196,0.8853
9197,0.8742
9198,0.862
9199,0.8659
9200,0.8547
9201,0.8533
9202,0.8666
9203,0.8764
9204,0.8866
9205,0.9
9206,0.9103
9207,0.9188
9208,0.932
9209,0.9422
9210,0.9505
9211,0.9344
9212,0.9375
9213,0.9092
9214,0.9114
9215,0.9043
9216,0.8933
9217,0.8875
9218,0.8824
9219,0.8759
9220,0.8608
9221,0.866
9222,0.8417
9223,0.8542
9224,0.8693
9225,0.8782
9226,0.888
9227,0.9014
9228,0.911
9229,0.9203
9230,0.9334
9231,0.9432
9232,0.9515
9233,0.9259
9234,0.9401
9235,0.9068
9236,0.9122
9237,0.9023
9238,0.8938
9239,0.8883
9240,0.8773
9241,0.8773
9242,0.8589
9243,0.8684
9244,0.8461
9245,0.855
9246,0.87
9247,0.8802
9248,0.8892
9249,0.9027
9250,0.9123
9251,0.9217
9252,0.9341
9253,0.9441
9254,0.9527
9255,0.9222
9256,0.9281
9257,0.9148
9258,0.912
9259,0.9036
9260,0.893
9261,0.8898
9262,0.8767
9263,0.8779
9264,0.8599
9265,0.8695
9266,0.8401
9267,0.8564
9268,0.8712
9269,0.8807
9270,0.8904
9271,0.9031
9272,0.914
9273,0.9223
9274,0.9349
9275,0.9457
9276,0.9383
9277,0.9341
9278,0.9253
9279,0.9161
9280,0.9105
9281,0.9051
9282,0.8872
9283,0.8909
9284,0.873
9285,0.88
9286,0.8524
9287,0.8629
9288,0.8482
9289,0.8583
9290,0.8717
9291,0.8814
9292,0.8913
9293,0.9048
9294,0.9142
9295,0.9235
9296,0.9353
9297,0.9462
9298,0.9454
9299,0.9302
9300,0.922
9301,0.9165
9302,0.9106
9303,0.9053
9304,0.8879
9305,0.8912
9306,0.8687
9307,0.8683
9308,0.8628
9309,0.8561
9310,0.8485
9311,0.859
9312,0.8722
9313,0.8827
9314,0.8922
9315,0.9047
9316,0.9154
9317,0.924
9318,0.9357
9319,0.9472
9320,0.941
9321,0.9313
9322,0.9198
9323,0.9176
9324,0.9005
9325,0.9066
9326,0.8826
9327,0.8917
9328,0.8664
9329,0.8698
9330,0.859
9331,0.8536
9332,0.8505
9333,0.8598
9334,0.8737
9335,0.8844
9336,0.8928
9337,0.906
9338,0.9165
9339,0.9254
9340,0.9371
9341,0.948
9342,0.9352
9343,0.9323
9344,0.9166
9345,0.9187
9346,0.8962
9347,0.9064
9348,0.8774
9349,0.8833
9350,0.874
9351,0.8738
9352,0.8596
9353,0.8497
9354,0.8509
9355,0.8608
9356,0.8742
9357,0.8845
9358,0.8941
9359,0.9068
9360,0.9186
9361,0.9257
9362,0.9379
9363,0.9503
9364,0.9317
9365,0.9327
9366,0.9165
9367,0.9192
9368,0.8937
9369,0.895
9370,0.8885
9371,0.8768
9372,0.8742
9373,0.8679
9374,0.8603
9375,0.8496
9376,0.8529
9377,0.8615
9378,0.8751
9379,0.8867
9380,0.8954
9381,0.9068
9382,0.9191
9383,0.9262
9384,0.9378
9385,0.9505
9386,0.9267
9387,0.9332
9388,0.9156
9389,0.9208
9390,0.8946
9391,0.8997
9392,0.8852
9393,0.8769
9394,0.8751
9395,0.8611
9396,0.8623
9397,0.8498
9398,0.8531
9399,0.8637
9400,0.8768
9401,0.8878
9402,0.8964
9403,0.9088
9404,0.9195
9405,0.9288
9406,0.9395
9407,0.9519
9408,0.9246
9409,0.9353
9410,0.9111
9411,0.9126
9412,0.8985
9413,0.8991
9414,0.8866
9415,0.8742
9416,0.8759
9417,0.8663
9418,0.863
9419,0.8467
9420,0.8547
9421,0.8647
9422,0.8773
9423,0.8886
9424,0.8978
9425,0.909
9426,0.9212
9427,0.9304
9428,0.9399
9429,0.9527
9430,0.9237
9431,0.9221
9432,0.9185
9433,0.9127
9434,0.8987
9435,0.8892
9436,0.8876
9437,0.8715
9438,0.878
9439,0.8597
9440,0.8645
9441,0.8426
9442,0.8564
9443,0.8655
9444,0.8782
9445,0.89
9446,0.8993
9447,0.9099
9448,0.9225
9449,0.9308
9450,0.9414
9451,0.953
9452,0.9243
9453,0.9293
9454,0.9138
9455,0.9055
9456,0.9002
9457,0.8926
9458,0.8888
9459,0.8711
9460,0.8782
9461,0.8554
9462,0.8651
9463,0.8414
9464,0.8572
9465,0.8673
9466,0.8793
9467,0.8922
9468,0.9011
9469,0.9116
9470,0.9238
9471,0.9331
9472,0.942
9473,0.9441
9474,0.9303
9475,0.9213
9476,0.917
9477,0.9089
9478,0.9006
9479,0.8848
9480,0.8908
9481,0.8696
9482,0.8796
9483,0.8557
9484,0.8605
9485,0.8475
9486,0.8592
9487,0.8686
9488,0.881
9489,0.8935
9490,0.9008
9491,0.9131
9492,0.9253
9493,0.9342
9494,0.9437
9495,0.9472
9496,0.9301
9497,0.9184
9498,0.9176
9499,0.9005
9500,0.9035
9501,0.8907
9502,0.892
9503,0.8648
9504,0.872
9505,0.8609
9506,0.8538
9507,0.8478
9508,0.8616
9509,0.8697
9510,0.8811
9511,0.8939
9512,0.9034
9513,0.9131
9514,0.9265
9515,0.9353
9516,0.944
9517,0.942
9518,0.9311
9519,0.9166
9520,0.9194
9521,0.8952
9522,0.9039
9523,0.8824
9524,0.8932
9525,0.8621
9526,0.8683
9527,0.8602
9528,0.8524
9529,0.8493
9530,0.8624
9531,0.8715
9532,0.882
9533,0.8961
9534,0.9049
9535,0.9139
9536,0.9273
9537,0.9366
9538,0.9447
9539,0.9322
9540,0.9326
9541,0.9169
9542,0.9197
9543,0.8939
9544,0.9046
9545,0.8787
9546,0.8829
9547,0.8706
9548,0.8706
9549,0.8618
9550,0.8486
9551,0.85
9552,0.8634
9553,0.8724
9554,0.8833
9555,0.8966
9556,0.9056
9557,0.9156
9558,0.9297
9559,0.937
9560,0.9469
9561,0.9337
9562,0.9346
9563,0.9099
9564,0.9208
9565,0.8955
9566,0.8941
9567,0.8871
9568,0.8817
9569,0.8719
9570,0.8649
9571,0.8626
9572,0.8454
9573,0.8513
9574,0.865
9575,0.8737
9576,0.8842
9577,0.8983
9578,0.9071
9579,0.9163
9580,0.93
9581,0.939
9582,0.9473
9583,0.9312
9584,0.935
9585,0.9058
9586,0.922
9587,0.8905
9588,0.8985
9589,0.8856
9590,0.877
9591,0.8734
9592,0.8607
9593,0.8646
9594,0.8469
9595,0.8525
9596,0.8663
9597,0.8752
9598,0.8855
9599,0.8996
9600,0.908
9601,0.9182
9602,0.9308
9603,0.9407
9604,0.9503
9605,0.9297
9606,0.9363
9607,0.9062
9608,0.9096
9609,0.9003
9610,0.8892
9611,0.8868
9612,0.8789
9613,0.875
9614,0.8586
9615,0.8655
9616,0.8411
9617,0.8533
9618,0.8669
9619,0.877
9620,0.8868
9621,0.9009
9622,0.9096
9623,0.9181
9624,0.9323
9625,0.9413
9626,0.9493
9627,0.923
9628,0.9253
9629,0.9149
9630,0.9104
9631,0.9007
9632,0.889
9633,0.8869
9634,0.8759
9635,0.8762
9636,0.8578
9637,0.8679
9638,0.8396
9639,0.8541
9640,0.8688
9641,0.8782
9642,0.8879
9643,0.9009
9644,0.9111
9645,0.9202
9646,0.9333
9647,0.9425
9648,0.9513
9649,0.9184
9650,0.9291
9651,0.9131
9652,0.901
9653,0.902
9654,0.8884
9655,0.8888
9656,0.8701
9657,0.8771
9658,0.8532
9659,0.8583
9660,0.8489
9661,0.8555
9662,0.8692
9663,0.8793
9664,0.8892
9665,0.9037
9666,0.9121
9667,0.9213
9668,0.9334
9669,0.9438
9670,0.9402
9671,0.9289
9672,0.9222
9673,0.9148
9674,0.9072
9675,0.9045
9676,0.8876
9677,0.8892
9678,0.8702
9679,0.8787
9680,0.8459
9681,0.8553
9682,0.8472
9683,0.8571
9684,0.8711
9685,0.8798
9686,0.8899
9687,0.9039
9688,0.9138
9689,0.9227
9690,0.9356
9691,0.9451
9692,0.9332
9693,0.9306
9694,0.9203
9695,0.9159
9696,0.8996
9697,0.9049
9698,0.8845
9699,0.8906
9700,0.8696
9701,0.8739
9702,0.8576
9703,0.8594
9704,0.8501
9705,0.8578
9706,0.8721
9707,0.8819
9708,0.8923
9709,0.9051
9710,0.9153
9711,0.9243
9712,0.9365
9713,0.9464
9714,0.9371
9715,0.9315
9716,0.9174
9717,0.9165
9718,0.9014
9719,0.9063
9720,0.8805
9721,0.8762
9722,0.8758
9723,0.8688
9724,0.8583
9725,0.8524
9726,0.8501
9727,0.861
9728,0.874
9729,0.8843
9730,0.8926
9731,0.9067
9732,0.9167
9733,0.9243
9734,0.9375
9735,0.9486
9736,0.9311
9737,0.9319
9738,0.9199
9739,0.9189
9740,0.8957
9741,0.9084
9742,0.8778
9743,0.8854
9744,0.8733
9745,0.8625
9746,0.8588
9747,0.8534
9748,0.8518
9749,0.8616
9750,0.8748
9751,0.8862
9752,0.8943
9753,0.9066
9754,0.9183
9755,0.9261
9756,0.9385
9757,0.9498
9758,0.9333
9759,0.9332
9760,0.9127
9761,0.9198
9762,0.8916
9763,0.8989
9764,0.8852
9765,0.8825
9766,0.8752
9767,0.8665
9768,0.8612
9769,0.8467
9770,0.8535
9771,0.8632
9772,0.8756
9773,0.8877
9774,0.8966
9775,0.9091
9776,0.9205
9777,0.9289
9778,0.9392
9779,0.9523
9780,0.9278
9781,0.9349
9782,0.9144
9783,0.9104
9784,0.902
9785,0.8934
9786,0.8869
9787,0.8736
9788,0.8768
9789,0.8641
9790,0.8639
9791,0.8466
9792,0.8552
9793,0.8647
9794,0.878
9795,0.8897
9796,0.8985
9797,0.9098
9798,0.9228
9799,0.93
9800,0.9413
9801,0.9534
9802,0.9242
9803,0.9361
9804,0.9086
9805,0.9122
9806,0.8991
9807,0.8947
9808,0.8883
9809,0.8743
9810,0.8778
9811,0.8597
9812,0.8643
9813,0.8462
9814,0.8569
9815,0.8656
9816,0.8789
9817,0.8904
9818,0.8985
9819,0.9105
9820,0.9222
9821,0.9312
9822,0.9415
9823,0.9542
9824,0.9223
9825,0.9252
9826,0.9166
9827,0.9108
9828,0.9
9829,0.8917
9830,0.8884
9831,0.8724
9832,0.8792
9833,0.8552
9834,0.866
9835,0.8439
9836,0.8579
9837,0.8678
9838,0.8794
9839,0.8922
9840,0.9004
9841,0.9116
9842,0.9234
9843,0.9327
9844,0.943
9845,0.946
9846,0.9335
9847,0.9214
9848,0.9171
9849,0.905
9850,0.9014
9851,0.8847
9852,0.8908
9853,0.8733
9854,0.8798
9855,0.8547
9856,0.8526
9857,0.8478
9858,0.8596
9859,0.8688
9860,0.8805
9861,0.8936
9862,0.9021
9863,0.912
9864,0.9253
9865,0.9341
9866,0.9421
9867,0.9428
9868,0.9304
9869,0.9231
9870,0.918
9871,0.9033
9872,0.9011
9873,0.8865
9874,0.8922
9875,0.8655
9876,0.8719
9877,0.8634
9878,0.8545
9879,0.8465
9880,0.8611
9881,0.8697
9882,0.881
9883,0.8939
9884,0.9033
9885,0.914
9886,0.9264
9887,0.9357
9888,0.9448
9889,0.9394
9890,0.9312
9891,0.9194
9892,0.9194
9893,0.9023
9894,0.9034
9895,0.8843
9896,0.8937
9897,0.8623
9898,0.8727
9899,0.8608
9900,0.8591
9901,0.8489
9902,0.8621
9903,0.8712
9904,0.8821
9905,0.896
9906,0.9053
9907,0.9147
9908,0.9277
9909,0.9374
9910,0.9456
9911,0.9381
9912,0.9329
9913,0.9146
9914,0.9182
9915,0.8965
9916,0.905
9917,0.8822
9918,0.889
9919,0.8716
9920,0.8673
9921,0.862
9922,0.8482
9923,0.8503
9924,0.864
9925,0.8726
9926,0.8832
9927,0.8965
9928,0.9057
9929,0.9157
9930,0.9295
9931,0.9378
9932,0.9468
9933,0.932
9934,0.9334
9935,0.9104
9936,0.9208
9937,0.8928
9938,0.8926
9939,0.8892
9940,0.8861
9941,0.8714
9942,0.8646
9943,0.8641
9944,0.8473
9945,0.8512
9946,0.8651
9947,0.8747
9948,0.8849
9949,0.8982
9950,0.9078
9951,0.9164
9952,0.9301
9953,0.939
9954,0.9481
9955,0.9307
9956,0.9356
9957,0.9133
9958,0.9222
9959,0.8937
9960,0.8975
9961,0.8851
9962,0.8786
9963,0.8746
9964,0.8677
9965,0.8653
9966,0.8467
9967,0.8525
9968,0.8656
9969,0.8764
9970,0.8859
9971,0.8996
9972,0.9097
9973,0.9183
9974,0.9309
9975,0.9411
9976,0.9495
9977,0.9303
9978,0.9374
9979,0.9089
9980,0.9135
9981,0.9019
9982,0.8923
9983,0.8862
9984,0.876
9985,0.8752
9986,0.859
9987,0.8667
9988,0.85
9989,0.853
9990,0.8681
9991,0.8777
9992,0.8866
9993,0.9008
9994,0.9106
9995,0.9197
9996,0.9324
9997,0.9427
9998,0.9511
9999,0.9238
10000,0.9225
10001,0.9184
10002,0.9078
10003,0.9022
10004,0.8951
10005,0.8881
10006,0.876
10007,0.8774
10008,0.859
10009,0.8678
10010,0.8402
10011,0.8544
10012,0.8697
10013,0.8794
10014,0.889
10015,0.9029
10016,0.9117
10017,0.922
10018,0.9335
10019,0.9449
10020,0.952
10021,0.9257
10022,0.9353
10023,0.9145
10024,0.9065
10025,0.9035
10026,0.8887
10027,0.8877
10028,0.8721
10029,0.8782
10030,0.853
10031,0.8699
10032,0.8421
10033,0.8569
10034,0.8697
10035,0.8806
10036,0.8901
10037,0.9034
10038,0.9135
10039,0.9223
10040,0.9355
10041,0.9456
10042,0.9393
10043,0.9308
10044,0.9289
10045,0.9158
10046,0.9057
10047,0.9048
10048,0.8861
10049,0.8911
10050,0.8689
10051,0.8794
10052,0.8527
10053,0.8626
10054,0.8485
10055,0.8585
10056,0.8716
10057,0.8818
10058,0.8916
10059,0.9046
10060,0.9149
10061,0.9235
10062,0.935
10063,0.9465
10064,0.9403
10065,0.9306
10066,0.9207
10067,0.9173
10068,0.8998
10069,0.9043
10070,0.8841
10071,0.8911
10072,0.8683
10073,0.8699
10074,0.8595
10075,0.8595
10076,0.849
10077,0.8593
10078,0.8726
10079,0.8843
10080,0.8926
10081,0.9051
10082,0.9156
10083,0.9256
10084,0.9363
10085,0.9501
10086,0.9417
10087,0.9319
10088,0.9193
10089,0.9185
10090,0.8998
10091,0.9078
10092,0.8805
10093,0.8928
10094,0.8679
10095,0.8724
10096,0.8597
10097,0.8551
10098,0.8515
10099,0.8607
10100,0.8746
10101,0.8858
10102,0.8948
10103,0.9062
10104,0.9188
10105,0.9283
10106,0.9385
10107,0.9496
10108,0.94
10109,0.9328
10110,0.9226
10111,0.9204
10112,0.8938
10113,0.9088
10114,0.883
10115,0.882
10116,0.8745
10117,0.8733
10118,0.8602
10119,0.8517
10120,0.8523
10121,0.8622
10122,0.875
10123,0.8871
10124,0.8963
10125,0.9067
10126,0.9197
10127,0.9285
10128,0.9378
10129,0.9508
10130,0.9281
10131,0.9336
10132,0.9144
10133,0.9227
10134,0.8954
10135,0.8977
10136,0.8888
10137,0.8795
10138,0.8751
10139,0.8634
10140,0.862
10141,0.8531
10142,0.8542
10143,0.8629
10144,0.8757
10145,0.8885
10146,0.8974
10147,0.9081
10148,0.921
10149,0.93
10150,0.9402
10151,0.9515
10152,0.9293
10153,0.9345
10154,0.9116
10155,0.9228
10156,0.8887
10157,0.9029
10158,0.8872
10159,0.8784
10160,0.8775
10161,0.8653
10162,0.8634
10163,0.8445
10164,0.8557
10165,0.8652
10166,0.8761
10167,0.8901
10168,0.8981
10169,0.9105
10170,0.9216
10171,0.9302
10172,0.9408
10173,0.9521
10174,0.9323
10175,0.9355
10176,0.9076
10177,0.9088
10178,0.8985
10179,0.8931
10180,0.888
10181,0.8799
10182,0.8764
10183,0.8596
10184,0.8642
10185,0.8421
10186,0.858
10187,0.866
10188,0.8769
10189,0.8902
10190,0.8996
10191,0.9096
10192,0.9217
10193,0.9316
10194,0.9405
10195,0.9536
10196,0.9225
10197,0.9226
10198,0.9179
10199,0.9108
10200,0.8994
10201,0.8939
10202,0.8902
10203,0.8725
10204,0.8775
10205,0.8612
10206,0.8659
10207,0.8386
10208,0.8575
10209,0.8669
10210,0.8782
10211,0.8906
10212,0.9004
10213,0.9104
10214,0.9239
10215,0.9334
10216,0.9418
10217,0.9548
10218,0.9212
10219,0.9224
10220,0.9156
10221,0.9141
10222,0.9009
10223,0.8879
10224,0.8919
10225,0.8725
10226,0.8781
10227,0.8583
10228,0.8601
10229,0.849
10230,0.8593
10231,0.8681
10232,0.8789
10233,0.8932
10234,0.9013
10235,0.9117
10236,0.9245
10237,0.9342
10238,0.9425
10239,0.9436
10240,0.93
10241,0.916
10242,0.9165
10243,0.9047
10244,0.9013
10245,0.8873
10246,0.892
10247,0.8645
10248,0.8786
10249,0.8556
10250,0.8553
10251,0.8468
10252,0.8603
10253,0.869
10254,0.8798
10255,0.8937
10256,0.9024
10257,0.9125
10258,0.9256
10259,0.9339
10260,0.9431
10261,0.9433
10262,0.9312
10263,0.9195
10264,0.9174
10265,0.8972
10266,0.9036
10267,0.8831
10268,0.8932
10269,0.8648
10270,0.8703
10271,0.8605
10272,0.8524
10273,0.8483
10274,0.8611
10275,0.8711
10276,0.8809
10277,0.8935
10278,0.904
10279,0.9127
10280,0.9256
10281,0.9362
10282,0.9448
10283,0.9347
10284,0.9324
10285,0.9199
10286,0.9172
10287,0.897
10288,0.9039
10289,0.8848
10290,0.8843
10291,0.8735
10292,0.8685
10293,0.8618
10294,0.8508
10295,0.8491
10296,0.8626
10297,0.8723
10298,0.8815
10299,0.8953
10300,0.9062
10301,0.9143
10302,0.9266
10303,0.9371
10304,0.9459
10305,0.9347
10306,0.9336
10307,0.9127
10308,0.918
10309,0.8981
10310,0.9054
10311,0.8754
10312,0.8836
10313,0.8713
10314,0.8643
10315,0.8617
10316,0.8485
10317,0.8494
10318,0.8637
10319,0.8722
10320,0.8825
10321,0.8963
10322,0.9066
10323,0.9154
10324,0.9274
10325,0.9385
10326,0.9463
10327,0.929
10328,0.9346
10329,0.9151
10330,0.9192
10331,0.8953
10332,0.9005
10333,0.8831
10334,0.8797
10335,0.8722
10336,0.8623
10337,0.8633
10338,0.8497
10339,0.8504
10340,0.8642
10341,0.875
10342,0.8845
10343,0.8971
10344,0.9085
10345,0.9166
10346,0.9277
10347,0.9406
10348,0.9479
10349,0.9281
10350,0.9362
10351,0.9058
10352,0.9058
10353,0.9032
10354,0.8899
10355,0.8834
10356,0.8824
10357,0.8743
10358,0.8618
10359,0.8649
10360,0.8428
10361,0.8518
10362,0.8655
10363,0.8764
10364,0.8856
10365,0.8983
10366,0.9099
10367,0.9185
10368,0.9297
10369,0.942
10370,0.9506
10371,0.922
10372,0.9376
10373,0.9079
10374,0.9096
10375,0.9003
10376,0.8883
10377,0.8862
10378,0.8761
10379,0.8762
10380,0.8557
10381,0.8659
10382,0.8438
10383,0.8527
10384,0.8672
10385,0.8779
10386,0.887
10387,0.9004
10388,0.9101
10389,0.9193
10390,0.9305
10391,0.9426
10392,0.951
10393,0.9232
10394,0.9329
10395,0.9132
10396,0.9086
10397,0.9009
10398,0.8887
10399,0.8862
10400,0.8691
10401,0.877
10402,0.8542
10403,0.8671
10404,0.8417
10405,0.8545
10406,0.8674
10407,0.8795
10408,0.8887
10409,0.9008
10410,0.9129
10411,0.9206
10412,0.9318
10413,0.9442
10414,0.9401
10415,0.9307
10416,0.9253
10417,0.914
10418,0.9156
10419,0.9263
10420,0.8995
10421,0.8877
10422,0.8689
10423,0.8785
10424,0.8493
10425,0.8571
10426,0.8472
10427,0.8559
10428,0.8683
10429,0.8806
10430,0.8898
10431,0.9005
10432,0.9139
10433,0.9228
10434,0.9321
10435,0.9443
10436,0.9423
10437,0.9282
10438,0.9216
10439,0.9156
10440,0.8994
10441,0.9039
10442,0.8784
10443,0.8892
10444,0.8735
10445,0.8659
10446,0.8607
10447,0.8563
10448,0.8486
10449,0.8579
10450,0.8696
10451,0.8808
10452,0.8919
10453,0.9024
10454,0.9152
10455,0.9232
10456,0.9334
10457,0.9473
10458,0.9375
10459,0.93
10460,0.9209
10461,0.9176
10462,0.8991
10463,0.9056
10464,0.8766
10465,0.8912
10466,0.8671
10467,0.8735
10468,0.8585
10469,0.8512
10470,0.8505
10471,0.8594
10472,0.8714
10473,0.8848
10474,0.893
10475,0.9031
10476,0.9174
10477,0.9265
10478,0.9349
10479,0.9481
10480,0.9352
10481,0.9308
10482,0.9538
10483,0.985
10484,0.917
10485,0.9073
10486,0.8781
10487,0.8779
10488,0.8732
10489,0.8685
10490,0.8599
10491,0.8519
10492,0.852
10493,0.8625
10494,0.8732
10495,0.8859
10496,0.8952
10497,0.9046
10498,0.9184
10499,0.9273
10500,0.9369
10501,0.9497
10502,0.9312
10503,0.932
10504,0.9147
10505,0.9207
10506,0.8962
10507,0.9018
10508,0.8903
10509,0.8846
10510,0.8737
10511,0.873
10512,0.8616
10513,0.8529
10514,0.853
10515,0.8634
10516,0.8746
10517,0.8877
10518,0.897
10519,0.9069
10520,0.9194
10521,0.9289
10522,0.9381
10523,0.9513
10524,0.9301
10525,0.9346
10526,0.9125
10527,0.9221
10528,0.8901
10529,0.8954
10530,0.8868
10531,0.8814
10532,0.8753
10533,0.866
10534,0.8629
10535,0.8449
10536,0.8553
10537,0.8651
10538,0.8761
10539,0.8891
10540,0.8987
10541,0.9082
10542,0.9214
10543,0.9308
10544,0.9395
10545,0.9527
10546,0.9259
10547,0.9357
10548,0.9081
10549,0.9136
10550,0.9
10551,0.8942
10552,0.8891
10553,0.8734
10554,0.8755
10555,0.8634
10556,0.8648
10557,0.8444
10558,0.8575
10559,0.8667
10560,0.8753
10561,0.8898
10562,0.8996
10563,0.9087
10564,0.9221
10565,0.9322
10566,0.941
10567,0.9529
10568,0.9283
10569,0.9226
10570,0.9221
10571,0.916
10572,0.9
10573,0.8915
10574,0.89
10575,0.8787
10576,0.8755
10577,0.862
10578,0.8663
10579,0.8411
10580,0.8575
10581,0.868
10582,0.8777
10583,0.892
10584,0.9005
10585,0.9107
10586,0.923
10587,0.9332
10588,0.9412
10589,0.9547
10590,0.9245
10591,0.9256
10592,0.9155
10593,0.9116
10594,0.9009
10595,0.8911
10596,0.8919
10597,0.8709
10598,0.8772
10599,0.864
10600,0.8672
10601,0.837
10602,0.8587
10603,0.8688
10604,0.8789
10605,0.8916
10606,0.9015
10607,0.9113
10608,0.9242
10609,0.934
10610,0.9431
10611,0.9465
10612,0.9322
10613,0.9222
10614,0.9156
10615,0.9041
10616,0.9024
10617,0.8858
10618,0.8927
10619,0.8687
10620,0.8779
10621,0.8562
10622,0.8566
10623,0.8461
10624,0.8603
10625,0.8703
10626,0.8793
10627,0.8931
10628,0.9033
10629,0.9124
10630,0.9248
10631,0.9352
10632,0.9443
10633,0.9394
10634,0.9329
10635,0.9255
10636,0.9165
10637,0.9022
10638,0.9038
10639,0.8858
10640,0.8936
10641,0.8682
10642,0.8716
10643,0.8624
10644,0.8556
10645,0.8482
10646,0.8613
10647,0.8713
10648,0.8814
10649,0.8946
10650,0.9046
10651,0.913
10652,0.9266
10653,0.9378
10654,0.9453
10655,0.9361
10656,0.9339
10657,0.9167
10658,0.9175
10659,0.9029
10660,0.905
10661,0.8812
10662,0.8945
10663,0.8647
10664,0.8665
10665,0.8617
10666,0.8563
10667,0.8487
10668,0.8626
10669,0.8724
10670,0.882
10671,0.8952
10672,0.9063
10673,0.9161
10674,0.9265
10675,0.9371
10676,0.9476
10677,0.9399
10678,0.9347
10679,0.9128
10680,0.9184
10681,0.9047
10682,0.9062
10683,0.8801
10684,0.8903
10685,0.8722
10686,0.8641
10687,0.8626
10688,0.8525
10689,0.8506
10690,0.8629
10691,0.8742
10692,0.8838
10693,0.8969
10694,0.9075
10695,0.9158
10696,0.9276
10697,0.9399
10698,0.9493
10699,0.931
10700,0.9358
10701,0.9161
10702,0.9184
10703,0.8955
10704,0.8983
10705,0.8869
10706,0.8806
10707,0.8734
10708,0.8677
10709,0.8633
10710,0.8495
10711,0.8509
10712,0.8633
10713,0.876
10714,0.8848
10715,0.8967
10716,0.909
10717,0.9179
10718,0.9292
10719,0.9402
10720,0.9487
10721,0.9271
10722,0.9364
10723,0.908
10724,0.9207
10725,0.8937
10726,0.8961
10727,0.8845
10728,0.8789
10729,0.8745
10730,0.8589
10731,0.8648
10732,0.8523
10733,0.8528
10734,0.8651
10735,0.8763
10736,0.8863
10737,0.8978
10738,0.9107
10739,0.9189
10740,0.9291
10741,0.9436
10742,0.9501
10743,0.924
10744,0.9371
10745,0.9087
10746,0.9086
10747,0.9007
10748,0.8904
10749,0.8859
10750,0.8796
10751,0.8755
10752,0.8585
10753,0.8659
10754,0.8442
10755,0.8539
10756,0.8663
10757,0.8796
10758,0.8873
10759,0.8987
10760,0.9114
10761,0.9202
10762,0.9307
10763,0.9419
10764,0.9524
10765,0.9251
10766,0.9282
10767,0.9167
10768,0.9076
10769,0.9021
10770,0.8883
10771,0.8874
10772,0.8769
10773,0.8775
10774,0.8556
10775,0.8667
10776,0.8415
10777,0.8558
10778,0.8675
10779,0.8789
10780,0.8888
10781,0.8997
10782,0.9108
10783,0.9242
10784,0.9313
10785,0.9444
10786,0.9534
10787,0.9194
10788,0.9272
10789,0.9155
10790,0.9024
10791,0.9025
10792,0.886
10793,0.8886
10794,0.8709
10795,0.8789
10796,0.8545
10797,0.8564
10798,0.8505
10799,0.8566
10800,0.8683
10801,0.8815
10802,0.8913
10803,0.9005
10804,0.914
10805,0.9212
10806,0.9322
10807,0.9454
10808,0.9399
10809,0.9274
10810,0.9312
10811,0.9163
10812,0.9051
10813,0.9039
10814,0.8832
10815,0.8882
10816,0.8689
10817,0.8805
10818,0.8485
10819,0.8596
10820,0.849
10821,0.8581
10822,0.8694
10823,0.883
10824,0.8918
10825,0.9019
10826,0.9151
10827,0.9239
10828,0.9329
10829,0.9458
10830,0.9485
10831,0.9291
10832,0.9177
10833,0.9168
10834,0.8989
10835,0.9039
10836,0.8847
10837,0.8915
10838,0.8644
10839,0.8706
10840,0.858
10841,0.8537
10842,0.8498
10843,0.8596
10844,0.8699
10845,0.8839
10846,0.893
10847,0.9039
10848,0.9185
10849,0.9259
10850,0.9341
10851,0.9468
10852,0.9407
10853,0.9304
10854,0.9169
10855,0.9185
10856,0.8948
10857,0.9078
10858,0.8827
10859,0.8812
10860,0.8738
10861,0.8695
10862,0.8589
10863,0.8484
10864,0.852
10865,0.8606
10866,0.8711
10867,0.8846
10868,0.8949
10869,0.904
10870,0.9176
10871,0.9269
10872,0.9357
10873,0.948
10874,0.941
10875,0.9314
10876,0.9176
10877,0.9184
10878,0.8928
10879,0.9071
10880,0.8812
10881,0.8885
10882,0.8711
10883,0.8684
10884,0.86
10885,0.8488
10886,0.8526
10887,0.8625
10888,0.8727
10889,0.8865
10890,0.8951
10891,0.9049
10892,0.9186
10893,0.9275
10894,0.9371
10895,0.9494
10896,0.9308
10897,0.9326
10898,0.9169
10899,0.921
10900,0.8943
10901,0.8985
10902,0.8863
10903,0.8818
10904,0.8723
10905,0.8671
10906,0.8616
10907,0.846
10908,0.8535
10909,0.8635
10910,0.8742
10911,0.8873
10912,0.8972
10913,0.906
10914,0.9196
10915,0.9292
10916,0.9374
10917,0.9498
10918,0.9297
10919,0.9349
10920,0.9056
10921,0.9094
10922,0.9019
10923,0.894
10924,0.8866
10925,0.8761
10926,0.8732
10927,0.8608
10928,0.8624
10929,0.8443
10930,0.855
10931,0.865
10932,0.8744
10933,0.8881
10934,0.8992
10935,0.9083
10936,0.9195
10937,0.93
10938,0.9399
10939,0.9519
10940,0.9261
10941,0.9363
10942,0.9064
10943,0.9109
10944,0.8993
10945,0.8932
10946,0.889
10947,0.8762
10948,0.8738
10949,0.8585
10950,0.8648
10951,0.8424
10952,0.8564
10953,0.8665
10954,0.8752
10955,0.8898
10956,0.8997
10957,0.9085
10958,0.9208
10959,0.9316
10960,0.9406
10961,0.9515
10962,0.9232
10963,0.9243
10964,0.9151
10965,0.9109
10966,0.9002
10967,0.8888
10968,0.8902
10969,0.8703
10970,0.8761
10971,0.8585
10972,0.8664
10973,0.8378
10974,0.8563
10975,0.8676
10976,0.8774
10977,0.89
10978,0.9007
10979,0.91
10980,0.9235
10981,0.9335
10982,0.942
10983,0.9415
10984,0.933
10985,0.9216
10986,0.9128
10987,0.9124
10988,0.901
10989,0.8901
10990,0.8912
10991,0.8685
10992,0.8775
10993,0.8547
10994,0.8593
10995,0.931
10996,0.931
10997,0.931
10998,0.931
10999,0.931
11000,0.931
11001,0.931
11002,0.931
11003,0.931
11004,0.931
11005,0.9226
11006,0.9314
11007,0.9221
11008,0.9147
11009,0.9008
11010,0.9024
11011,0.8844
11012,0.892
11013,0.8679
11014,0.8656
11015,0.8633
11016,0.857
11017,0.8454
11018,0.8597
11019,0.8722
11020,0.8806
11021,0.8923
11022,0.904
11023,0.9122
11024,0.9239
11025,0.9353
11026,0.9446
11027,0.944
11028,0.9324
11029,0.9226
11030,0.9158
11031,0.8997
11032,0.9038
11033,0.8774
11034,0.8936
11035,0.8647
11036,0.8689
11037,0.8602
11038,0.856
11039,0.8486
11040,0.8608
11041,0.8722
11042,0.8821
11043,0.8937
11044,0.9068
11045,0.915
11046,0.9256
11047,0.9386
11048,0.9466
11049,0.9336
11050,0.9339
11051,0.9152
11052,0.9182
11053,0.9009
11054,0.9051
11055,0.877
11056,0.8841
11057,0.8725
11058,0.8634
11059,0.8611
11060,0.8554
11061,0.8498
11062,0.8633
11063,0.873
11064,0.8837
11065,0.8943
11066,0.9093
11067,0.9166
11068,0.927
11069,0.94
11070,0.9477
11071,0.9368
11072,0.9359
11073,0.9117
11074,0.9193
11075,0.9581
11076,0.9654
11077,0.8884
11078,0.8821
11079,0.8734
11080,0.8637
11081,0.8628
11082,0.8489
11083,0.8513
11084,0.8634
11085,0.8758
11086,0.8853
11087,0.8968
11088,0.9093
11089,0.9183
11090,0.9269
11091,0.9406
11092,0.9495
11093,0.9316
11094,0.9366
11095,0.911
11096,0.9196
11097,0.8889
11098,0.8968
11099,0.8836
11100,0.8831
11101,0.8747
11102,0.8622
11103,0.8626
11104,0.8505
11105,0.8523
11106,0.865
11107,0.8774
11108,0.8867
11109,0.897
11110,0.9104
11111,0.9192
11112,0.9294
11113,0.9421
11114,0.9508
11115,0.9273
11116,0.9368
11117,0.9129
11118,0.9086
11119,0.9011
11120,0.8944
11121,0.8852
11122,0.8756
11123,0.8768
11124,0.86
11125,0.8637
11126,0.8454
11127,0.8542
11128,0.8652
11129,0.8781
11130,0.8881
11131,0.8993
11132,0.9117
11133,0.9207
11134,0.9303
11135,0.9435
11136,0.9517
11137,0.9214
11138,0.9248
11139,0.9195
11140,0.9132
11141,0.9011
11142,0.8909
11143,0.8872
11144,0.8722
11145,0.8782
11146,0.8597
11147,0.8656
11148,0.8419
11149,0.8561
11150,0.8662
11151,0.8802
11152,0.8895
11153,0.8993
11154,0.913
11155,0.9222
11156,0.9308
11157,0.9441
11158,0.9525
11159,0.9176
11160,0.9355
11161,0.9139
11162,0.9076
11163,0.9016
11164,0.8898
11165,0.8881
11166,0.872
11167,0.8786
11168,0.8552
11169,0.8665
11170,0.8457
11171,0.8562
11172,0.8678
11173,0.8815
11174,0.8887
11175,0.9006
11176,0.9139
11177,0.9235
11178,0.9324
11179,0.9451
11180,0.9401
11181,0.9301
11182,0.9217
11183,0.9158
11184,0.9022
11185,0.9026
11186,0.8895
11187,0.8898
11188,0.8674
11189,0.881
11190,0.8492
11191,0.8572
11192,0.8488
11193,0.8573
11194,0.8692
11195,0.8825
11196,0.892
11197,0.9021
11198,0.9146
11199,0.9246
11200,0.9324
11201,0.9461
11202,0.945
11203,0.9283
11204,0.9207
11205,0.9175
11206,0.9017
11207,0.9036
11208,0.8843
11209,0.891
11210,0.8683
11211,0.8708
11212,0.8595
11213,0.8516
11214,0.8499
11215,0.859
11216,0.8694
11217,0.8829
11218,0.8928
11219,0.9003
11220,0.9155
11221,0.9255
11222,0.9339
11223,0.945
11224,0.9372
11225,0.9294
11226,0.9207
11227,0.9182
11228,0.8959
11229,0.9053
11230,0.8842
11231,0.8915
11232,0.8632
11233,0.8741
11234,0.8586
11235,0.8547
11236,0.8503
11237,0.8603
11238,0.8703
11239,0.8829
11240,0.8942
11241,0.9029
11242,0.9161
11243,0.9267
11244,0.935
11245,0.9463
11246,0.9359
11247,0.9309
11248,0.9151
11249,0.921
11250,0.8984
11251,0.9053
11252,0.8789
11253,0.883
11254,0.8706
11255,0.8664
11256,0.8608
11257,0.8512
11258,0.8532
11259,0.8626
11260,0.8721
11261,0.8858
11262,0.8946
11263,0.9047
11264,0.9173
11265,0.9271
11266,0.9369
11267,0.9485
11268,0.931
11269,0.9326
11270,0.9111
11271,0.9197
11272,0.891
11273,0.8962
11274,0.8884
11275,0.882
11276,0.8714
11277,0.8632
11278,0.8617
11279,0.8433
11280,0.8529
11281,0.8641
11282,0.8735
11283,0.8868
11284,0.8975
11285,0.9069
11286,0.9191
11287,0.931
11288,0.938
11289,0.9492
11290,0.9328
11291,0.9352
11292,0.9083
11293,0.9228
11294,0.8885
11295,0.8959
11296,0.8877
11297,0.8817
11298,0.8729
11299,0.8666
11300,0.8644
11301,0.8455
11302,0.8547
11303,0.8654
11304,0.8742
11305,0.888
11306,0.8987
11307,0.9079
11308,0.9192
11309,0.9311
11310,0.9398
11311,0.9499
11312,0.9242
11313,0.9356
11314,0.908
11315,0.9127
11316,0.8995
11317,0.8903
11318,0.8883
11319,0.8716
11320,0.8734
11321,0.8594
11322,0.8648
11323,0.844
11324,0.8556
11325,0.8663
11326,0.8778
11327,0.888
11328,0.8997
11329,0.9088
11330,0.9199
11331,0.9325
11332,0.9412
11333,0.9516
11334,0.9266
11335,0.9286
11336,0.9157
11337,0.9127
11338,0.8999
11339,0.8883
11340,0.8893
11341,0.8725
11342,0.8752
11343,0.8583
11344,0.8658
11345,0.8411
11346,0.8573
11347,0.8685
11348,0.877
11349,0.8874
11350,0.9014
11351,0.91
11352,0.9211
11353,0.9338
11354,0.9418
11355,0.9524
11356,0.9231
11357,0.922
11358,0.913
11359,0.9065
11360,0.9013
11361,0.8923
11362,0.8896
11363,0.8686
11364,0.8763
11365,0.8597
11366,0.855
11367,0.8477
11368,0.8574
11369,0.8684
11370,0.8785
11371,0.8895
11372,0.9027
11373,0.9116
11374,0.9227
11375,0.9349
11376,0.9431
11377,0.9437
11378,0.931
11379,0.9236
11380,0.9154
11381,0.8992
11382,0.9031
11383,0.8832
11384,0.8931
11385,0.8693
11386,0.8777
11387,0.8539
11388,0.8602
11389,0.8465
11390,0.8578
11391,0.8738
11392,0.8803
11393,0.8917
11394,0.9036
11395,0.9132
11396,0.9235
11397,0.936
11398,0.9456
11399,0.9378
11400,0.9311
11401,0.9233
11402,0.9153
11403,0.9007
11404,0.9048
11405,0.8782
11406,0.8935
11407,0.8664
11408,0.8698
11409,0.8596
11410,0.8564
11411,0.848
11412,0.8595
11413,0.8717
11414,0.8819
11415,0.8928
11416,0.9064
11417,0.9139
11418,0.9243
11419,0.9376
11420,0.9465
11421,0.934
11422,0.9327
11423,0.9162
11424,0.9179
11425,0.9052
11426,0.9055
11427,0.8798
11428,0.8833
11429,0.8754
11430,0.8662
11431,0.8602
11432,0.8573
11433,0.8491
11434,0.861
11435,0.8747
11436,0.8831
11437,0.8938
11438,0.9074
11439,0.9151
11440,0.9254
11441,0.939
11442,0.9478
11443,0.9335
11444,0.9345
11445,0.9136
11446,0.9188
11447,0.8968
11448,0.9073
11449,0.878
11450,0.8813
11451,0.8728
11452,0.8662
11453,0.8613
11454,0.8534
11455,0.8506
11456,0.8621
11457,0.8758
11458,0.8855
11459,0.8952
11460,0.9086
11461,0.9179
11462,0.9272
11463,0.9399
11464,0.949
11465,0.9319
11466,0.9355
11467,0.9112
11468,0.9205
11469,0.8918
11470,0.8974
11471,0.884
11472,0.8824
11473,0.8744
11474,0.8636
11475,0.8619
11476,0.8499
11477,0.8521
11478,0.8625
11479,0.8769
11480,0.8861
11481,0.8968
11482,0.9097
11483,0.9188
11484,0.9281
11485,0.9414
11486,0.9502
11487,0.9245
11488,0.937
11489,0.9104
11490,0.9083
11491,0.9029
11492,0.8954
11493,0.8847
11494,0.8784
11495,0.8756
11496,0.861
11497,0.8632
11498,0.8448
11499,0.8537
11500,0.8648
11501,0.8784
11502,0.8877
11503,0.8973
11504,0.9111
11505,0.9205
11506,0.9289
11507,0.9401
11508,0.9517
11509,0.9276
11510,0.9386
11511,0.9093
11512,0.9097
11513,0.9015
11514,0.8917
11515,0.8873
11516,0.8765
11517,0.8781
11518,0.8606
11519,0.8648
11520,0.8452
11521,0.8555
11522,0.8659
11523,0.8774
11524,0.8894
11525,0.8984
11526,0.9118
11527,0.9214
11528,0.9303
11529,0.9445
11530,0.9526
11531,0.9238
11532,0.9359
11533,0.9159
11534,0.9085
11535,0.9013
11536,0.8921
11537,0.8884
11538,0.8742
11539,0.8776
11540,0.8548
11541,0.8653
11542,0.8436
11543,0.8564
11544,0.8664
11545,0.8816
11546,0.8901
11547,0.8993
11548,0.9128
11549,0.9223
11550,0.9316
11551,0.9438
11552,0.9408
11553,0.9319
11554,0.9232
11555,0.9163
11556,0.9059
11557,0.9015
11558,0.889
11559,0.8889
11560,0.8682
11561,0.8794
11562,0.8496
11563,0.8554
11564,0.8489
11565,0.8584
11566,0.8677
11567,0.8822
11568,0.8918
11569,0.9009
11570,0.9152
11571,0.9236
11572,0.9326
11573,0.9449
11574,0.9454
11575,0.9291
11576,0.9184
11577,0.9189
11578,0.9003
11579,0.9024
11580,0.8864
11581,0.8906
11582,0.8666
11583,0.8693
11584,0.8632
11585,0.8525
11586,0.8491
11587,0.8584
11588,0.869
11589,0.8825
11590,0.893
11591,0.9022
11592,0.9152
11593,0.9255
11594,0.9338
11595,0.9458
11596,0.9378
11597,0.9297
11598,0.9169
11599,0.9186
11600,0.8971
11601,0.9041
11602,0.8828
11603,0.8923
11604,0.8655
11605,0.8726
11606,0.8606
11607,0.8525
11608,0.8496
11609,0.8625
11610,0.8706
11611,0.8843
11612,0.8949
11613,0.9031
11614,0.916
11615,0.9267
11616,0.9363
11617,0.9467
11618,0.935
11619,0.9316
11620,0.9198
11621,0.9202
11622,0.8974
11623,0.905
11624,0.8813
11625,0.8823
11626,0.8712
11627,0.8701
11628,0.8609
11629,0.8506
11630,0.8513
11631,0.8617
11632,0.8713
11633,0.8847
11634,0.8956
11635,0.9054
11636,0.9174
11637,0.9281
11638,0.936
11639,0.9468
11640,0.9326
11641,0.9325
11642,0.9107
11643,0.9213
11644,0.8973
11645,0.8994
11646,0.8912
11647,0.8807
11648,0.8719
11649,0.8641
11650,0.8616
11651,0.8488
11652,0.8521
11653,0.864
11654,0.8723
11655,0.8857
11656,0.8967
11657,0.9052
11658,0.9173
11659,0.9295
11660,0.9379
11661,0.9481
11662,0.93
11663,0.9335
11664,0.9059
11665,0.9243
11666,0.8907
11667,0.9003
11668,0.8869
11669,0.878
11670,0.8723
11671,0.8641
11672,0.8632
11673,0.8407
11674,0.8543
11675,0.8645
11676,0.8737
11677,0.8883
11678,0.8981
11679,0.907
11680,0.9177
11681,0.9303
11682,0.9387
11683,0.949
11684,0.9296
11685,0.935
11686,0.9057
11687,0.9108
11688,0.8997
11689,0.8951
11690,0.8873
11691,0.876
11692,0.8734
11693,0.8591
11694,0.8646
11695,0.8417
11696,0.8546
11697,0.8672
11698,0.8752
11699,0.8883
11700,0.9009
11701,0.9082
11702,0.9195
11703,0.9325
11704,0.9402
11705,0.9498
11706,0.9251
11707,0.9216
11708,0.917
11709,0.914
11710,0.9001
11711,0.8876
11712,0.8885
11713,0.8717
11714,0.8746
11715,0.8606
11716,0.8665
11717,0.8364
11718,0.8553
11719,0.8672
11720,0.8761
11721,0.8879
11722,0.9011
11723,0.9089
11724,0.9205
11725,0.9327
11726,0.9411
11727,0.9508
11728,0.9236
11729,0.932
11730,0.9117
11731,0.9115
11732,0.9006
11733,0.8868
11734,0.8896
11735,0.8682
11736,0.8759
11737,0.8557
11738,0.8671
11739,0.8355
11740,0.8562
11741,0.8689
11742,0.8782
11743,0.8894
11744,0.902
11745,0.9102
11746,0.9219
11747,0.9336
11748,0.9429
11749,0.9424
11750,0.9319
11751,0.9261
11752,0.9143
11753,0.9027
11754,0.9025
11755,0.8877
11756,0.8909
11757,0.8674
11758,0.877
11759,0.8525
11760,0.8589
11761,0.8454
11762,0.8576
11763,0.8711
11764,0.8795
11765,0.8906
11766,0.9031
11767,0.912
11768,0.9217
11769,0.9351
11770,0.9438
11771,0.9374
11772,0.9307
11773,0.9266
11774,0.9145
11775,0.9018
11776,0.9034
11777,0.8884
11778,0.8919
11779,0.8688
11780,0.8727
11781,0.8613
11782,0.8604
11783,0.848
11784,0.8592
11785,0.8711
11786,0.881
11787,0.8916
11788,0.905
11789,0.9139
11790,0.9238
11791,0.9367
11792,0.9463
11793,0.936
11794,0.9322
11795,0.9157
11796,0.9157
11797,0.9009
11798,0.9051
11799,0.8798
11800,0.8938
11801,0.8664
11802,0.8685
11803,0.8589
11804,0.8589
11805,0.8483
11806,0.8603
11807,0.8734
11808,0.8823
11809,0.8932
11810,0.9059
11811,0.9151
11812,0.9245
11813,0.938
11814,0.947
11815,0.9353
11816,0.9336
11817,0.9147
11818,0.917
11819,0.8949
11820,0.9068
11821,0.878
11822,0.883
11823,0.8725
11824,0.8677
11825,0.8604
11826,0.8523
11827,0.85
11828,0.8611
11829,0.8747
11830,0.8843
11831,0.894
11832,0.9086
11833,0.9169
11834,0.9261
11835,0.9379
11836,0.9481
11837,0.9334
11838,0.9348
11839,0.9105
11840,0.9183
11841,0.8917
11842,0.9031
11843,0.8854
11844,0.8837
11845,0.8738
11846,0.8625
11847,0.8612
11848,0.8513
11849,0.8507
11850,0.8619
11851,0.876
11852,0.8867
11853,0.8948
11854,0.9086
11855,0.9184
11856,0.9275
11857,0.9398
11858,0.9494
11859,0.9256
11860,0.9357
11861,0.9124
11862,0.9198
11863,0.8898
11864,0.8992
11865,0.8845
11866,0.8799
11867,0.8752
11868,0.8652
11869,0.8618
11870,0.8436
11871,0.8527
11872,0.8627
11873,0.8772
11874,0.8866
11875,0.8958
11876,0.9095
11877,0.9188
11878,0.9283
11879,0.9411
11880,0.9497
11881,0.9199
11882,0.9362
11883,0.904
11884,0.913
11885,0.8982
11886,0.8934
11887,0.8852
11888,0.8711
11889,0.8762
11890,0.8579
11891,0.8635
11892,0.8435
11893,0.8539
11894,0.8639
11895,0.8774
11896,0.8877
11897,0.8967
11898,0.9109
11899,0.9204
11900,0.9295
11901,0.9419
11902,0.9518
11903,0.9194
11904,0.9252
11905,0.9159
11906,0.9062
11907,0.9002
11908,0.8953
11909,0.8868
11910,0.8713
11911,0.8771
11912,0.8516
11913,0.8646
11914,0.8443
11915,0.8557
11916,0.8646
11917,0.8794
11918,0.8891
11919,0.8989
11920,0.912
11921,0.9217
11922,0.9301
11923,0.9425
11924,0.9531
11925,0.9211
11926,0.9264
11927,0.9147
11928,0.9044
11929,0.9011
11930,0.8898
11931,0.8884
11932,0.8728
11933,0.8792
11934,0.8509
11935,0.8544
11936,0.8502
11937,0.8568
11938,0.8674
11939,0.8803
11940,0.8903
11941,0.8996
11942,0.9128
11943,0.923
11944,0.9316
11945,0.944
11946,0.9431
11947,0.9276
11948,0.9234
11949,0.9168
11950,0.9016
11951,0.9015
11952,0.8851
11953,0.8899
11954,0.868
11955,0.8799
11956,0.8504
11957,0.8538
11958,0.8478
11959,0.8578
11960,0.8678
11961,0.8815
11962,0.8923
11963,0.9006
11964,0.9133
11965,0.9241
11966,0.9326
11967,0.9448
11968,0.9381
11969,0.9293
11970,0.9156
11971,0.917
11972,0.8971
11973,0.9016
11974,0.8815
11975,0.8908
11976,0.8623
11977,0.874
11978,0.858
11979,0.8533
11980,0.8486
11981,0.8593
11982,0.8692
11983,0.8819
11984,0.8934
11985,0.9022
11986,0.9143
11987,0.9241
11988,0.932
11989,0.9441
11990,0.936
11991,0.9298
11992,0.914
11993,0.9175
11994,0.9006
11995,0.9025
11996,0.8792
11997,0.8835
11998,0.8718
11999,0.8666
12000,0.8587
12001,0.8527
12002,0.8496
12003,0.8602
12004,0.8696
12005,0.8827
12006,0.8931
12007,0.903
12008,0.915
12009,0.9268
12010,0.9345
12011,0.9454
12012,0.9344
12013,0.9309
12014,0.9105
12015,0.9194
12016,0.8931
12017,0.9036
12018,0.8761
12019,0.8804
12020,0.8693
12021,0.8671
12022,0.8589
12023,0.8492
12024,0.851
12025,0.8617
12026,0.8714
12027,0.8842
12028,0.8956
12029,0.9045
12030,0.9157
12031,0.9273
12032,0.9362
12033,0.946
12034,0.9328
12035,0.9322
12036,0.9087
12037,0.9202
12038,0.8897
12039,0.8972
12040,0.8856
12041,0.8788
12042,0.8705
12043,0.8614
12044,0.8612
12045,0.8463
12046,0.8518
12047,0.8629
12048,0.8725
12049,0.8847
12050,0.8963
12051,0.9049
12052,0.9164
12053,0.9285
12054,0.9372
12055,0.9465
12056,0.9306
12057,0.9331
12058,0.9038
12059,0.9096
12060,0.9009
12061,0.8912
12062,0.8855
12063,0.8808
12064,0.872
12065,0.8573
12066,0.8625
12067,0.8394
12068,0.853
12069,0.8642
12070,0.8731
12071,0.8855
12072,0.8975
12073,0.9062
12074,0.9176
12075,0.9297
12076,0.9377
12077,0.9478
12078,0.9248
12079,0.9342
12080,0.905
12081,0.9109
12082,0.8977
12083,0.8859
12084,0.887
12085,0.8737
12086,0.8727
12087,0.8574
12088,0.8635
12089,0.8382
12090,0.8535
12091,0.8652
12092,0.8745
12093,0.887
12094,0.8985
12095,0.9078
12096,0.9187
12097,0.9302
12098,0.9392
12099,0.9488
12100,0.9222
12101,0.9262
12102,0.9105
12103,0.9088
12104,0.8986
12105,0.887
12106,0.8876
12107,0.8684
12108,0.8738
12109,0.8546
12110,0.8647
12111,0.8379
12112,0.8546
12113,0.8663
12114,0.8758
12115,0.8873
12116,0.9001
12117,0.9084
12118,0.9189
12119,0.9314
12120,0.9404
12121,0.9379
12122,0.9323
12123,0.9217
12124,0.9109
12125,0.9054
12126,0.8999
12127,0.8874
12128,0.8884
12129,0.8719
12130,0.8746
12131,0.8484
12132,0.8558
12133,0.8445
12134,0.8554
12135,0.8686
12136,0.8771
12137,0.8884
12138,0.9015
12139,0.9098
12140,0.9188
12141,0.9325
12142,0.942
12143,0.9408
12144,0.9288
12145,0.9209
12146,0.9123
12147,0.9004
12148,0.901
12149,0.8836
12150,0.8893
12151,0.8714
12152,0.864
12153,0.8599
12154,0.8529
12155,0.8443
12156,0.8564
12157,0.8694
12158,0.8777
12159,0.8891
12160,0.9024
12161,0.9113
12162,0.9208
12163,0.9343
12164,0.942
12165,0.939
12166,0.9299
12167,0.9185
12168,0.9135
12169,0.8984
12170,0.9026
12171,0.8751
12172,0.891
12173,0.8616
12174,0.8718
12175,0.8566
12176,0.8528
12177,0.845
12178,0.8578
12179,0.8711
12180,0.8785
12181,0.8902
12182,0.9038
12183,0.9127
12184,0.9219
12185,0.9352
12186,0.9441
12187,0.9292
12188,0.9305
12189,0.9147
12190,0.9141
12191,0.9007
12192,0.9038
12193,0.8744
12194,0.8805
12195,0.8707
12196,0.8619
12197,0.8573
12198,0.8517
12199,0.8471
12200,0.8568
12201,0.8719
12202,0.8812
12203,0.8909
12204,0.9044
12205,0.9138
12206,0.9233
12207,0.9357
12208,0.9453
12209,0.9283
12210,0.9317
12211,0.9115
12212,0.9155
12213,0.895
12214,0.8933
12215,0.8846
12216,0.8785
12217,0.8707
12218,0.8601
12219,0.8585
12220,0.8509
12221,0.8483
12222,0.8591
12223,0.8731
12224,0.8823
12225,0.8922
12226,0.9056
12227,0.9144
12228,0.9237
12229,0.9364
12230,0.9452
12231,0.9343
12232,0.9326
12233,0.9092
12234,0.9165
12235,0.8876
12236,0.8981
12237,0.881
12238,0.8732
12239,0.8713
12240,0.8601
12241,0.859
12242,0.8456
12243,0.8493
12244,0.86
12245,0.8728
12246,0.8835
12247,0.8927
12248,0.9065
12249,0.9159
12250,0.9248
12251,0.9374
12252,0.9474
12253,0.9217
12254,0.9329
12255,0.9048
12256,0.9038
12257,0.8965
12258,0.896
12259,0.8832
12260,0.8741
12261,0.8726
12262,0.8554
12263,0.8603
12264,0.8418
12265,0.8511
12266,0.861
12267,0.8749
12268,0.8838
12269,0.8929
12270,0.9076
12271,0.9174
12272,0.9269
12273,0.9389
12274,0.9479
12275,0.9214
12276,0.9209
12277,0.9163
12278,0.9054
12279,0.8965
12280,0.8879
12281,0.8849
12282,0.8693
12283,0.8743
12284,0.8566
12285,0.862
12286,0.841
12287,0.8526
12288,0.8627
12289,0.8766
12290,0.8866
12291,0.8954
12292,0.9088
12293,0.9189
12294,0.9271
12295,0.9402
12296,0.9504
12297,0.915
12298,0.9199
12299,0.9118
12300,0.9026
12301,0.8984
12302,0.89
12303,0.8854
12304,0.8654
12305,0.876
12306,0.8515
12307,0.8626
12308,0.8392
12309,0.8541
12310,0.8629
12311,0.8773
12312,0.8879
12313,0.8967
12314,0.9104
12315,0.92
12316,0.9289
12317,0.9411
12318,0.9424
12319,0.9267
12320,0.9188
12321,0.9143
12322,0.8997
12323,0.8988
12324,0.8843
12325,0.8869
12326,0.8659
12327,0.8774
12328,0.8521
12329,0.8516
12330,0.8451
12331,0.8562
12332,0.8653
12333,0.8793
12334,0.8888
12335,0.8987
12336,0.9112
12337,0.9213
12338,0.9307
12339,0.9422
12340,0.9382
12341,0.9272
12342,0.9189
12343,0.915
12344,0.8967
12345,0.9004
12346,0.8831
12347,0.8889
12348,0.8653
12349,0.8701
12350,0.8579
12351,0.852
12352,0.8472
12353,0.8569
12354,0.8676
12355,0.8809
12356,0.8903
12357,0.9005
12358,0.9133
12359,0.9247
12360,0.933
12361,0.944
12362,0.932
12363,0.9293
12364,0.9147
12365,0.9169
12366,0.8982
12367,0.9023
12368,0.8804
12369,0.8913
12370,0.8612
12371,0.8702
12372,0.8578
12373,0.848
12374,0.8486
12375,0.8589
12376,0.8687
12377,0.8818
12378,0.893
12379,0.9017
12380,0.9141
12381,0.9255
12382,0.9341
12383,0.9443
12384,0.9354
12385,0.9298
12386,0.9176
12387,0.9188
12388,0.8959
12389,0.903
12390,0.8785
12391,0.8793
12392,0.8702
12393,0.8681
12394,0.8591
12395,0.85
12396,0.8499
12397,0.8607
12398,0.8702
12399,0.8834
12400,0.8947
12401,0.9024
12402,0.9148
12403,0.9267
12404,0.9356
12405,0.9453
12406,0.9316
12407,0.9314
12408,0.9096
12409,0.9198
12410,0.891
12411,0.8955
12412,0.8866
12413,0.8791
12414,0.8696
12415,0.8606
12416,0.8607
12417,0.8483
12418,0.851
12419,0.8619
12420,0.8721
12421,0.8837
12422,0.8961
12423,0.9049
12424,0.9151
12425,0.9278
12426,0.9368
12427,0.945
12428,0.9319
12429,0.9329
12430,0.9063
12431,0.9214
12432,0.8882
12433,0.8946
12434,0.8851
12435,0.8827
12436,0.871
12437,0.8604
12438,0.8621
12439,0.8427
12440,0.8518
12441,0.8635
12442,0.8731
12443,0.8853
12444,0.8969
12445,0.9061
12446,0.9171
12447,0.9287
12448,0.9381
12449,0.9478
12450,0.9262
12451,0.9345
12452,0.9055
12453,0.9159
12454,0.898
12455,0.8884
12456,0.8865
12457,0.8716
12458,0.873
12459,0.864
12460,0.8645
12461,0.8407
12462,0.8533
12463,0.8655
12464,0.8748
12465,0.8866
12466,0.8993
12467,0.9078
12468,0.918
12469,0.9305
12470,0.9404
12471,0.9493
12472,0.9219
12473,0.9248
12474,0.9133
12475,0.9047
12476,0.8996
12477,0.8903
12478,0.8881
12479,0.8719
12480,0.8741
12481,0.8525
12482,0.8659
12483,0.8438
12484,0.8545
12485,0.866
12486,0.8764
12487,0.8877
12488,0.9003
12489,0.9095
12490,0.9195
12491,0.9324
12492,0.9414
12493,0.9501
12494,0.9241
12495,0.9253
12496,0.9114
12497,0.9054
12498,0.9013
12499,0.8832
12500,0.8893
12501,0.8748
12502,0.8755
12503,0.8517
12504,0.8561
12505,0.8464
12506,0.8555
12507,0.8688
12508,0.8788
12509,0.8884
12510,0.902
12511,0.9102
12512,0.9204
12513,0.9336
12514,0.9426
12515,0.9426
12516,0.929
12517,0.9253
12518,0.9127
12519,0.9023
12520,0.9016
12521,0.8824
12522,0.8898
12523,0.8702
12524,0.8763
12525,0.8495
12526,0.8555
12527,0.8451
12528,0.8567
12529,0.87
12530,0.8792
12531,0.8892
12532,0.9032
12533,0.912
12534,0.9222
12535,0.9347
12536,0.9439
12537,0.9353
12538,0.9299
12539,0.9151
12540,0.9145
12541,0.9014
12542,0.9032
12543,0.8779
12544,0.8906
12545,0.8634
12546,0.866
12547,0.8569
12548,0.8567
12549,0.847
12550,0.8571
12551,0.8712
12552,0.8797
12553,0.891
12554,0.9042
12555,0.9133
12556,0.9224
12557,0.935
12558,0.9449
12559,0.9336
12560,0.9315
12561,0.9134
12562,0.9151
12563,0.8952
12564,0.904
12565,0.8794
12566,0.8802
12567,0.8734
12568,0.8671
12569,0.8575
12570,0.854
12571,0.8477
12572,0.8581
12573,0.8716
12574,0.8812
12575,0.8905
12576,0.9044
12577,0.9142
12578,0.9233
12579,0.9371
12580,0.9458
12581,0.9359
12582,0.933
12583,0.9095
12584,0.916
12585,0.8967
12586,0.9053
12587,0.8756
12588,0.8823
12589,0.8714
12590,0.8623
12591,0.8582
12592,0.8485
12593,0.8489
12594,0.8592
12595,0.8732
12596,0.8827
12597,0.8923
12598,0.9056
12599,0.9151
12600,0.9245
12601,0.9389
12602,0.9477
12603,0.9277
12604,0.9327
12605,0.9125
12606,0.9177
12607,0.8905
12608,0.8992
12609,0.8824
12610,0.8743
12611,0.872
12612,0.864
12613,0.8594
12614,0.8449
12615,0.8497
12616,0.8604
12617,0.8731
12618,0.8848
12619,0.8934
12620,0.9061
12621,0.9168
12622,0.9259
12623,0.9382
12624,0.9484
12625,0.9215
12626,0.934
12627,0.9066
12628,0.9092
12629,0.8996
12630,0.8949
12631,0.8831
12632,0.8751
12633,0.8743
12634,0.8571
12635,0.8602
12636,0.8439
12637,0.8517
12638,0.862
12639,0.8758
12640,0.8862
12641,0.8955
12642,0.9086
12643,0.9176
12644,0.9272
12645,0.939
12646,0.95
12647,0.9213
12648,0.9347
12649,0.9056
12650,0.9089
12651,0.8974
12652,0.8917
12653,0.885
12654,0.8715
12655,0.8759
12656,0.8542
12657,0.862
12658,0.8441
12659,0.8532
12660,0.8633
12661,0.8769
12662,0.8872
12663,0.896
12664,0.9094
12665,0.9199
12666,0.9283
12667,0.9404
12668,0.9513
12669,0.9193
12670,0.9226
12671,0.9137
12672,0.9036
12673,0.8977
12674,0.8928
12675,0.887
12676,0.8671
12677,0.877
12678,0.8522
12679,0.8642
12680,0.842
12681,0.8547
12682,0.8642
12683,0.8782
12684,0.8886
12685,0.897
12686,0.9109
12687,0.9211
12688,0.9307
12689,0.942
12690,0.938
12691,0.9307
12692,0.9216
12693,0.9151
12694,0.9013
12695,0.9007
12696,0.8896
12697,0.8881
12698,0.8653
12699,0.8789
12700,0.8514
12701,0.8554
12702,0.8468
12703,0.857
12704,0.8665
12705,0.8789
12706,0.8905
12707,0.8992
12708,0.9123
12709,0.9231
12710,0.9315
12711,0.9415
12712,0.942
12713,0.9281
12714,0.9232
12715,0.9162
12716,0.9038
12717,0.9005
12718,0.8829
12719,0.8898
12720,0.8697
12721,0.8763
12722,0.8617
12723,0.8553
12724,0.8482
12725,0.8576
12726,0.8676
12727,0.881
12728,0.8921
12729,0.901
12730,0.9125
12731,0.9248
12732,0.9334
12733,0.9434
12734,0.9422
12735,0.9291
12736,0.918
12737,0.9175
12738,0.9026
12739,0.902
12740,0.8811
12741,0.8907
12742,0.859
12743,0.872
12744,0.8593
12745,0.8523
12746,0.8491
12747,0.8604
12748,0.8691
12749,0.8823
12750,0.8934
12751,0.9022
12752,0.9128
12753,0.9261
12754,0.9342
12755,0.9444
12756,0.9347
12757,0.9317
12758,0.9127
12759,0.9189
12760,0.8968
12761,0.9036
12762,0.8797
12763,0.8803
12764,0.8698
12765,0.866
12766,0.8596
12767,0.8512
12768,0.8499
12769,0.8615
12770,0.8706
12771,0.883
12772,0.8946
12773,0.9036
12774,0.9147
12775,0.9271
12776,0.9363
12777,0.9453
12778,0.9368
12779,0.932
12780,0.9102
12781,0.9199
12782,0.891
12783,0.8942
12784,0.889
12785,0.886
12786,0.8705
12787,0.867
12788,0.8612
12789,0.8517
12790,0.8515
12791,0.863
12792,0.8708
12793,0.8857
12794,0.8964
12795,0.9053
12796,0.9157
12797,0.9285
12798,0.9368
12799,0.9465
12800,0.9615
12801,0.9821
12802,0.923
12803,0.9217
12804,0.8901
12805,0.8899
12806,0.8856
12807,0.8778
12808,0.8707
12809,0.8632
12810,0.8627
12811,0.8431
12812,0.8518
12813,0.8636
12814,0.873
12815,0.885
12816,0.8989
12817,0.9064
12818,0.9165
12819,0.9305
12820,0.9386
12821,0.9478
12822,0.9274
12823,0.9339
12824,0.9015
12825,0.9178
12826,0.899
12827,0.8909
12828,0.8863
12829,0.8805
12830,0.8725
12831,0.8624
12832,0.8649
12833,0.8417
12834,0.8533
12835,0.8659
12836,0.8754
12837,0.8856
12838,0.8991
12839,0.9089
12840,0.9183
12841,0.9318
12842,0.9402
12843,0.9492
12844,0.9235
12845,0.9194
12846,0.9161
12847,0.908
12848,0.8999
12849,0.8916
12850,0.8869
12851,0.8735
12852,0.8747
12853,0.8618
12854,0.8657
12855,0.8424
12856,0.8541
12857,0.8675
12858,0.8758
12859,0.8863
12860,0.9011
12861,0.9091
12862,0.9191
12863,0.9326
12864,0.9421
12865,0.9494
12866,0.926
12867,0.9244
12868,0.9124
12869,0.9054
12870,0.9005
12871,0.8846
12872,0.8888
12873,0.8762
12874,0.8746
12875,0.852
12876,0.8669
12877,0.8373
12878,0.8554
12879,0.8691
12880,0.8789
12881,0.8879
12882,0.9023
12883,0.9094
12884,0.9211
12885,0.9334
12886,0.9427
12887,0.9385
12888,0.9306
12889,0.927
12890,0.9135
12891,0.9038
12892,0.9022
12893,0.8904
12894,0.8892
12895,0.8723
12896,0.8769
12897,0.8499
12898,0.8564
12899,0.8452
12900,0.8562
12901,0.8703
12902,0.8792
12903,0.8885
12904,0.9026
12905,0.9126
12906,0.9214
12907,0.9347
12908,0.944
12909,0.9359
12910,0.9303
12911,0.9194
12912,0.9138
12913,0.8993
12914,0.9037
12915,0.8806
12916,0.8905
12917,0.8687
12918,0.8701
12919,0.8583
12920,0.855
12921,0.8467
12922,0.8571
12923,0.8712
12924,0.8805
12925,0.8901
12926,0.9016
12927,0.9136
12928,0.9215
12929,0.9348
12930,0.9452
12931,0.936
12932,0.9303
12933,0.9168
12934,0.915
12935,0.8994
12936,0.9049
12937,0.875
12938,0.8911
12939,0.8626
12940,0.867
12941,0.8574
12942,0.8541
12943,0.8478
12944,0.858
12945,0.874
12946,0.882
12947,0.8915
12948,0.9048
12949,0.914
12950,0.9239
12951,0.9362
12952,0.9465
12953,0.9323
12954,0.9314
12955,0.9115
12956,0.9164
12957,0.8984
12958,0.9063
12959,0.8743
12960,0.8852
12961,0.8725
12962,0.8637
12963,0.8579
12964,0.8506
12965,0.849
12966,0.8591
12967,0.8728
12968,0.8816
12969,0.8918
12970,0.906
12971,0.9157
12972,0.9246
12973,0.9364
12974,0.9488
12975,0.9314
12976,0.932
12977,0.9092
12978,0.9165
12979,0.8913
12980,0.8994
12981,0.8836
12982,0.8792
12983,0.8721
12984,0.8662
12985,0.8585
12986,0.8489
12987,0.8507
12988,0.8597
12989,0.8735
12990,0.8836
12991,0.8936
12992,0.9058
12993,0.9159
12994,0.9253
12995,0.9379
12996,0.9482
12997,0.9255
12998,0.9325
12999,0.9132
13000,0.9188
13001,0.8861
13002,0.898
13003,0.8833
13004,0.8738
13005,0.8733
13006,0.8604
13007,0.8597
13008,0.8434
13009,0.8512
13010,0.8607
13011,0.8742
13012,0.8848
13013,0.8944
13014,0.9072
13015,0.9176
13016,0.926
13017,0.9376
13018,0.9487
13019,0.9212
13020,0.9328
13021,0.9063
13022,0.9113
13023,0.897
13024,0.8911
13025,0.8839
13026,0.8721
13027,0.8744
13028,0.8559
13029,0.8608
13030,0.8433
13031,0.8521
13032,0.8628
13033,0.8756
13034,0.8865
13035,0.8951
13036,0.9075
13037,0.9193
13038,0.9278
13039,0.9382
13040,0.9503
13041,0.9198
13042,0.9195
13043,0.9156
13044,0.9073
13045,0.8969
13046,0.8909
13047,0.8858
13048,0.8689
13049,0.8757
13050,0.8528
13051,0.8618
13052,0.8371
13053,0.8542
13054,0.8642
13055,0.8756
13056,0.8882
13057,0.8967
13058,0.9087
13059,0.9206
13060,0.9295
13061,0.9394
13062,0.9508
13063,0.9207
13064,0.9214
13065,0.9127
13066,0.9035
13067,0.8978
13068,0.8864
13069,0.8872
13070,0.8675
13071,0.8766
13072,0.8532
13073,0.8521
13074,0.8475
13075,0.8564
13076,0.8649
13077,0.8776
13078,0.8892
13079,0.8984
13080,0.9099
13081,0.9225
13082,0.9311
13083,0.9408
13084,0.9418
13085,0.9281
13086,0.9221
13087,0.9152
13088,0.9005
13089,0.8989
13090,0.8811
13091,0.8878
13092,0.8631
13093,0.8782
13094,0.8518
13095,0.8544
13096,0.8456
13097,0.8574
13098,0.8665
13099,0.8788
13100,0.8913
13101,0.9
13102,0.9106
13103,0.9236
13104,0.9302
13105,0.9417
13106,0.9365
13107,0.9276
13108,0.9136
13109,0.9159
13110,0.9016
13111,0.8983
13112,0.8808
13113,0.8912
13114,0.8623
13115,0.8685
13116,0.8566
13117,0.8545
13118,0.8457
13119,0.8589
13120,0.8684
13121,0.8784
13122,0.8929
13123,0.9012
13124,0.9119
13125,0.9247
13126,0.933
13127,0.943
13128,0.9363
13129,0.9292
13130,0.91
13131,0.9169
13132,0.8945
13133,0.9026
13134,0.8805
13135,0.8791
13136,0.8704
13137,0.8665
13138,0.8582
13139,0.8489
13140,0.8465
13141,0.8601
13142,0.8693
13143,0.8788
13144,0.8935
13145,0.9027
13146,0.912
13147,0.9252
13148,0.9339
13149,0.9439
13150,0.9349
13151,0.9306
13152,0.9103
13153,0.9175
13154,0.8898
13155,0.9027
13156,0.8742
13157,0.8846
13158,0.8686
13159,0.8611
13160,0.8602
13161,0.8484
13162,0.8479
13163,0.8623
13164,0.8707
13165,0.8811
13166,0.8947
13167,0.9036
13168,0.9138
13169,0.9266
13170,0.9366
13171,0.9445
13172,0.9272
13173,0.932
13174,0.9125
13175,0.9182
13176,0.8923
13177,0.8943
13178,0.8831
13179,0.8787
13180,0.8702
13181,0.8602
13182,0.8618
13183,0.8456
13184,0.8487
13185,0.8634
13186,0.8722
13187,0.8831
13188,0.8944
13189,0.9058
13190,0.9147
13191,0.9281
13192,0.9381
13193,0.9459
13194,0.9272
13195,0.9338
13196,0.9024
13197,0.9124
13198,0.9011
13199,0.8908
13200,0.8843
13201,0.877
13202,0.871
13203,0.8566
13204,0.8638
13205,0.8436
13206,0.8509
13207,0.8656
13208,0.8738
13209,0.8841
13210,0.8978
13211,0.9083
13212,0.9173
13213,0.9293
13214,0.9382
13215,0.9471
13216,0.925
13217,0.9358
13218,0.902
13219,0.911
13220,0.8987
13221,0.8914
13222,0.8856
13223,0.8744
13224,0.8732
13225,0.8547
13226,0.8644
13227,0.8405
13228,0.8513
13229,0.8658
13230,0.8757
13231,0.8855
13232,0.8994
13233,0.9084
13234,0.9169
13235,0.9304
13236,0.9403
13237,0.9489
13238,0.923
13239,0.928
13240,0.9116
13241,0.9039
13242,0.9002
13243,0.8863
13244,0.885
13245,0.8762
13246,0.8746
13247,0.851
13248,0.866
13249,0.8361
13250,0.8535
13251,0.8673
13252,0.8768
13253,0.8864
13254,0.9002
13255,0.9099
13256,0.9188
13257,0.9328
13258,0.942
13259,0.9346
13260,0.9301
13261,0.9264
13262,0.9118
13263,0.9042
13264,0.9009
13265,0.889
13266,0.8865
13267,0.873
13268,0.8764
13269,0.8499
13270,0.8575
13271,0.8448
13272,0.8544
13273,0.867
13274,0.8784
13275,0.8873
13276,0.9005
13277,0.9108
13278,0.92
13279,0.9321
13280,0.9437
13281,0.9394
13282,0.928
13283,0.9224
13284,0.9135
13285,0.9032
13286,0.9022
13287,0.881
13288,0.8875
13289,0.8679
13290,0.8682
13291,0.8586
13292,0.8543
13293,0.8461
13294,0.8551
13295,0.8691
13296,0.8804
13297,0.8895
13298,0.9018
13299,0.9137
13300,0.9218
13301,0.9333
13302,0.9443
13303,0.9336
13304,0.9284
13305,0.9181
13306,0.9155
13307,0.899
13308,0.9041
13309,0.8826
13310,0.8895
13311,0.8605
13312,0.8658
13313,0.8555
13314,0.8582
13315,0.8474
13316,0.8573
13317,0.8704
13318,0.8817
13319,0.8903
13320,0.9028
13321,0.9142
13322,0.9238
13323,0.9343
13324,0.9463
13325,0.9338
13326,0.9292
13327,0.9139
13328,0.9163
13329,0.8909
13330,0.9052
13331,0.8798
13332,0.8841
13333,0.8717
13334,0.8652
13335,0.8574
13336,0.8484
13337,0.8492
13338,0.8593
13339,0.8698
13340,0.8834
13341,0.8921
13342,0.9038
13343,0.916
13344,0.924
13345,0.9343
13346,0.9473
13347,0.9339
13348,0.9309
13349,0.9111
13350,0.9177
13351,0.8884
13352,0.8954
13353,0.887
13354,0.8812
13355,0.8723
13356,0.8636
13357,0.8585
13358,0.8469
13359,0.8504
13360,0.8594
13361,0.874
13362,0.8846
13363,0.8931
13364,0.9044
13365,0.917
13366,0.9257
13367,0.9356
13368,0.9475
13369,0.9261
13370,0.9314
13371,0.916
13372,0.9181
13373,0.8868
13374,0.8964
13375,0.8828
13376,0.8759
13377,0.8726
13378,0.8662
13379,0.8595
13380,0.8434
13381,0.8508
13382,0.8614
13383,0.8731
13384,0.887
13385,0.8964
13386,0.9052
13387,0.9188
13388,0.9273
13389,0.9366
13390,0.9493
13391,0.9208
13392,0.9322
13393,0.9082
13394,0.9121
13395,0.8961
13396,0.8918
13397,0.8849
13398,0.8755
13399,0.8736
13400,0.8596
13401,0.8609
13402,0.8415
13403,0.854
13404,0.8623
13405,0.8746
13406,0.8871
13407,0.8953
13408,0.9056
13409,0.919
13410,0.9295
13411,0.9378
13412,0.9503
13413,0.9227
13414,0.9235
13415,0.9172
13416,0.908
13417,0.8963
13418,0.8873
13419,0.8861
13420,0.8728
13421,0.874
13422,0.8554
13423,0.8621
13424,0.8376
13425,0.8545
13426,0.8644
13427,0.8755
13428,0.8883
13429,0.8984
13430,0.9062
13431,0.9201
13432,0.9296
13433,0.939
13434,0.9511
13435,0.9209
13436,0.9214
13437,0.9126
13438,0.9045
13439,0.8973
13440,0.8892
13441,0.8878
13442,0.8684
13443,0.8751
13444,0.8542
13445,0.8638
13446,0.8402
13447,0.8559
13448,0.8656
13449,0.8756
13450,0.8886
13451,0.8989
13452,0.9078
13453,0.9217
13454,0.9307
13455,0.9396
13456,0.9448
13457,0.9279
13458,0.9185
13459,0.9134
13460,0.8995
13461,0.8981
13462,0.8846
13463,0.8883
13464,0.8681
13465,0.8758
13466,0.8498
13467,0.8527
13468,0.8432
13469,0.8558
13470,0.8666
13471,0.8761
13472,0.89
13473,0.8992
13474,0.9086
13475,0.9209
13476,0.9311
13477,0.94
13478,0.9466
13479,0.9278
13480,0.9157
13481,0.9137
13482,0.8999
13483,0.8996
13484,0.8825
13485,0.8899
13486,0.8634
13487,0.8675
13488,0.8583
13489,0.8516
13490,0.8436
13491,0.8577
13492,0.8677
13493,0.8774
13494,0.891
13495,0.9008
13496,0.9097
13497,0.9226
13498,0.934
13499,0.9409
13500,0.9339
13501,0.9285
13502,0.9156
13503,0.9143
13504,0.8998
13505,0.9007
13506,0.8761
13507,0.8908
13508,0.8628
13509,0.8663
13510,0.8571
13511,0.8505
13512,0.8451
13513,0.8587
13514,0.8689
13515,0.8787
13516,0.8918
13517,0.9017
13518,0.9116
13519,0.9241
13520,0.9341
13521,0.9423
13522,0.9333
13523,0.9307
13524,0.9084
13525,0.9158
13526,0.9012
13527,0.9012
13528,0.8764
13529,0.8849
13530,0.8683
13531,0.8603
13532,0.8587
13533,0.8477
13534,0.8461
13535,0.8596
13536,0.8706
13537,0.8806
13538,0.8933
13539,0.9033
13540,0.9129
13541,0.9249
13542,0.9357
13543,0.9438
13544,0.9312
13545,0.9312
13546,0.9091
13547,0.9166
13548,0.8894
13549,0.8916
13550,0.8819
13551,0.8813
13552,0.8697
13553,0.8592
13554,0.8601
13555,0.8437
13556,0.8483
13557,0.8621
13558,0.8719
13559,0.8816
13560,0.8946
13561,0.9051
13562,0.9143
13563,0.9252
13564,0.9371
13565,0.9451
13566,0.927
13567,0.9335
13568,0.9091
13569,0.917
13570,0.8889
13571,0.8917
13572,0.8806
13573,0.8796
13574,0.8714
13575,0.8611
13576,0.8613
13577,0.844
13578,0.8487
13579,0.8633
13580,0.8734
13581,0.8826
13582,0.8943
13583,0.9067
13584,0.9153
13585,0.9263
13586,0.9386
13587,0.9473
13588,0.9257
13589,0.9346
13590,0.9043
13591,0.9111
13592,0.8975
13593,0.8926
13594,0.8828
13595,0.8727
13596,0.8725
13597,0.8529
13598,0.864
13599,0.8462
13600,0.85
13601,0.8635
13602,0.8745
13603,0.8843
13604,0.8963
13605,0.9089
13606,0.9171
13607,0.9278
13608,0.9418
13609,0.9493
13610,0.9208
13611,0.9237
13612,0.9135
13613,0.9061
13614,0.8993
13615,0.8919
13616,0.8846
13617,0.8722
13618,0.8743
13619,0.853
13620,0.8648
13621,0.8378
13622,0.853
13623,0.8658
13624,0.8773
13625,0.8869
13626,0.8983
13627,0.9107
13628,0.92
13629,0.9297
13630,0.9426
13631,0.9508
13632,0.9196
13633,0.9293
13634,0.9128
13635,0.9004
13636,0.9013
13637,0.8878
13638,0.8849
13639,0.8722
13640,0.876
13641,0.8473
13642,0.8589
13643,0.8484
13644,0.8541
13645,0.8665
13646,0.8792
13647,0.8883
13648,0.8991
13649,0.9124
13650,0.9214
13651,0.9305
13652,0.9435
13653,0.938
13654,0.926
13655,0.9228
13656,0.9141
13657,0.9051
13658,0.9004
13659,0.8807
13660,0.8879
13661,0.8654
13662,0.878
13663,0.8545
13664,0.8555
13665,0.8469
13666,0.8563
13667,0.8675
13668,0.8808
13669,0.8897
13670,0.9002
13671,0.9133
13672,0.9224
13673,0.9311
13674,0.9449
13675,0.9375
13676,0.9265
13677,0.9159
13678,0.9152
13679,0.9014
13680,0.9032
13681,0.8825
13682,0.889
13683,0.863
13684,0.8678
13685,0.8564
13686,0.8558
13687,0.8476
13688,0.8573
13689,0.8677
13690,0.8822
13691,0.8913
13692,0.9013
13693,0.9148
13694,0.9233
13695,0.933
13696,0.9457
13697,0.9396
13698,0.9289
13699,0.915
13700,0.9164
13701,0.8931
13702,0.9059
13703,0.882
13704,0.8852
13705,0.8713
13706,0.8671
13707,0.8574
13708,0.852
13709,0.8501
13710,0.8591
13711,0.8692
13712,0.8831
13713,0.8926
13714,0.9024
13715,0.9172
13716,0.925
13717,0.9338
13718,0.9466
13719,0.939
13720,0.9414
13721,0.9186
13722,0.918
13723,0.8919
13724,0.9053
13725,0.8742
13726,0.8814
13727,0.87
13728,0.8674
13729,0.8585
13730,0.8462
13731,0.8506
13732,0.8607
13733,0.8709
13734,0.8848
13735,0.8937
13736,0.903
13737,0.9171
13738,0.926
13739,0.9347
13740,0.9477
13741,0.9284
13742,0.9309
13743,0.9115
13744,0.9192
13745,0.8932
13746,0.8943
13747,0.8847
13748,0.8786
13749,0.8698
13750,0.8656
13751,0.8611
13752,0.8464
13753,0.8524
13754,0.8617
13755,0.8722
13756,0.886
13757,0.8955
13758,0.9047
13759,0.9181
13760,0.9273
13761,0.9346
13762,0.949
13763,0.9276
13764,0.9328
13765,0.9074
13766,0.9102
13767,0.8998
13768,0.8986
13769,0.8855
13770,0.8754
13771,0.8714
13772,0.8627
13773,0.8612
13774,0.8394
13775,0.8532
13776,0.8632
13777,0.8728
13778,0.8865
13779,0.897
13780,0.907
13781,0.919
13782,0.9285
13783,0.9374
13784,0.95
13785,0.9285
13786,0.9331
13787,0.9051
13788,0.9111
13789,0.8971
13790,0.8887
13791,0.8871
13792,0.8789
13793,0.8737
13794,0.8577
13795,0.8628
13796,0.844
13797,0.855
13798,0.865
13799,0.8746
13800,0.888
13801,0.8984
13802,0.9068
13803,0.9194
13804,0.9307
13805,0.9393
13806,0.9512
13807,0.9232
13808,0.9218
13809,0.912
13810,0.9088
13811,0.8981
13812,0.8867
13813,0.8883
13814,0.8696
13815,0.8741
13816,0.8609
13817,0.8648
13818,0.8361
13819,0.856
13820,0.866
13821,0.8755
13822,0.8895
13823,0.8998
13824,0.9079
13825,0.9207
13826,0.9316
13827,0.9397
13828,0.9396
13829,0.9318
13830,0.9175
13831,0.9125
13832,0.9027
13833,0.8995
13834,0.8918
13835,0.8893
13836,0.8672
13837,0.8751
13838,0.8512
13839,0.8571
13840,0.8443
13841,0.8562
13842,0.8673
13843,0.8767
13844,0.8898
13845,0.9014
13846,0.9094
13847,0.9213
13848,0.9328
13849,0.9408
13850,0.9417
13851,0.9289
13852,0.9182
13853,0.9127
13854,0.9006
13855,0.9013
13856,0.8838
13857,0.8901
13858,0.8645
13859,0.8636
13860,0.8603
13861,0.8559
13862,0.8436
13863,0.8576
13864,0.8687
13865,0.8782
13866,0.8904
13867,0.9024
13868,0.9108
13869,0.9221
13870,0.9338
13871,0.9408
13872,0.932
13873,0.9293
13874,0.9191
13875,0.9136
13876,0.8969
13877,0.9021
13878,0.885
13879,0.891
13880,0.8652
13881,0.8686
13882,0.8575
13883,0.8507
13884,0.845
13885,0.8583
13886,0.8685
13887,0.8784
13888,0.8913
13889,0.9029
13890,0.9113
13891,0.9222
13892,0.9345
13893,0.9427
13894,0.9282
13895,0.9308
13896,0.9118
13897,0.9145
13898,0.8984
13899,0.9032
13900,0.8777
13901,0.8816
13902,0.8696
13903,0.8626
13904,0.8586
13905,0.8489
13906,0.8469
13907,0.8581
13908,0.871
13909,0.8799
13910,0.8915
13911,0.9039
13912,0.9129
13913,0.9237
13914,0.9361
13915,0.9442
13916,0.929
13917,0.9318
13918,0.9092
13919,0.9152
13920,0.896
13921,0.8936
13922,0.8842
13923,0.8809
13924,0.8692
13925,0.8617
13926,0.8593
13927,0.8495
13928,0.8472
13929,0.8599
13930,0.8725
13931,0.8813
13932,0.8935
13933,0.9048
13934,0.914
13935,0.9239
13936,0.936
13937,0.9456
13938,0.9255
13939,0.933
13940,0.9071
13941,0.9158
13942,0.889
13943,0.8968
13944,0.8805
13945,0.8764
13946,0.8723
13947,0.8553
13948,0.8597
13949,0.8463
13950,0.848
13951,0.86
13952,0.8734
13953,0.8821
13954,0.893
13955,0.9067
13956,0.9153
13957,0.9247
13958,0.9377
13959,0.9468
13960,0.9222
13961,0.9331
13962,0.9061
13963,0.9054
13964,0.8975
13965,0.8897
13966,0.8821
13967,0.8759
13968,0.8715
13969,0.8549
13970,0.8601
13971,0.8389
13972,0.8497
13973,0.861
13974,0.8742
13975,0.8844
13976,0.8946
13977,0.9071
13978,0.9161
13979,0.9258
13980,0.9388
13981,0.948
13982,0.9176
13983,0.9218
13984,0.9151
13985,0.9071
13986,0.8966
13987,0.8874
13988,0.882
13989,0.8732
13990,0.8735
13991,0.8554
13992,0.8609
13993,0.8383
13994,0.8514
13995,0.862
13996,0.8756
13997,0.8848
13998,0.8951
13999,0.9085
14000,0.9176
14001,0.9257
14002,0.9398
14003,0.9493
14004,0.9138
14005,0.9236
14006,0.9106
14007,0.9049
14008,0.8975
14009,0.8853
14010,0.884
14011,0.8658
14012,0.8755
14013,0.8525
14014,0.8625
14015,0.8365
14016,0.8525
14017,0.8623
14018,0.8767
14019,0.8865
14020,0.8958
14021,0.9089
14022,0.919
14023,0.9257
14024,0.9407
14025,0.9373
14026,0.9258
14027,0.9211
14028,0.9121
14029,0.8993
14030,0.8983
14031,0.8814
14032,0.8854
14033,0.8646
14034,0.876
14035,0.8474
14036,0.8554
14037,0.8452
14038,0.8537
14039,0.8642
14040,0.8784
14041,0.8875
14042,0.8973
14043,0.9104
14044,0.9201
14045,0.9288
14046,0.9415
14047,0.9402
14048,0.9252
14049,0.9182
14050,0.9138
14051,0.8993
14052,0.8993
14053,0.8823
14054,0.8868
14055,0.8622
14056,0.8715
14057,0.8561
14058,0.8467
14059,0.8458
14060,0.8557
14061,0.8654
14062,0.8795
14063,0.8893
14064,0.8977
14065,0.9114
14066,0.9213
14067,0.9318
14068,0.9428
14069,0.9388
14070,0.9265
14071,0.917
14072,0.914
14073,0.8993
14074,0.8998
14075,0.8777
14076,0.8887
14077,0.8596
14078,0.8688
14079,0.8557
14080,0.8466
14081,0.8467
14082,0.8575
14083,0.8665
14084,0.8804
14085,0.89
14086,0.9006
14087,0.9128
14088,0.9228
14089,0.9314
14090,0.9435
14091,0.9302
14092,0.928
14093,0.9103
14094,0.9156
14095,0.8895
14096,0.9017
14097,0.8774
14098,0.8789
14099,0.8675
14100,0.8677
14101,0.8573
14102,0.8452
14103,0.8482
14104,0.8589
14105,0.8691
14106,0.8826
14107,0.8924
14108,0.9007
14109,0.9143
14110,0.9248
14111,0.9347
14112,0.9446
14113,0.9275
14114,0.9298
14115,0.9068
14116,0.9177
14117,0.8922
14118,0.892
14119,0.8847
14120,0.8791
14121,0.8681
14122,0.8615
14123,0.8584
14124,0.8489
14125,0.8496
14126,0.8601
14127,0.8692
14128,0.8836
14129,0.8933
14130,0.9025
14131,0.915
14132,0.9266
14133,0.9342
14134,0.9435
14135,0.9272
14136,0.9307
14137,0.9124
14138,0.9195
14139,0.8868
14140,0.8964
14141,0.8836
14142,0.8738
14143,0.869
14144,0.8614
14145,0.86
14146,0.8428
14147,0.8513
14148,0.8614
14149,0.8714
14150,0.8839
14151,0.8947
14152,0.9038
14153,0.9158
14154,0.9274
14155,0.9363
14156,0.9463
14157,0.9263
14158,0.9328
14159,0.9041
14160,0.9098
14161,0.8961
14162,0.8874
14163,0.8858
14164,0.8748
14165,0.8706
14166,0.8568
14167,0.8623
14168,0.8388
14169,0.8519
14170,0.8633
14171,0.8725
14172,0.8849
14173,0.8969
14174,0.9061
14175,0.9171
14176,0.9284
14177,0.9372
14178,0.9472
14179,0.9216
14180,0.9211
14181,0.9109
14182,0.9063
14183,0.8976
14184,0.886
14185,0.8862
14186,0.8696
14187,0.8726
14188,0.8609
14189,0.8631
14190,0.834
14191,0.8528
14192,0.8658
14193,0.8747
14194,0.8865
14195,0.8987
14196,0.9074
14197,0.9177
14198,0.931
14199,0.9388
14200,0.9485
14201,0.9271
14202,0.9218
14203,0.9104
14204,0.9082
14205,0.8974
14206,0.8845
14207,0.8876
14208,0.8699
14209,0.8734
14210,0.8566
14211,0.8562
14212,0.8451
14213,0.854
14214,0.8668
14215,0.8764
14216,0.8871
14217,0.9
14218,0.9087
14219,0.9193
14220,0.932
14221,0.9408
14222,0.941
14223,0.9279
14224,0.9278
14225,0.9118
14226,0.905
14227,0.9003
14228,0.8823
14229,0.8882
14230,0.866
14231,0.875
14232,0.8511
14233,0.8576
14234,0.8437
14235,0.8555
14236,0.8681
14237,0.8772
14238,0.8881
14239,0.9017
14240,0.9105
14241,0.9202
14242,0.933
14243,0.9421
14244,0.9373
14245,0.9292
14246,0.9178
14247,0.9127
14248,0.9018
14249,0.9017
14250,0.8826
14251,0.8904
14252,0.8627
14253,0.8636
14254,0.8559
14255,0.855
14256,0.8451
14257,0.8558
14258,0.8697
14259,0.8789
14260,0.8897
14261,0.9037
14262,0.9119
14263,0.9212
14264,0.9342
14265,0.9435
14266,0.9347
14267,0.9299
14268,0.9136
14269,0.9139
14270,0.8954
14271,0.9033
14272,0.8769
14273,0.8848
14274,0.8727
14275,0.8637
14276,0.8568
14277,0.8503
14278,0.8466
14279,0.8577
14280,0.871
14281,0.8809
14282,0.8901
14283,0.9041
14284,0.9126
14285,0.9224
14286,0.9355
14287,0.9447
14288,0.9495
14289,0.9657
14290,0.9253
14291,0.9154
14292,0.8924
14293,0.9049
14294,0.8714
14295,0.88
14296,0.8702
14297,0.864
14298,0.8574
14299,0.8456
14300,0.8481
14301,0.8583
14302,0.8722
14303,0.8822
14304,0.8915
14305,0.9053
14306,0.9143
14307,0.9235
14308,0.9365
14309,0.9458
14310,0.9311
14311,0.9323
14312,0.9058
14313,0.9155
14314,0.8887
14315,0.8964
14316,0.881
14317,0.8754
14318,0.8718
14319,0.8627
14320,0.8584
14321,0.8457
14322,0.849
14323,0.859
14324,0.8734
14325,0.8827
14326,0.8926
14327,0.9057
14328,0.9155
14329,0.9252
14330,0.9377
14331,0.947
14332,0.9224
14333,0.9332
14334,0.9058
14335,0.9083
14336,0.8992
14337,0.8992
14338,0.8821
14339,0.8727
14340,0.8724
14341,0.8563
14342,0.8598
14343,0.8454
14344,0.8508
14345,0.8608
14346,0.875
14347,0.8847
14348,0.8934
14349,0.9066
14350,0.9177
14351,0.9256
14352,0.9377
14353,0.9481
14354,0.9202
14355,0.9331
14356,0.9038
14357,0.9104
14358,0.8963
14359,0.8928
14360,0.8838
14361,0.8704
14362,0.8746
14363,0.8547
14364,0.8602
14365,0.8413
14366,0.8516
14367,0.8616
14368,0.8762
14369,0.8859
14370,0.8948
14371,0.9076
14372,0.9181
14373,0.9269
14374,0.9388
14375,0.9499
14376,0.922
14377,0.9222
14378,0.9124
14379,0.9069
14380,0.8969
14381,0.8877
14382,0.885
14383,0.8734
14384,0.8762
14385,0.8483
14386,0.8621
14387,0.8992
14388,0.9107
14389,0.9107
14390,0.9107
14391,0.9107
14392,0.9107
14393,0.9107
14394,0.9107
14395,0.9107
14396,0.9107
14397,0.8974
14398,0.9289
14399,0.9277
14400,0.9133
14401,0.9028
14402,0.8979
14403,0.8932
14404,0.8865
14405,0.8687
14406,0.8765
14407,0.849
14408,0.855
14409,0.8451
14410,0.8535
14411,0.8647
14412,0.8781
14413,0.8883
14414,0.8978
14415,0.9104
14416,0.9205
14417,0.9293
14418,0.9413
14419,0.9405
14420,0.9264
14421,0.9169
14422,0.9139
14423,0.9028
14424,0.8986
14425,0.8841
14426,0.8876
14427,0.8651
14428,0.8691
14429,0.8591
14430,0.8552
14431,0.8454
14432,0.8563
14433,0.8601
14434,0.8785
14435,0.8897
14436,0.8988
14437,0.9111
14438,0.9221
14439,0.9329
14440,0.941
14441,0.9406
14442,0.926
14443,0.9119
14444,0.9153
14445,0.8975
14446,0.8993
14447,0.8822
14448,0.8894
14449,0.856
14450,0.8677
14451,0.8562
14452,0.8475
14453,0.8475
14454,0.8575
14455,0.8668
14456,0.8805
14457,0.8908
14458,0.8996
14459,0.9116
14460,0.9236
14461,0.9324
14462,0.9419
14463,0.935
14464,0.9284
14465,0.911
14466,0.9162
14467,0.8945
14468,0.901
14469,0.8806
14470,0.8852
14471,0.8677
14472,0.8628
14473,0.8577
14474,0.8442
14475,0.8464
14476,0.8591
14477,0.8686
14478,0.8807
14479,0.8932
14480,0.9014
14481,0.9127
14482,0.9253
14483,0.9338
14484,0.9436
14485,0.9338
14486,0.9299
14487,0.9132
14488,0.9171
14489,0.8871
14490,0.8925
14491,0.8868
14492,0.882
14493,0.868
14494,0.8606
14495,0.859
14496,0.8443
14497,0.8484
14498,0.8607
14499,0.8703
14500,0.882
14501,0.8955
14502,0.9028
14503,0.9137
14504,0.9272
14505,0.9355
14506,0.945
14507,0.931
14508,0.931
14509,0.9114
14510,0.919
14511,0.8927
14512,0.8918
14513,0.8832
14514,0.8777
14515,0.8696
14516,0.8664
14517,0.8612
14518,0.8416
14519,0.8497
14520,0.8631
14521,0.8724
14522,0.8831
14523,0.895
14524,0.905
14525,0.915
14526,0.9287
14527,0.9363
14528,0.946
14529,0.9273
14530,0.9327
14531,0.9048
14532,0.9136
14533,0.897
14534,0.8903
14535,0.8863
14536,0.8749
14537,0.8704
14538,0.8568
14539,0.8631
14540,0.8421
14541,0.8519
14542,0.865
14543,0.8742
14544,0.8844
14545,0.8978
14546,0.9074
14547,0.9167
14548,0.9295
14549,0.9381
14550,0.9477
14551,0.9245
14552,0.9206
14553,0.9142
14554,0.9064
14555,0.8985
14556,0.8919
14557,0.8864
14558,0.8734
14559,0.8736
14560,0.8578
14561,0.8647
14562,0.8367
14563,0.8529
14564,0.8662
14565,0.8754
14566,0.8864
14567,0.8998
14568,0.9078
14569,0.9188
14570,0.9315
14571,0.9404
14572,0.9486
14573,0.9227
14574,0.9293
14575,0.9112
14576,0.9056
14577,0.8999
14578,0.8838
14579,0.8876
14580,0.873
14581,0.8751
14582,0.8535
14583,0.8663
14584,0.837
14585,0.8551
14586,0.8675
14587,0.8771
14588,0.8883
14589,0.9011
14590,0.9104
14591,0.9196
14592,0.9332
14593,0.9418
14594,0.9378
14595,0.9316
14596,0.9187
14597,0.9123
14598,0.9096
14599,0.9015
14600,0.8834
14601,0.8889
14602,0.8673
14603,0.8761
14604,0.8558
14605,0.8573
14606,0.8444
14607,0.8559
14608,0.8703
14609,0.8786
14610,0.8888
14611,0.9025
14612,0.9116
14613,0.9215
14614,0.9354
14615,0.9423
14616,0.937
14617,0.9301
14618,0.9196
14619,0.9138
14620,0.9021
14621,0.9023
14622,0.8815
14623,0.8895
14624,0.8664
14625,0.8639
14626,0.8576
14627,0.8578
14628,0.8454
14629,0.8559
14630,0.8702
14631,0.8799
14632,0.8898
14633,0.9032
14634,0.9131
14635,0.9221
14636,0.9352
14637,0.9448
14638,0.9394
14639,0.9299
14640,0.9161
14641,0.9148
14642,0.9005
14643,0.9037
14644,0.8789
14645,0.8905
14646,0.8647
14647,0.8658
14648,0.8567
14649,0.8533
14650,0.8468
14651,0.8578
14652,0.8719
14653,0.8812
14654,0.8914
14655,0.9047
14656,0.9136
14657,0.922
14658,0.936
14659,0.9462
14660,0.9316
14661,0.9307
14662,0.9179
14663,0.916
14664,0.8964
14665,0.9056
14666,0.8736
14667,0.8805
14668,0.8713
14669,0.8659
14670,0.8578
14671,0.847
14672,0.8491
14673,0.8579
14674,0.8729
14675,0.8827
14676,0.8934
14677,0.9057
14678,0.9154
14679,0.924
14680,0.9369
14681,0.947
14682,0.9301
14683,0.9324
14684,0.9097
14685,0.9168
14686,0.8932
14687,0.8969
14688,0.8846
14689,0.8788
14690,0.8724
14691,0.8615
14692,0.8593
14693,0.8502
14694,0.8503
14695,0.8613
14696,0.8741
14697,0.8842
14698,0.8933
14699,0.9072
14700,0.9171
14701,0.9256
14702,0.9373
14703,0.9486
14704,0.925
14705,0.9326
14706,0.9068
14707,0.9189
14708,0.888
14709,0.8981
14710,0.8839
14711,0.8765
14712,0.8741
14713,0.8595
14714,0.8602
14715,0.8433
14716,0.8514
14717,0.8617
14718,0.8757
14719,0.8857
14720,0.8951
14721,0.9089
14722,0.9181
14723,0.9266
14724,0.939
14725,0.9495
14726,0.9265
14727,0.9341
14728,0.9058
14729,0.9089
14730,0.8965
14731,0.892
14732,0.8848
14733,0.8766
14734,0.8749
14735,0.8569
14736,0.8618
14737,0.8412
14738,0.8535
14739,0.8631
14740,0.8768
14741,0.8861
14742,0.8963
14743,0.9091
14744,0.92
14745,0.9284
14746,0.9397
14747,0.951
14748,0.9199
14749,0.921
14750,0.916
14751,0.9062
14752,0.897
14753,0.8928
14754,0.8858
14755,0.8684
14756,0.876
14757,0.8558
14758,0.8628
14759,0.8378
14760,0.855
14761,0.8644
14762,0.8774
14763,0.8881
14764,0.8977
14765,0.9092
14766,0.9208
14767,0.9285
14768,0.9408
14769,0.9525
14770,0.9181
14771,0.9223
14772,0.914
14773,0.905
14774,0.8983
14775,0.8871
14776,0.8872
14777,0.8695
14778,0.8771
14779,0.8516
14780,0.8521
14781,0.8482
14782,0.8554
14783,0.866
14784,0.8781
14785,0.8895
14786,0.8974
14787,0.9103
14788,0.9218
14789,0.9312
14790,0.9409
14791,0.9479
14792,0.9267
14793,0.918
14794,0.9152
14795,0.9009
14796,0.9018
14797,0.8873
14798,0.8884
14799,0.8646
14800,0.8782
14801,0.8495
14802,0.8495
14803,0.8465
14804,0.8571
14805,0.8663
14806,0.8796
14807,0.8908
14808,0.8993
14809,0.9109
14810,0.9231
14811,0.9316
14812,0.9423
14813,0.9398
14814,0.9277
14815,0.915
14816,0.9166
14817,0.8985
14818,0.8999
14819,0.8816
14820,0.8893
14821,0.8635
14822,0.8689
14823,0.8567
14824,0.8485
14825,0.8467
14826,0.858
14827,0.8671
14828,0.8799
14829,0.8922
14830,0.9009
14831,0.9109
14832,0.9244
14833,0.9324
14834,0.9426
14835,0.9312
14836,0.929
14837,0.9151
14838,0.9173
14839,0.8943
14840,0.9012
14841,0.8816
14842,0.8751
14843,0.8689
14844,0.8719
14845,0.8571
14846,0.8469
14847,0.8476
14848,0.8582
14849,0.8685
14850,0.8808
14851,0.8931
14852,0.9025
14853,0.9121
14854,0.926
14855,0.9332
14856,0.9438
14857,0.936
14858,0.9292
14859,0.914
14860,0.9178
14861,0.8943
14862,0.9028
14863,0.8722
14864,0.8836
14865,0.8678
14866,0.867
14867,0.8588
14868,0.8466
14869,0.8492
14870,0.8607
14871,0.8686
14872,0.8822
14873,0.8948
14874,0.9035
14875,0.9141
14876,0.9266
14877,0.936
14878,0.9446
14879,0.9286
14880,0.9316
14881,0.9161
14882,0.9207
14883,0.8944
14884,0.8919
14885,0.8842
14886,0.8795
14887,0.8698
14888,0.8605
14889,0.8607
14890,0.845
14891,0.8494
14892,0.8624
14893,0.8711
14894,0.8833
14895,0.8957
14896,0.9055
14897,0.9141
14898,0.928
14899,0.9369
14900,0.9464
14901,0.9258
14902,0.9331
14903,0.9039
14904,0.9094
14905,0.8993
14906,0.8961
14907,0.8847
14908,0.8753
14909,0.8711
14910,0.8573
14911,0.8627
14912,0.844
14913,0.8521
14914,0.8647
14915,0.8739
14916,0.8849
14917,0.8977
14918,0.9067
14919,0.9157
14920,0.9302
14921,0.9388
14922,0.9479
14923,0.9288
14924,0.9349
14925,0.9035
14926,0.9094
14927,0.8984
14928,0.8863
14929,0.8875
14930,0.8757
14931,0.8727
14932,0.8586
14933,0.8638
14934,0.8377
14935,0.8532
14936,0.8657
14937,0.8753
14938,0.8855
14939,0.899
14940,0.9088
14941,0.918
14942,0.9303
14943,0.9398
14944,0.949
14945,0.9211
14946,0.9266
14947,0.9108
14948,0.9081
14949,0.8992
14950,0.8885
14951,0.8862
14952,0.8684
14953,0.8741
14954,0.8551
14955,0.8655
14956,0.8378
14957,0.8537
14958,0.8673
14959,0.8768
14960,0.8864
14961,0.9
14962,0.9092
14963,0.918
14964,0.9319
14965,0.941
14966,0.9339
14967,0.9319
14968,0.9223
14969,0.9114
14970,0.9029
14971,0.8994
14972,0.8829
14973,0.8878
14974,0.8671
14975,0.8748
14976,0.853
14977,0.8584
14978,0.8447
14979,0.8548
14980,0.8682
14981,0.8772
14982,0.8877
14983,0.9011
14984,0.9102
14985,0.9192
14986,0.9326
14987,0.9422
14988,0.9356
14989,0.9285
14990,0.9237
14991,0.9119
14992,0.9032
14993,0.9016
14994,0.8818
14995,0.8892
14996,0.8665
14997,0.8641
14998,0.8593
14999,0.8581
15000,0.8445
15001,0.8557
15002,0.8694
15003,0.8798
15004,0.8887
15005,0.9025
15006,0.9117
15007,0.9212
15008,0.9338
15009,0.9431
15010,0.9343
15011,0.929
15012,0.9183
15013,0.9142
15014,0.898
15015,0.9026
15016,0.881
15017,0.89
15018,0.8623
15019,0.8664
15020,0.8561
15021,0.8544
15022,0.846
15023,0.8561
15024,0.8712
15025,0.8802
15026,0.8902
15027,0.9037
15028,0.913
15029,0.9222
15030,0.935
15031,0.9444
15032,0.9335
15033,0.9307
15034,0.9132
15035,0.9155
15036,0.9003
15037,0.9052
15038,0.8785
15039,0.8851
15040,0.8709
15041,0.8625
15042,0.8563
15043,0.8519
15044,0.8483
15045,0.8584
15046,0.8711
15047,0.8821
15048,0.8917
15049,0.9041
15050,0.9147
15051,0.9233
15052,0.9368
15053,0.9459
15054,0.9286
15055,0.9315
15056,0.9145
15057,0.9168
15058,0.891
15059,0.8992
15060,0.9541
15061,0.9337
15062,0.8717
15063,0.8628
15064,0.8587
15065,0.848
15066,0.8491
15067,0.8587
15068,0.8731
15069,0.8826
15070,0.8924
15071,0.9062
15072,0.9159
15073,0.9245
15074,0.9373
15075,0.9472
15076,0.9277
15077,0.932
15078,0.9107
15079,0.918
15080,0.889
15081,0.8989
15082,0.8822
15083,0.8778
15084,0.8735
15085,0.8626
15086,0.8596
15087,0.8449
15088,0.8503
15089,0.8608
15090,0.8747
15091,0.8854
15092,0.8945
15093,0.9074
15094,0.9175
15095,0.9263
15096,0.9388
15097,0.9488
15098,0.9246
15099,0.9338
15100,0.9045
15101,0.9097
15102,0.898
15103,0.8978
15104,0.8841
15105,0.8731
15106,0.8748
15107,0.86
15108,0.8614
15109,0.8425
15110,0.8523
15111,0.8626
15112,0.8762
15113,0.8857
15114,0.8949
15115,0.9088
15116,0.9184
15117,0.9284
15118,0.9393
15119,0.9497
15120,0.9205
15121,0.921
15122,0.9177
15123,0.9047
15124,0.8974
15125,0.894
15126,0.8848
15127,0.8713
15128,0.8759
15129,0.8538
15130,0.8619
15131,0.8408
15132,0.8543
15133,0.8649
15134,0.877
15135,0.8875
15136,0.896
15137,0.9101
15138,0.92
15139,0.9286
15140,0.9408
15141,0.9499
15142,0.9224
15143,0.9224
15144,0.9135
15145,0.9037
15146,0.8983
15147,0.8866
15148,0.8859
15149,0.8699
15150,0.8775
15151,0.8517
15152,0.8631
15153,0.8372
15154,0.8541
15155,0.8652
15156,0.8783
15157,0.8884
15158,0.8977
15159,0.9112
15160,0.9218
15161,0.9299
15162,0.9411
15163,0.9427
15164,0.9278
15165,0.9233
15166,0.9145
15167,0.9061
15168,0.8998
15169,0.8864
15170,0.8881
15171,0.8643
15172,0.8782
15173,0.8562
15174,0.8541
15175,0.8457
15176,0.8563
15177,0.8681
15178,0.8797
15179,0.891
15180,0.8981
15181,0.9112
15182,0.9231
15183,0.9319
15184,0.943
15185,0.9401
15186,0.9278
15187,0.9193
15188,0.9163
15189,0.9016
15190,0.9008
15191,0.8841
15192,0.8893
15193,0.8616
15194,0.8668
15195,0.8587
15196,0.8556
15197,0.8474
15198,0.8574
15199,0.8681
15200,0.8811
15201,0.8926
15202,0.9006
15203,0.9125
15204,0.9242
15205,0.9322
15206,0.9433
15207,0.9408
15208,0.9285
15209,0.9142
15210,0.9167
15211,0.8953
15212,0.9005
15213,0.882
15214,0.8911
15215,0.8595
15216,0.8671
15217,0.8573
15218,0.8476
15219,0.8478
15220,0.8585
15221,0.8684
15222,0.881
15223,0.8929
15224,0.9009
15225,0.913
15226,0.9254
15227,0.9327
15228,0.944
15229,0.9312
15230,0.93
15231,0.9172
15232,0.9178
15233,0.8935
15234,0.9022
15235,0.8769
15236,0.8817
15237,0.8677
15238,0.8678
15239,0.8583
15240,0.8489
15241,0.8494
15242,0.8602
15243,0.8697
15244,0.8821
15245,0.8936
15246,0.9032
15247,0.9142
15248,0.9264
15249,0.9346
15250,0.945
15251,0.9302
15252,0.9308
15253,0.9136
15254,0.9199
15255,0.8889
15256,0.8964
15257,0.8853
15258,0.8777
15259,0.8692
15260,0.8591
15261,0.8601
15262,0.8443
15263,0.8504
15264,0.8621
15265,0.8709
15266,0.8826
15267,0.8952
15268,0.9045
15269,0.9147
15270,0.9275
15271,0.9365
15272,0.9458
15273,0.9278
15274,0.9328
15275,0.9048
15276,0.9204
15277,0.8873
15278,0.896
15279,0.8847
15280,0.8771
15281,0.8705
15282,0.861
15283,0.8606
15284,0.841
15285,0.8517
15286,0.8636
15287,0.8726
15288,0.8845
15289,0.8971
15290,0.9055
15291,0.916
15292,0.9288
15293,0.9379
15294,0.9482
15295,0.9308
15296,0.934
15297,0.9008
15298,0.9139
15299,0.898
15300,0.8875
15301,0.8864
15302,0.8795
15303,0.8717
15304,0.8586
15305,0.8623
15306,0.8395
15307,0.8528
15308,0.865
15309,0.8741
15310,0.8852
15311,0.8984
15312,0.9073
15313,0.9175
15314,0.9307
15315,0.9391
15316,0.9489
15317,0.963
15318,0.9583
15319,0.9126
15320,0.908
15321,0.8985
15322,0.8878
15323,0.8871
15324,0.87
15325,0.873
15326,0.8576
15327,0.8646
15328,0.8364
15329,0.8534
15330,0.8659
15331,0.8762
15332,0.8863
15333,0.8994
15334,0.9081
15335,0.9179
15336,0.9314
15337,0.9403
15338,0.9491
15339,0.9191
15340,0.9226
15341,0.9111
15342,0.9028
15343,0.9001
15344,0.8823
15345,0.889
15346,0.8702
15347,0.8752
15348,0.8515
15349,0.8571
15350,0.8462
15351,0.8556
15352,0.8674
15353,0.8774
15354,0.8874
15355,0.902
15356,0.9102
15357,0.9198
15358,0.9322
15359,0.942
15360,0.9416
15361,0.9287
15362,0.92
15363,0.9124
15364,0.9008
15365,0.9015
15366,0.8854
15367,0.8897
15368,0.8666
15369,0.8768
15370,0.8498
15371,0.8553
15372,0.8444
15373,0.8556
15374,0.8696
15375,0.8789
15376,0.8882
15377,0.9028
15378,0.9111
15379,0.9214
15380,0.9342
15381,0.9433
15382,0.9359
15383,0.93
15384,0.9183
15385,0.9143
15386,0.897
15387,0.9012
15388,0.8793
15389,0.8907
15390,0.8664
15391,0.8671
15392,0.8583
15393,0.8544
15394,0.8478
15395,0.8575
15396,0.8705
15397,0.881
15398,0.8905
15399,0.904
15400,0.9133
15401,0.9227
15402,0.9354
15403,0.9447
15404,0.9329
15405,0.9313
15406,0.9214
15407,0.9152
15408,0.8995
15409,0.9046
15410,0.882
15411,0.8803
15412,0.8741
15413,0.8694
15414,0.8576
15415,0.8533
15416,0.848
15417,0.8589
15418,0.8727
15419,0.8817
15420,0.8921
15421,0.9055
15422,0.9152
15423,0.9242
15424,0.9369
15425,0.9466
15426,0.9325
15427,0.9329
15428,0.9109
15429,0.9166
15430,0.9002
15431,0.9062
15432,0.8756
15433,0.8813
15434,0.8723
15435,0.8629
15436,0.859
15437,0.8521
15438,0.8497
15439,0.8606
15440,0.8748
15441,0.8835
15442,0.8938
15443,0.9068
15444,0.9157
15445,0.9251
15446,0.9384
15447,0.9478
15448,0.9321
15449,0.9338
15450,0.9098
15451,0.9179
15452,0.8913
15453,0.8971
15454,0.8834
15455,0.8794
15456,0.8735
15457,0.8597
15458,0.8603
15459,0.8467
15460,0.8508
15461,0.8612
15462,0.8755
15463,0.8848
15464,0.8944
15465,0.9082
15466,0.918
15467,0.9265
15468,0.9396
15469,0.9496
15470,0.9225
15471,0.9347
15472,0.9115
15473,0.9084
15474,0.9011
15475,0.8961
15476,0.884
15477,0.8783
15478,0.8753
15479,0.8606
15480,0.862
15481,0.8472
15482,0.8524
15483,0.8631
15484,0.8771
15485,0.8864
15486,0.8962
15487,0.9097
15488,0.919
15489,0.9274
15490,0.9403
15491,0.9508
15492,0.922
15493,0.9354
15494,0.9084
15495,0.9117
15496,0.8981
15497,0.8922
15498,0.8857
15499,0.8722
15500,0.8764
15501,0.8591
15502,0.8623
15503,0.8414
15504,0.8539
15505,0.8646
15506,0.8779
15507,0.8878
15508,0.897
15509,0.9104
15510,0.9199
15511,0.929
15512,0.9412
15513,0.952
15514,0.9227
15515,0.9314
15516,0.9145
15517,0.9087
15518,0.8993
15519,0.8905
15520,0.887
15521,0.8696
15522,0.877
15523,0.8556
15524,0.8639
15525,0.8395
15526,0.8555
15527,0.8653
15528,0.8787
15529,0.8885
15530,0.8976
15531,0.9101
15532,0.9213
15533,0.9301
15534,0.9423
15535,0.9415
15536,0.9309
15537,0.923
15538,0.9143
15539,0.9031
15540,0.8998
15541,0.8898
15542,0.8884
15543,0.8676
15544,0.8786
15545,0.8522
15546,0.8571
15547,0.8474
15548,0.8567
15549,0.867
15550,0.8802
15551,0.8905
15552,0.8992
15553,0.913
15554,0.9231
15555,0.9313
15556,0.9432
15557,0.9418
15558,0.9282
15559,0.9197
15560,0.9166
15561,0.9011
15562,0.901
15563,0.8898
15564,0.8904
15565,0.8675
15566,0.8712
15567,0.8601
15568,0.8519
15569,0.848
15570,0.8581
15571,0.8676
15572,0.8815
15573,0.8919
15574,0.9005
15575,0.9138
15576,0.9244
15577,0.9332
15578,0.9447
15579,0.94
15580,0.9284
15581,0.9161
15582,0.9175
15583,0.8997
15584,0.9023
15585,0.8844
15586,0.8918
15587,0.8583
15588,0.8707
15589,0.8579
15590,0.8588
15591,0.8496
15592,0.8597
15593,0.8688
15594,0.8828
15595,0.8934
15596,0.9027
15597,0.9149
15598,0.9257
15599,0.9342
15600,0.9454
15601,0.938
15602,0.9306
15603,0.9155
15604,0.919
15605,0.8974
15606,0.9043
15607,0.8821
15608,0.8812
15609,0.8701
15610,0.8651
15611,0.8601
15612,0.852
15613,0.8503
15614,0.8615
15615,0.871
15616,0.8836
15617,0.8954
15618,0.9042
15619,0.9161
15620,0.928
15621,0.9358
15622,0.9478
15623,0.9355
15624,0.9323
15625,0.9113
15626,0.9212
15627,0.8962
15628,0.896
15629,0.8898
15630,0.8812
15631,0.8709
15632,0.8655
15633,0.8618
15634,0.8463
15635,0.8522
15636,0.8632
15637,0.8729
15638,0.8856
15639,0.8965
15640,0.9051
15641,0.9171
15642,0.9296
15643,0.9375
15644,0.9484
15645,0.9326
15646,0.9338
15647,0.9096
15648,0.9221
15649,0.8899
15650,0.8946
15651,0.8865
15652,0.8792
15653,0.8716
15654,0.8646
15655,0.8621
15656,0.8442
15657,0.853
15658,0.865
15659,0.8738
15660,0.8859
15661,0.8976
15662,0.9073
15663,0.9183
15664,0.93
15665,0.9388
15666,0.9486
15667,0.9263
15668,0.935
15669,0.9089
15670,0.9158
15671,0.8997
15672,0.8909
15673,0.887
15674,0.8747
15675,0.8727
15676,0.8663
15677,0.8641
15678,0.8425
15679,0.8539
15680,0.8655
15681,0.875
15682,0.8871
15683,0.8997
15684,0.9091
15685,0.9192
15686,0.9319
15687,0.9409
15688,0.9493
15689,0.9241
15690,0.9227
15691,0.9167
15692,0.9137
15693,0.8994
15694,0.8894
15695,0.8882
15696,0.876
15697,0.8742
15698,0.8567
15699,0.8655
15700,0.8413
15701,0.8547
15702,0.8667
15703,0.8765
15704,0.8881
15705,0.9004
15706,0.9092
15707,0.9192
15708,0.9326
15709,0.9408
15710,0.9501
15711,0.9235
15712,0.9231
15713,0.9111
15714,0.9065
15715,0.8999
15716,0.892
15717,0.8881
15718,0.8712
15719,0.8749
15720,0.8565
15721,0.8658
15722,0.8353
15723,0.8546
15724,0.8679
15725,0.8771
15726,0.8883
15727,0.9015
15728,0.91
15729,0.9196
15730,0.9328
15731,0.9413
15732,0.9425
15733,0.9298
15734,0.9223
15735,0.9119
15736,0.898
15737,0.9007
15738,0.8829
15739,0.8885
15740,0.8693
15741,0.8757
15742,0.8492
15743,0.8572
15744,0.8437
15745,0.8556
15746,0.8682
15747,0.8778
15748,0.8884
15749,0.9019
15750,0.9101
15751,0.9201
15752,0.9335
15753,0.9429
15754,0.9367
15755,0.9286
15756,0.9234
15757,0.9133
15758,0.901
15759,0.9024
15760,0.8778
15761,0.889
15762,0.8648
15763,0.8698
15764,0.8574
15765,0.855
15766,0.8453
15767,0.8557
15768,0.8699
15769,0.879
15770,0.889
15771,0.9025
15772,0.9116
15773,0.9209
15774,0.9339
15775,0.9437
15776,0.9331
15777,0.9303
15778,0.9176
15779,0.9137
15780,0.903
15781,0.9023
15782,0.8768
15783,0.8902
15784,0.8672
15785,0.8666
15786,0.8559
15787,0.8544
15788,0.8459
15789,0.8574
15790,0.8704
15791,0.8802
15792,0.8904
15793,0.9036
15794,0.9131
15795,0.9215
15796,0.935
15797,0.9447
15798,0.9304
15799,0.9309
15800,0.9158
15801,0.9153
15802,0.894
15803,0.9043
15804,0.8748
15805,0.8794
15806,0.8702
15807,0.866
15808,0.857
15809,0.8513
15810,0.8476
15811,0.8584
15812,0.8722
15813,0.8827
15814,0.8915
15815,0.9048
15816,0.9141
15817,0.9227
15818,0.9359
15819,0.9457
15820,0.9314
15821,0.9318
15822,0.9133
15823,0.9165
15824,0.8906
15825,0.8939
15826,0.883
15827,0.8792
15828,0.8715
15829,0.8631
15830,0.8577
15831,0.8494
15832,0.8497
15833,0.8596
15834,0.8733
15835,0.8829
15836,0.8923
15837,0.906
15838,0.9154
15839,0.9253
15840,0.9374
15841,0.9468
15842,0.9271
15843,0.9326
15844,0.907
15845,0.9182
15846,0.8899
15847,0.8947
15848,0.8821
15849,0.8783
15850,0.8729
15851,0.8572
15852,0.8594
15853,0.8428
15854,0.8497
15855,0.8604
15856,0.8742
15857,0.8843
15858,0.8938
15859,0.907
15860,0.9168
15861,0.9255
15862,0.9388
15863,0.9477
15864,0.9215
15865,0.9324
15866,0.9075
15867,0.9079
15868,0.8959
15869,0.8897
15870,0.8828
15871,0.8723
15872,0.8736
15873,0.8541
15874,0.8605
15875,0.8433
15876,0.8517
15877,0.8612
15878,0.8752
15879,0.8851
15880,0.8955
15881,0.9085
15882,0.918
15883,0.927
15884,0.9385
15885,0.9493
15886,0.9196
15887,0.9202
15888,0.9147
15889,0.9074
15890,0.8963
15891,0.89
15892,0.885
15893,0.867
15894,0.8753
15895,0.8558
15896,0.862
15897,0.841
15898,0.8538
15899,0.8632
15900,0.8774
15901,0.8873
15902,0.8961
15903,0.909
15904,0.9194
15905,0.9283
15906,0.9398
15907,0.9515
15908,0.9157
15909,0.9217
15910,0.9132
15911,0.9042
15912,0.8977
15913,0.8893
15914,0.8862
15915,0.8678
15916,0.8765
15917,0.8509
15918,0.85
15919,0.848
15920,0.8549
15921,0.8638
15922,0.8777
15923,0.8889
15924,0.8978
15925,0.9097
15926,0.9212
15927,0.9298
15928,0.9408
15929,0.9421
15930,0.9262
15931,0.9204
15932,0.9143
15933,0.9007
15934,0.8987
15935,0.8823
15936,0.8877
15937,0.8696
15938,0.8783
15939,0.8529
15940,0.8518
15941,0.8455
15942,0.8563
15943,0.8652
15944,0.8785
15945,0.8904
15946,0.8994
15947,0.9106
15948,0.9228
15949,0.9311
15950,0.9407
15951,0.9453
15952,0.9274
15953,0.9185
15954,0.9156
15955,0.8987
15956,0.8998
15957,0.8842
15958,0.8896
15959,0.8585
15960,0.8729
15961,0.8566
15962,0.8508
15963,0.8474
15964,0.8578
15965,0.8673
15966,0.8789
15967,0.8915
15968,0.9007
15969,0.9116
15970,0.9237
15971,0.9328
15972,0.9424
15973,0.9357
15974,0.9291
15975,0.9119
15976,0.9171
15977,0.8933
15978,0.9014
15979,0.8834
15980,0.88
15981,0.8702
15982,0.8657
15983,0.858
15984,0.8514
15985,0.8477
15986,0.8597
15987,0.8695
15988,0.8809
15989,0.8936
15990,0.902
15991,0.9135
15992,0.926
15993,0.9343
15994,0.9437
15995,0.9349
15996,0.9302
15997,0.9112
15998,0.9185
15999,0.8895
16000,0.9028
16001,0.8767
16002,0.8843
16003,0.8684
16004,0.8628
16005,0.8604
16006,0.8459
16007,0.8483
16008,0.8611
16009,0.8704
16010,0.8824
16011,0.8947
16012,0.9046
16013,0.9139
16014,0.9269
16015,0.9357
16016,0.9449
16017,0.9289
16018,0.932
16019,0.9105
16020,0.9192
16021,0.8904
16022,0.8921
16023,0.8837
16024,0.8915
16025,0.9225
16026,0.8897
16027,0.8611
16028,0.8426
16029,0.8496
16030,0.8629
16031,0.872
16032,0.8828
16033,0.896
16034,0.9048
16035,0.9138
16036,0.9276
16037,0.9374
16038,0.947
16039,0.9298
16040,0.9332
16041,0.9433
16042,0.9467
16043,0.9002
16044,0.8907
16045,0.8837
16046,0.8754
16047,0.8715
16048,0.8579
16049,0.8629
16050,0.8433
16051,0.8503
16052,0.8642
16053,0.8738
16054,0.8842
16055,0.8976
16056,0.9068
16057,0.9152
16058,0.9292
16059,0.9381
16060,0.9465
16061,0.9259
16062,0.9344
16063,0.9009
16064,0.9059
16065,0.8981
16066,0.8923
16067,0.8852
16068,0.8729
16069,0.8727
16070,0.8542
16071,0.8636
16072,0.841
16073,0.8519
16074,0.8654
16075,0.8747
16076,0.8852
16077,0.8991
16078,0.9081
16079,0.9173
16080,0.9306
16081,0.9398
16082,0.9486
16083,0.9228
16084,0.9284
16085,0.9102
16086,0.9046
16087,0.8999
16088,0.8883
16089,0.8859
16090,0.8741
16091,0.8742
16092,0.8511
16093,0.8656
16094,0.8359
16095,0.8526
16096,0.867
16097,0.8761
16098,0.8859
16099,0.9004
16100,0.9096
16101,0.9187
16102,0.9315
16103,0.9414
16104,0.9376
16105,0.9311
16106,0.9259
16107,0.9118
16108,0.9034
16109,0.9011
16110,0.8828
16111,0.8868
16112,0.8698
16113,0.876
16114,0.8514
16115,0.8583
16116,0.8446
16117,0.8544
16118,0.8685
16119,0.8775
16120,0.8878
16121,0.9012
16122,0.9108
16123,0.9204
16124,0.9324
16125,0.9428
16126,0.9368
16127,0.9276
16128,0.9186
16129,0.9131
16130,0.9054
16131,0.9028
16132,0.8822
16133,0.888
16134,0.8679
16135,0.8644
16136,0.8584
16137,0.8591
16138,0.8459
16139,0.855
16140,0.8692
16141,0.8799
16142,0.8897
16143,0.9022
16144,0.9135
16145,0.9229
16146,0.934
16147,0.9442
16148,0.9344
16149,0.9284
16150,0.9179
16151,0.9152
16152,0.9012
16153,0.904
16154,0.8847
16155,0.8882
16156,0.863
16157,0.8679
16158,0.8559
16159,0.8524
16160,0.8476
16161,0.8573
16162,0.8711
16163,0.8812
16164,0.8907
16165,0.9031
16166,0.9143
16167,0.9232
16168,0.9346
16169,0.9464
16170,0.9403
16171,0.9294
16172,0.9171
16173,0.9168
16174,0.8979
16175,0.9051
16176,0.8786
16177,0.8854
16178,0.8701
16179,0.8653
16180,0.8574
16181,0.8505
16182,0.8489
16183,0.8589
16184,0.8722
16185,0.8836
16186,0.8926
16187,0.9036
16188,0.9166
16189,0.9248
16190,0.936
16191,0.9486
16192,0.9343
16193,0.9309
16194,0.9124
16195,0.9189
16196,0.8918
16197,0.8969
16198,0.8884
16199,0.8809
16200,0.8726
16201,0.8651
16202,0.8596
16203,0.8471
16204,0.8508
16205,0.8611
16206,0.8742
16207,0.8858
16208,0.8946
16209,0.9062
16210,0.9186
16211,0.9269
16212,0.9373
16213,0.951
16214,0.9293
16215,0.9332
16216,0.9136
16217,0.9202
16218,0.8874
16219,0.9006
16220,0.8848
16221,0.8782
16222,0.8749
16223,0.8669
16224,0.8625
16225,0.8452
16226,0.8534
16227,0.8629
16228,0.8743
16229,0.8874
16230,0.8959
16231,0.9071
16232,0.9199
16233,0.9282
16234,0.9379
16235,0.9511
16236,0.9258
16237,0.9343
16238,0.91
16239,0.9133
16240,0.8976
16241,0.8958
16242,0.8863
16243,0.874
16244,0.8751
16245,0.859
16246,0.8631
16247,0.8432
16248,0.8547
16249,0.8638
16250,0.8759
16251,0.8885
16252,0.8974
16253,0.9081
16254,0.9211
16255,0.9294
16256,0.9381
16257,0.9521
16258,0.9227
16259,0.9206
16260,0.9189
16261,0.9125
16262,0.898
16263,0.8931
16264,0.8876
16265,0.8716
16266,0.8763
16267,0.8563
16268,0.8639
16269,0.8437
16270,0.8565
16271,0.8652
16272,0.877
16273,0.8898
16274,0.8991
16275,0.9105
16276,0.9222
16277,0.9318
16278,0.9399
16279,0.9536
16280,0.9257
16281,0.9265
16282,0.9157
16283,0.9074
16284,0.8996
16285,0.8893
16286,0.8896
16287,0.8733
16288,0.8773
16289,0.8569
16290,0.8658
16291,0.836
16292,0.8586
16293,0.8671
16294,0.8781
16295,0.8918
16296,0.901
16297,0.9106
16298,0.9229
16299,0.9334
16300,0.9419
16301,0.9448
16302,0.9305
16303,0.9232
16304,0.9161
16305,0.9062
16306,0.9009
16307,0.8853
16308,0.8912
16309,0.8713
16310,0.8788
16311,0.856
16312,0.8557
16313,0.8459
16314,0.8589
16315,0.8688
16316,0.8793
16317,0.893
16318,0.9023
16319,0.9121
16320,0.9253
16321,0.934
16322,0.9431
16323,0.9393
16324,0.9306
16325,0.9223
16326,0.9168
16327,0.9051
16328,0.903
16329,0.8838
16330,0.8931
16331,0.868
16332,0.8669
16333,0.8616
16334,0.8601
16335,0.8466
16336,0.8615
16337,0.8711
16338,0.8804
16339,0.8944
16340,0.9039
16341,0.9138
16342,0.9267
16343,0.9358
16344,0.9446
16345,0.9387
16346,0.9324
16347,0.9202
16348,0.9183
16349,0.8978
16350,0.9035
16351,0.8821
16352,0.8942
16353,0.8634
16354,0.8666
16355,0.8614
16356,0.8561
16357,0.8483
16358,0.8628
16359,0.8721
16360,0.8819
16361,0.8955
16362,0.9056
16363,0.9154
16364,0.9274
16365,0.9374
16366,0.9461
16367,0.939
16368,0.9341
16369,0.9139
16370,0.9194
16371,0.8954
16372,0.9055
16373,0.8787
16374,0.8881
16375,0.8715
16376,0.8667
16377,0.8625
16378,0.8509
16379,0.8492
16380,0.8638
16381,0.8739
16382,0.883
16383,0.896
16384,0.9073
16385,0.9163
16386,0.9283
16387,0.9403
16388,0.9476
16389,0.9311
16390,0.9356
16391,0.9142
16392,0.921
16393,0.8963
16394,0.8948
16395,0.8855
16396,0.8815
16397,0.8731
16398,0.8667
16399,0.8636
16400,0.8482
16401,0.851
16402,0.8647
16403,0.8754
16404,0.8846
16405,0.898
16406,0.9089
16407,0.9177
16408,0.9294
16409,0.9409
16410,0.9492
16411,0.9296
16412,0.9367
16413,0.9081
16414,0.9208
16415,0.8963
16416,0.9043
16417,0.8848
16418,0.8789
16419,0.8749
16420,0.8589
16421,0.8648
16422,0.8483
16423,0.8521
16424,0.8658
16425,0.8768
16426,0.8861
16427,0.8986
16428,0.9084
16429,0.9184
16430,0.9299
16431,0.9408
16432,0.9506
16433,0.9325
16434,0.9374
16435,0.9047
16436,0.9085
16437,0.8997
16438,0.8938
16439,0.8854
16440,0.8747
16441,0.8757
16442,0.8593
16443,0.8657
16444,0.8434
16445,0.8528
16446,0.8662
16447,0.8778
16448,0.8868
16449,0.8989
16450,0.911
16451,0.9193
16452,0.9306
16453,0.943
16454,0.9516
16455,0.9256
16456,0.9326
16457,0.9157
16458,0.9045
16459,0.9016
16460,0.89
16461,0.8864
16462,0.8763
16463,0.8767
16464,0.8555
16465,0.8667
16466,0.8428
16467,0.8543
16468,0.8672
16469,0.8789
16470,0.8881
16471,0.8995
16472,0.912
16473,0.9207
16474,0.9309
16475,0.9436
16476,0.952
16477,0.9168
16478,0.926
16479,0.9139
16480,0.906
16481,0.9017
16482,0.888
16483,0.8864
16484,0.8689
16485,0.8781
16486,0.8547
16487,0.8573
16488,0.8489
16489,0.8553
16490,0.8673
16491,0.8802
16492,0.8892
16493,0.8999
16494,0.9135
16495,0.9212
16496,0.9318
16497,0.9447
16498,0.9409
16499,0.9276
16500,0.9214
16501,0.915
16502,0.902
16503,0.9026
16504,0.8825
16505,0.8887
16506,0.8711
16507,0.8793
16508,0.8491
16509,0.8587
16510,0.847
16511,0.8568
16512,0.8685
16513,0.8817
16514,0.8908
16515,0.901
16516,0.9144
16517,0.9234
16518,0.9318
16519,0.9453
16520,0.9476
16521,0.9282
16522,0.9173
16523,0.9151
16524,0.8977
16525,0.9042
16526,0.8855
16527,0.8899
16528,0.8659
16529,0.8731
16530,0.8572
16531,0.852
16532,0.8494
16533,0.8596
16534,0.8697
16535,0.8832
16536,0.8912
16537,0.9025
16538,0.9156
16539,0.9253
16540,0.9345
16541,0.9466
16542,0.9368
16543,0.9301
16544,0.9204
16545,0.9179
16546,0.8979
16547,0.9054
16548,0.8792
16549,0.8808
16550,0.8734
16551,0.8706
16552,0.8584
16553,0.8529
16554,0.8505
16555,0.8603
16556,0.8708
16557,0.8845
16558,0.8943
16559,0.9034
16560,0.9168
16561,0.9258
16562,0.9351
16563,0.9477
16564,0.9384
16565,0.9305
16566,0.9187
16567,0.9192
16568,0.8926
16569,0.9061
16570,0.8779
16571,0.883
16572,0.8712
16573,0.869
16574,0.8598
16575,0.848
16576,0.8522
16577,0.8617
16578,0.8725
16579,0.8854
16580,0.8946
16581,0.9044
16582,0.9182
16583,0.9273
16584,0.9364
16585,0.9486
16586,0.933
16587,0.9322
16588,0.911
16589,0.9211
16590,0.8926
16591,0.8957
16592,0.8861
16593,0.8813
16594,0.8726
16595,0.8652
16596,0.8615
16597,0.8444
16598,0.8536
16599,0.863
16600,0.8736
16601,0.8864
16602,0.8964
16603,0.906
16604,0.9198
16605,0.9295
16606,0.9382
16607,0.9502
16608,0.9277
16609,0.9342
16610,0.9137
16611,0.9115
16612,0.901
16613,0.898
16614,0.8882
16615,0.8754
16616,0.8731
16617,0.8602
16618,0.863
16619,0.8456
16620,0.8542
16621,0.8648
16622,0.8746
16623,0.8885
16624,0.8984
16625,0.9077
16626,0.9211
16627,0.9305
16628,0.9392
16629,0.9509
16630,0.9289
16631,0.9354
16632,0.9052
16633,0.9101
16634,0.8988
16635,0.8907
16636,0.8892
16637,0.877
16638,0.8745
16639,0.8633
16640,0.8641
16641,0.8394
16642,0.8561
16643,0.8661
16644,0.8761
16645,0.8891
16646,0.8997
16647,0.9078
16648,0.9213
16649,0.9326
16650,0.9403
16651,0.9517
16652,0.922
16653,0.9288
16654,0.9133
16655,0.9118
16656,0.9001
16657,0.8872
16658,0.8896
16659,0.871
16660,0.8759
16661,0.8615
16662,0.8671
16663,0.8377
16664,0.8574
16665,0.868
16666,0.8767
16667,0.8904
16668,0.9007
16669,0.91
16670,0.9215
16671,0.9329
16672,0.942
16673,0.9399
16674,0.934
16675,0.9201
16676,0.9132
16677,0.9075
16678,0.9013
16679,0.8897
16680,0.8903
16681,0.8668
16682,0.8766
16683,0.852
16684,0.858
16685,0.845
16686,0.8578
16687,0.8688
16688,0.8779
16689,0.8906
16690,0.9025
16691,0.9108
16692,0.9219
16693,0.9348
16694,0.9432
16695,0.9384
16696,0.9307
16697,0.9216
16698,0.9143
16699,0.9002
16700,0.9019
16701,0.8837
16702,0.8916
16703,0.8707
16704,0.8656
16705,0.862
16706,0.8585
16707,0.846
16708,0.8589
16709,0.8711
16710,0.8794
16711,0.8924
16712,0.9046
16713,0.9128
16714,0.924
16715,0.9361
16716,0.9439
16717,0.935
16718,0.9321
16719,0.9229
16720,0.9159
16721,0.902
16722,0.904
16723,0.8804
16724,0.8929
16725,0.8636
16726,0.8687
16727,0.8599
16728,0.8582
16729,0.8475
16730,0.8601
16731,0.8719
16732,0.8813
16733,0.8934
16734,0.9059
16735,0.9139
16736,0.9245
16737,0.9373
16738,0.9461
16739,0.9356
16740,0.9333
16741,0.9117
16742,0.9164
16743,0.9026
16744,0.9049
16745,0.8746
16746,0.8823
16747,0.8727
16748,0.8679
16749,0.8607
16750,0.8503
16751,0.8489
16752,0.8614
16753,0.8746
16754,0.8834
16755,0.8935
16756,0.9075
16757,0.9152
16758,0.9255
16759,0.9381
16760,0.948
16761,0.93
16762,0.9342
16763,0.9133
16764,0.9181
16765,0.8991
16766,0.898
16767,0.8874
16768,0.8811
16769,0.8726
16770,0.8615
16771,0.8613
16772,0.8521
16773,0.851
16774,0.8618
16775,0.875
16776,0.8839
16777,0.8946
16778,0.9083
16779,0.9158
16780,0.9264
16781,0.9394
16782,0.9486
16783,0.9318
16784,0.9352
16785,0.9089
16786,0.9194
16787,0.89
16788,0.9005
16789,0.883
16790,0.8821
16791,0.8737
16792,0.865
16793,0.8615
16794,0.8497
16795,0.8521
16796,0.8641
16797,0.8763
16798,0.8852
16799,0.8958
16800,0.9092
16801,0.9189
16802,0.9275
16803,0.9406
16804,0.9498
16805,0.921
16806,0.9361
16807,0.9118
16808,0.91
16809,0.8998
16810,0.8928
16811,0.8845
16812,0.8755
16813,0.8757
16814,0.8579
16815,0.8629
16816,0.8468
16817,0.8531
16818,0.8644
16819,0.8768
16820,0.8871
16821,0.8967
16822,0.9106
16823,0.9195
16824,0.9286
16825,0.9416
16826,0.9509
16827,0.9222
16828,0.924
16829,0.9187
16830,0.9108
16831,0.8995
16832,0.8923
16833,0.8858
16834,0.8717
16835,0.8764
16836,0.8582
16837,0.8642
16838,0.8435
16839,0.8545
16840,0.8649
16841,0.8791
16842,0.8877
16843,0.8978
16844,0.9119
16845,0.9212
16846,0.9303
16847,0.9426
16848,0.9528
16849,0.9196
16850,0.9237
16851,0.9145
16852,0.9054
16853,0.9007
16854,0.8923
16855,0.8872
16856,0.8745
16857,0.8781
16858,0.8556
16859,0.8646
16860,0.8425
16861,0.8555
16862,0.8661
16863,0.8792
16864,0.89
16865,0.8993
16866,0.9124
16867,0.9222
16868,0.9309
16869,0.9434
16870,0.9448
16871,0.929
16872,0.9251
16873,0.9159
16874,0.9011
16875,0.9009
16876,0.9187
16877,0.9412
16878,0.8845
16879,0.8795
16880,0.8518
16881,0.8576
16882,0.8473
16883,0.8571
16884,0.866
16885,0.8806
16886,0.891
16887,0.9007
16888,0.913
16889,0.9234
16890,0.9323
16891,0.9448
16892,0.9397
16893,0.9292
16894,0.9227
16895,0.9171
16896,0.9004
16897,0.9019
16898,0.8816
16899,0.8893
16900,0.8663
16901,0.8733
16902,0.8593
16903,0.8545
16904,0.848
16905,0.8586
16906,0.8682
16907,0.8821
16908,0.8925
16909,0.9016
16910,0.914
16911,0.9246
16912,0.9329
16913,0.9461
16914,0.9373
16915,0.9294
16916,0.9144
16917,0.9187
16918,0.9006
16919,0.9028
16920,0.8822
16921,0.8917
16922,0.8579
16923,0.8677
16924,0.8581
16925,0.8534
16926,0.8494
16927,0.86
16928,0.8698
16929,0.8832
16930,0.8939
16931,0.9025
16932,0.9148
16933,0.9263
16934,0.9354
16935,0.9459
16936,0.9346
16937,0.9313
16938,0.9134
16939,0.9194
16940,0.8913
16941,0.9038
16942,0.8848
16943,0.8822
16944,0.869
16945,0.8685
16946,0.8604
16947,0.8465
16948,0.8509
16949,0.8614
16950,0.8711
16951,0.8841
16952,0.8954
16953,0.9035
16954,0.9157
16955,0.9271
16956,0.9365
16957,0.9469
16958,0.9344
16959,0.9328
16960,0.9106
16961,0.9207
16962,0.8891
16963,0.893
16964,0.8883
16965,0.884
16966,0.8708
16967,0.8617
16968,0.8618
16969,0.8454
16970,0.8522
16971,0.863
16972,0.872
16973,0.8853
16974,0.8968
16975,0.9056
16976,0.9169
16977,0.9295
16978,0.9367
16979,0.9476
16980,0.9277
16981,0.933
16982,0.9105
16983,0.923
16984,0.8924
16985,0.893
16986,0.8863
16987,0.8758
16988,0.8712
16989,0.8637
16990,0.8629
16991,0.8416
16992,0.8525
16993,0.8642
16994,0.8737
16995,0.8858
16996,0.8984
16997,0.9065
16998,0.9176
16999,0.9302
17000,0.939
17001,0.9478
17002,0.9265
17003,0.9351
17004,0.9029
17005,0.9115
17006,0.8979
17007,0.8929
17008,0.8866
17009,0.8738
17010,0.8723
17011,0.8564
17012,0.8643
17013,0.8423
17014,0.8541
17015,0.8652
17016,0.8749
17017,0.8859
17018,0.899
17019,0.908
17020,0.918
17021,0.9312
17022,0.9399
17023,0.9487
17024,0.9243
17025,0.9235
17026,0.9142
17027,0.9066
17028,0.899
17029,0.8916
17030,0.8876
17031,0.8728
17032,0.8737
17033,0.8559
17034,0.8661
17035,0.8404
17036,0.8545
17037,0.8665
17038,0.8766
17039,0.8873
17040,0.9
17041,0.9093
17042,0.9197
17043,0.9324
17044,0.9414
17045,0.9501
17046,0.923
17047,0.9272
17048,0.912
17049,0.9056
17050,0.9005
17051,0.8903
17052,0.8887
17053,0.8743
17054,0.8751
17055,0.8522
17056,0.8556
17057,0.8461
17058,0.8553
17059,0.8689
17060,0.878
17061,0.8882
17062,0.9012
17063,0.9112
17064,0.9199
17065,0.9336
17066,0.9426
17067,0.9391
17068,0.9292
17069,0.9191
17070,0.9124
17071,0.9054
17072,0.902
17073,0.8822
17074,0.8901
17075,0.8655
17076,0.8771
17077,0.852
17078,0.8585
17079,0.8449
17080,0.8556
17081,0.8696
17082,0.8785
17083,0.8885
17084,0.9024
17085,0.9119
17086,0.9202
17087,0.9342
17088,0.9433
17089,0.9366
17090,0.93
17091,0.9151
17092,0.9139
17093,0.8993
17094,0.9032
17095,0.881
17096,0.89
17097,0.8639
17098,0.8677
17099,0.8569
17100,0.8563
17101,0.8462
17102,0.8566
17103,0.8709
17104,0.8797
17105,0.891
17106,0.9035
17107,0.9126
17108,0.9227
17109,0.9347
17110,0.9447
17111,0.936
17112,0.9312
17113,0.9166
17114,0.9154
17115,0.8972
17116,0.9042
17117,0.8775
17118,0.8826
17119,0.8735
17120,0.8666
17121,0.8568
17122,0.8535
17123,0.8475
17124,0.8582
17125,0.8707
17126,0.8814
17127,0.8914
17128,0.9053
17129,0.914
17130,0.9233
17131,0.9366
17132,0.946
17133,0.9312
17134,0.9312
17135,0.9161
17136,0.9156
17137,0.8925
17138,0.9057
17139,0.8792
17140,0.8792
17141,0.8722
17142,0.865
17143,0.8581
17144,0.847
17145,0.8493
17146,0.8592
17147,0.8725
17148,0.8832
17149,0.8925
17150,0.9063
17151,0.9157
17152,0.924
17153,0.9371
17154,0.9475
17155,0.929
17156,0.9325
17157,0.9079
17158,0.9178
17159,0.8917
17160,0.8971
17161,0.8831
17162,0.8774
17163,0.8728
17164,0.8622
17165,0.8594
17166,0.8456
17167,0.8517
17168,0.8604
17169,0.8744
17170,0.8843
17171,0.894
17172,0.9072
17173,0.9175
17174,0.9257
17175,0.9377
17176,0.9482
17177,0.9269
17178,0.9332
17179,0.9091
17180,0.9044
17181,0.8997
17182,0.8989
17183,0.8841
17184,0.873
17185,0.8745
17186,0.8614
17187,0.8607
17188,0.847
17189,0.852
17190,0.8618
17191,0.8757
17192,0.8859
17193,0.8944
17194,0.908
17195,0.9191
17196,0.9279
17197,0.9386
17198,0.9506
17199,0.9229
17200,0.934
17201,0.9062
17202,0.9085
17203,0.8973
17204,0.893
17205,0.8856
17206,0.876
17207,0.8754
17208,0.8532
17209,0.8619
17210,0.8396
17211,0.8542
17212,0.8649
17213,0.8766
17214,0.8877
17215,0.8965
17216,0.9081
17217,0.9203
17218,0.9291
17219,0.9396
17220,0.9518
17221,0.9198
17222,0.9278
17223,0.9149
17224,0.9071
17225,0.8976
17226,0.8871
17227,0.8869
17228,0.8702
17229,0.8762
17230,0.8589
17231,0.8631
17232,0.8384
17233,0.8552
17234,0.8647
17235,0.8776
17236,0.8894
17237,0.8978
17238,0.9093
17239,0.9222
17240,0.9302
17241,0.9406
17242,0.9406
17243,0.9304
17244,0.921
17245,0.9151
17246,0.9074
17247,0.899
17248,0.8857
17249,0.8884
17250,0.8674
17251,0.8776
17252,0.8544
17253,0.8625
17254,0.8457
17255,0.8563
17256,0.8662
17257,0.8784
17258,0.8903
17259,0.8997
17260,0.9106
17261,0.9236
17262,0.9309
17263,0.941
17264,0.9436
17265,0.9286
17266,0.9167
17267,0.9155
17268,0.9035
17269,0.8993
17270,0.884
17271,0.8897
17272,0.8634
17273,0.8647
17274,0.8608
17275,0.855
17276,0.8459
17277,0.8578
17278,0.8672
17279,0.8791
17280,0.8913
17281,0.9002
17282,0.9108
17283,0.9248
17284,0.9333
17285,0.9426
17286,0.941
17287,0.9291
17288,0.92
17289,0.9169
17290,0.8961
17291,0.9001
17292,0.8827
17293,0.8902
17294,0.8594
17295,0.8685
17296,0.8575
17297,0.8482
17298,0.847
17299,0.8594
17300,0.8686
17301,0.8797
17302,0.8939
17303,0.9021
17304,0.9118
17305,0.9253
17306,0.9344
17307,0.9432
17308,0.935
17309,0.9301
17310,0.9168
17311,0.9179
17312,0.8946
17313,0.9021
17314,0.877
17315,0.8803
17316,0.8687
17317,0.8669
17318,0.8591
17319,0.8497
17320,0.8481
17321,0.8611
17322,0.8701
17323,0.8814
17324,0.8944
17325,0.9029
17326,0.9133
17327,0.9265
17328,0.9356
17329,0.9443
17330,0.9308
17331,0.9316
17332,0.9117
17333,0.9179
17334,0.8922
17335,0.8899
17336,0.8868
17337,0.8791
17338,0.8693
17339,0.8652
17340,0.8609
17341,0.8452
17342,0.8486
17343,0.8614
17344,0.8716
17345,0.8817
17346,0.8951
17347,0.9052
17348,0.9141
17349,0.9259
17350,0.9367
17351,0.9454
17352,0.9283
17353,0.9329
17354,0.9054
17355,0.9195
17356,0.8883
17357,0.8962
17358,0.883
17359,0.8786
17360,0.8703
17361,0.8584
17362,0.8623
17363,0.8456
17364,0.8499
17365,0.8642
17366,0.8721
17367,0.8832
17368,0.8967
17369,0.9061
17370,0.9151
17371,0.9284
17372,0.938
17373,0.9461
17374,0.9318
17375,0.9342
17376,0.9036
17377,0.9102
17378,0.8982
17379,0.8884
17380,0.8843
17381,0.8776
17382,0.873
17383,0.8567
17384,0.8634
17385,0.8391
17386,0.8502
17387,0.8642
17388,0.875
17389,0.8833
17390,0.8982
17391,0.9071
17392,0.9159
17393,0.9285
17394,0.9384
17395,0.9471
17396,0.9219
17397,0.9254
17398,0.913
17399,0.9078
17400,0.8982
17401,0.8874
17402,0.8844
17403,0.8696
17404,0.8728
17405,0.8557
17406,0.8635
17407,0.8353
17408,0.8503
17409,0.8642
17410,0.8743
17411,0.8841
17412,0.8972
17413,0.9076
17414,0.9161
17415,0.9289
17416,0.9381
17417,0.9471
17418,0.9165
17419,0.9225
17420,0.9092
17421,0.9037
17422,0.8984
17423,0.885
17424,0.8817
17425,0.872
17426,0.873
17427,0.8506
17428,0.8636
17429,0.834
17430,0.8504
17431,0.8647
17432,0.8751
17433,0.884
17434,0.897
17435,0.9076
17436,0.9165
17437,0.9284
17438,0.9393
17439,0.9332
17440,0.9256
17441,0.921
17442,0.9091
17443,0.8976
17444,0.8986
17445,0.8827
17446,0.8838
17447,0.8673
17448,0.8731
17449,0.8433
17450,0.853
17451,0.8417
17452,0.8509
17453,0.8649
17454,0.8759
17455,0.8847
17456,0.897
17457,0.9076
17458,0.9167
17459,0.928
17460,0.9401
17461,0.9347
17462,0.9236
17463,0.9151
17464,0.9098
17465,0.8939
17466,0.8986
17467,0.8794
17468,0.8839
17469,0.8622
17470,0.8653
17471,0.853
17472,0.8504
17473,0.8426
17474,0.8516
17475,0.8657
17476,0.8768
17477,0.8853
17478,0.8971
17479,0.9088
17480,0.9175
17481,0.9288
17482,0.9406
17483,0.9308
17484,0.9241
17485,0.9113
17486,0.9108
17487,0.894
17488,0.8998
17489,0.8745
17490,0.8846
17491,0.8622
17492,0.8621
17493,0.8516
17494,0.8494
17495,0.8434
17496,0.8538
17497,0.8661
17498,0.8775
17499,0.8863
17500,0.8981
17501,0.9102
17502,0.919
17503,0.9293
17504,0.9416
17505,0.9288
17506,0.9248
17507,0.9119
17508,0.9115
17509,0.8901
17510,0.9006
17511,0.8738
17512,0.8751
17513,0.8656
17514,0.8586
17515,0.8538
17516,0.8464
17517,0.8442
17518,0.8542
17519,0.8668
17520,0.8788
17521,0.8868
17522,0.8986
17523,0.9104
17524,0.9192
17525,0.9297
17526,0.9423
17527,0.9224
17528,0.9247
17529,0.9043
17530,0.9127
17531,0.8833
17532,0.8933
17533,0.8795
17534,0.8708
17535,0.8668
17536,0.8572
17537,0.8534
17538,0.8423
17539,0.8451
17540,0.8546
17541,0.8674
17542,0.8793
17543,0.8882
17544,0.8991
17545,0.9118
17546,0.9202
17547,0.9301
17548,0.9422
17549,0.9246
17550,0.9258
17551,0.904
17552,0.9136
17553,0.8816
17554,0.8888
17555,0.8784
17556,0.873
17557,0.8673
17558,0.8552
17559,0.8547
17560,0.8371
17561,0.8466
17562,0.8562
17563,0.8681
17564,0.8809
17565,0.889
17566,0.8994
17567,0.9131
17568,0.9217
17569,0.931
17570,0.9441
17571,0.9173
17572,0.9264
17573,0.8985
17574,0.9092
17575,0.8898
17576,0.8865
17577,0.8794
17578,0.8644
17579,0.8678
17580,0.855
17581,0.8552
17582,0.8349
17583,0.8482
17584,0.8577
17585,0.8679
17586,0.8815
17587,0.8899
17588,0.9007
17589,0.9138
17590,0.9233
17591,0.9309
17592,0.9445
17593,0.9133
17594,0.9131
17595,0.9093
17596,0.9046
17597,0.891
17598,0.8854
17599,0.8807
17600,0.866
17601,0.8685
17602,0.8488
17603,0.8566
17604,0.8377
17605,0.8493
17606,0.8584
17607,0.8688
17608,0.8825
17609,0.8923
17610,0.9012
17611,0.9147
17612,0.9242
17613,0.931
17614,0.945
17615,0.9161
17616,0.9165
17617,0.9069
17618,0.9009
17619,0.8916
17620,0.88
17621,0.8818
17622,0.8596
17623,0.8694
17624,0.8484
17625,0.8471
17626,0.9003
17627,0.9004
17628,0.9004
17629,0.9004
17630,0.9004
17631,0.9004
17632,0.9004
17633,0.9004
17634,0.9004
17635,0.9004
17636,0.8976
17637,0.9209
17638,0.9128
17639,0.9071
17640,0.8947
17641,0.8926
17642,0.879
17643,0.883
17644,0.859
17645,0.8688
17646,0.844
17647,0.8454
17648,0.8375
17649,0.8517
17650,0.8611
17651,0.8708
17652,0.884
17653,0.8936
17654,0.903
17655,0.9155
17656,0.9255
17657,0.9339
17658,0.9315
17659,0.921
17660,0.9087
17661,0.9081
17662,0.8964
17663,0.894
17664,0.8728
17665,0.884
17666,0.8567
17667,0.8599
17668,0.8508
17669,0.8489
17670,0.8385
17671,0.8526
17672,0.8621
17673,0.8714
17674,0.8857
17675,0.8945
17676,0.9037
17677,0.9171
17678,0.9267
17679,0.9351
17680,0.9263
17681,0.9234
17682,0.9077
17683,0.9091
17684,0.8908
17685,0.8954
17686,0.8721
17687,0.8741
17688,0.8644
17689,0.8568
17690,0.8525
17691,0.8452
17692,0.8391
17693,0.8536
17694,0.8643
17695,0.8732
17696,0.8865
17697,0.8963
17698,0.9056
17699,0.918
17700,0.9284
17701,0.9365
17702,0.9251
17703,0.9247
17704,0.9029
17705,0.9096
17706,0.8879
17707,0.8966
17708,0.8695
17709,0.8784
17710,0.8614
17711,0.8555
17712,0.8543
17713,0.8425
17714,0.8404
17715,0.8547
17716,0.8658
17717,0.8747
17718,0.8882
17719,0.8979
17720,0.9073
17721,0.9189
17722,0.9297
17723,0.9385
17724,0.9262
17725,0.9268
17726,0.9021
17727,0.9106
17728,0.8881
17729,0.8904
17730,0.8749
17731,0.8758
17732,0.8646
17733,0.8534
17734,0.8552
17735,0.8363
17736,0.8424
17737,0.8559
17738,0.8667
17739,0.8751
17740,0.8888
17741,0.8998
17742,0.9085
17743,0.92
17744,0.9321
17745,0.9395
17746,0.9196
17747,0.928
17748,0.9035
17749,0.899
17750,0.8948
17751,0.8844
17752,0.8757
17753,0.8709
17754,0.8657
17755,0.853
17756,0.8566
17757,0.8382
17758,0.8434
17759,0.8563
17760,0.8682
17761,0.877
17762,0.8899
17763,0.9011
17764,0.9097
17765,0.9213
17766,0.9337
17767,0.9409
17768,0.9131
17769,0.9289
17770,0.9008
17771,0.9033
17772,0.8919
17773,0.8873
17774,0.8772
17775,0.8687
17776,0.867
17777,0.8513
17778,0.8572
17779,0.833
17780,0.8451
17781,0.8584
17782,0.8701
17783,0.8788
17784,0.8903
17785,0.9025
17786,0.911
17787,0.9217
17788,0.9329
17789,0.9422
17790,0.912
17791,0.9208
17792,0.9049
17793,0.9151
17794,0.9588
17795,0.9213
17796,0.8781
17797,0.8625
17798,0.8663
17799,0.8479
17800,0.8583
17801,0.8345
17802,0.8459
17803,0.8597
17804,0.8722
17805,0.8807
17806,0.8916
17807,0.9042
17808,0.9134
17809,0.9229
17810,0.9355
17811,0.9348
17812,0.9235
17813,0.9182
17814,0.9062
17815,0.8931
17816,0.8946
17817,0.8793
17818,0.8796
17819,0.8624
17820,0.8708
17821,0.846
17822,0.8503
17823,0.8398
17824,0.8484
17825,0.8609
17826,0.8732
17827,0.8823
17828,0.8928
17829,0.9057
17830,0.9149
17831,0.9235
17832,0.9369
17833,0.9389
17834,1.0068
17835,0.9704
17836,0.9076
17837,0.8934
17838,0.8957
17839,0.8733
17840,0.8814
17841,0.863
17842,0.8617
17843,0.852
17844,0.8463
17845,0.8406
17846,0.8499
17847,0.8615
17848,0.8749
17849,0.8839
17850,0.8923
17851,0.907
17852,0.9158
17853,0.9246
17854,0.9381
17855,0.9297
17856,0.921
17857,0.9089
17858,0.9086
17859,0.8927
17860,0.897
17861,0.8755
17862,0.8822
17863,0.8557
17864,0.8616
17865,0.8496
17866,0.843
17867,0.8415
17868,0.851
17869,0.8626
17870,0.8753
17871,0.8845
17872,0.8948
17873,0.9082
17874,0.9167
17875,0.9258
17876,0.9386
17877,0.9299
17878,0.9221
17879,0.9121
17880,0.9088
17881,0.89
17882,0.8967
17883,0.8721
17884,0.8725
17885,0.8638
17886,0.8567
17887,0.8511
17888,0.8448
17889,0.8433
17890,0.8529
17891,0.8628
17892,0.8774
17893,0.886
17894,0.8958
17895,0.9093
17896,0.9182
17897,0.9275
17898,0.9402
17899,0.9304
17900,0.9236
17901,0.9046
17902,0.9122
17903,0.8818
17904,0.8888
17905,0.881
17906,0.8743
17907,0.8639
17908,0.859
17909,0.8528
17910,0.843
17911,0.845
17912,0.8546
17913,0.8648
17914,0.8792
17915,0.8882
17916,0.8973
17917,0.9108
17918,0.9204
17919,0.9291
17920,0.9419
17921,0.9257
17922,0.925
17923,0.9037
17924,0.9138
17925,0.8822
17926,0.8883
17927,0.8787
17928,0.873
17929,0.8652
17930,0.8545
17931,0.8544
17932,0.8361
17933,0.8468
17934,0.8564
17935,0.8665
17936,0.8799
17937,0.8897
17938,0.8996
17939,0.9115
17940,0.9221
17941,0.9303
17942,0.9433
17943,0.92
17944,0.9274
17945,0.9011
17946,0.9069
17947,0.8924
17948,0.8849
17949,0.8803
17950,0.8714
17951,0.8663
17952,0.858
17953,0.8567
17954,0.834
17955,0.8484
17956,0.8572
17957,0.8686
17958,0.8816
17959,0.8914
17960,0.9007
17961,0.9138
17962,0.9235
17963,0.9316
17964,0.9447
17965,0.9205
17966,0.9177
17967,0.9109
17968,0.9026
17969,0.8912
17970,0.8855
17971,0.8822
17972,0.8666
17973,0.8682
17974,0.8539
17975,0.8584
17976,0.84
17977,0.8497
17978,0.8593
17979,0.8687
17980,0.883
17981,0.893
17982,0.9026
17983,0.9141
17984,0.9253
17985,0.9351
17986,0.9449
17987,0.9153
17988,0.9182
17989,0.9064
17990,0.9014
17991,0.8934
17992,0.8839
17993,0.8837
17994,0.8651
17995,0.8687
17996,0.8478
17997,0.8601
17998,0.8335
17999,0.8515
18000,0.8615
18001,0.8708
18002,0.8846
18003,0.8946
18004,0.9034
18005,0.9167
18006,0.9268
18007,0.935
18008,0.9363
18009,0.9251
18010,0.9162
18011,0.9069
18012,0.8975
18013,0.8948
18014,0.8811
18015,0.8847
18016,0.8611
18017,0.8705
18018,0.847
18019,0.8525
18020,0.8384
18021,0.8522
18022,0.8625
18023,0.8719
18024,0.885
18025,0.896
18026,0.9049
18027,0.9168
18028,0.9275
18029,0.9367
18030,0.9327
18031,0.9249
18032,0.9156
18033,0.9081
18034,0.8962
18035,0.896
18036,0.8784
18037,0.8856
18038,0.8642
18039,0.8606
18040,0.8544
18041,0.8505
18042,0.8397
18043,0.8528
18044,0.8634
18045,0.8731
18046,0.8864
18047,0.897
18048,0.906
18049,0.9175
18050,0.9291
18051,0.9374
18052,0.9264
18053,0.9248
18054,0.9144
18055,0.9094
18056,0.8908
18057,0.8969
18058,0.8746
18059,0.8869
18060,0.8551
18061,0.8576
18062,0.8532
18063,0.8482
18064,0.8408
18065,0.8543
18066,0.8647
18067,0.8741
18068,0.8867
18069,0.8994
18070,0.9071
18071,0.9182
18072,0.9301
18073,0.9383
18074,0.926
18075,0.9274
18076,0.9054
18077,0.9098
18078,0.8896
18079,0.8979
18080,0.867
18081,0.8801
18082,0.864
18083,0.8592
18084,0.8541
18085,0.8465
18086,0.8419
18087,0.8552
18088,0.8668
18089,0.8758
18090,0.8875
18091,0.8996
18092,0.9084
18093,0.919
18094,0.9313
18095,0.9402
18096,0.9301
18097,0.9276
18098,0.9036
18099,0.9108
18100,0.8863
18101,0.8868
18102,0.878
18103,0.8798
18104,0.866
18105,0.8549
18106,0.855
18107,0.8403
18108,0.8436
18109,0.8557
18110,0.868
18111,0.877
18112,0.8891
18113,0.9008
18114,0.9098
18115,0.9202
18116,0.9334
18117,0.941
18118,0.9195
18119,0.9286
18120,0.9079
18121,0.9135
18122,0.8851
18123,0.8877
18124,0.8767
18125,0.8728
18126,0.8669
18127,0.8585
18128,0.8565
18129,0.8412
18130,0.8453
18131,0.8566
18132,0.87
18133,0.8794
18134,0.8903
18135,0.9029
18136,0.9116
18137,0.921
18138,0.9341
18139,0.9429
18140,0.9154
18141,0.9306
18142,0.899
18143,0.9019
18144,0.8931
18145,0.8942
18146,0.878
18147,0.8685
18148,0.8684
18149,0.8496
18150,0.8569
18151,0.8405
18152,0.8466
18153,0.8586
18154,0.8717
18155,0.8807
18156,0.8938
18157,0.9046
18158,0.9139
18159,0.9236
18160,0.9362
18161,0.9452
18162,0.9154
18163,0.9178
18164,0.9095
18165,0.8993
18166,0.8948
18167,0.8886
18168,0.8807
18169,0.8691
18170,0.8708
18171,0.8489
18172,0.8594
18173,0.8344
18174,0.8486
18175,0.8601
18176,0.873
18177,0.8824
18178,0.8923
18179,0.9064
18180,0.915
18181,0.9242
18182,0.9366
18183,0.9472
18184,0.9183
18185,0.9221
18186,0.9083
18187,0.8974
18188,0.896
18189,0.8801
18190,0.882
18191,0.8697
18192,0.8716
18193,0.8477
18194,0.8514
18195,0.8443
18196,0.8502
18197,0.8609
18198,0.8751
18199,0.8839
18200,0.8939
18201,0.9067
18202,0.9164
18203,0.9257
18204,0.9386
18205,0.9341
18206,0.9221
18207,0.9172
18208,0.9102
18209,0.8988
18210,0.8969
18211,0.8816
18212,0.8836
18213,0.8606
18214,0.8744
18215,0.8484
18216,0.8497
18217,0.8423
18218,0.8517
18219,0.8622
18220,0.8764
18221,0.8856
18222,0.8954
18223,0.9087
18224,0.9182
18225,0.9269
18226,0.9399
18227,0.9339
18228,0.9227
18229,0.9127
18230,0.9104
18231,0.8977
18232,0.8978
18233,0.878
18234,0.8849
18235,0.859
18236,0.864
18237,0.8525
18238,0.8492
18239,0.8439
18240,0.8535
18241,0.8639
18242,0.8775
18243,0.8867
18244,0.8966
18245,0.9098
18246,0.9196
18247,0.9275
18248,0.941
18249,0.932
18250,0.9228
18251,0.9084
18252,0.9128
18253,0.8911
18254,0.8992
18255,0.8774
18256,0.874
18257,0.8674
18258,0.8628
18259,0.8544
18260,0.8479
18261,0.8454
18262,0.8549
18263,0.8652
18264,0.8786
18265,0.8885
18266,0.8978
18267,0.9108
18268,0.9204
18269,0.9291
18270,0.9422
18271,0.9294
18272,0.925
18273,0.9077
18274,0.9141
18275,0.8861
18276,0.8994
18277,0.8752
18278,0.882
18279,0.865
18280,0.8597
18281,0.8543
18282,0.8398
18283,0.8462
18284,0.8557
18285,0.8656
18286,0.8793
18287,0.8892
18288,0.8982
18289,0.9113
18290,0.9211
18291,0.9292
18292,0.9415
18293,0.9242
18294,0.9258
18295,0.9074
18296,0.9146
18297,0.8829
18298,0.8907
18299,0.879
18300,0.8739
18301,0.8653
18302,0.8621
18303,0.8547
18304,0.8391
18305,0.8474
18306,0.8566
18307,0.8665
18308,0.88
18309,0.8898
18310,0.8991
18311,0.9107
18312,0.9222
18313,0.9305
18314,0.9426
18315,0.9226
18316,0.9269
18317,0.9028
18318,0.9078
18319,0.8938
18320,0.8877
18321,0.8802
18322,0.8682
18323,0.866
18324,0.8576
18325,0.8563
18326,0.8354
18327,0.8489
18328,0.8574
18329,0.8676
18330,0.8813
18331,0.8915
18332,0.9002
18333,0.9124
18334,0.9229
18335,0.9315
18336,0.9429
18337,0.9182
18338,0.928
18339,0.8994
18340,0.9036
18341,0.8916
18342,0.8876
18343,0.8813
18344,0.8655
18345,0.867
18346,0.8507
18347,0.8586
18348,0.8382
18349,0.8483
18350,0.8589
18351,0.8691
18352,0.8823
18353,0.8915
18354,0.9015
18355,0.9137
18356,0.9246
18357,0.9339
18358,0.9441
18359,0.9201
18360,0.9189
18361,0.9061
18362,0.8993
18363,0.8924
18364,0.8822
18365,0.8826
18366,0.8701
18367,0.8686
18368,0.8497
18369,0.8595
18370,0.8291
18371,0.8503
18372,0.8606
18373,0.8707
18374,0.8833
18375,0.8936
18376,0.9035
18377,0.9145
18378,0.9266
18379,0.9353
18380,0.9316
18381,0.9271
18382,0.9191
18383,0.9066
18384,0.899
18385,0.8947
18386,0.8767
18387,0.8838
18388,0.8646
18389,0.8701
18390,0.8469
18391,0.8492
18392,0.8389
18393,0.8516
18394,0.8625
18395,0.8719
18396,0.8847
18397,0.8953
18398,0.9039
18399,0.9153
18400,0.928
18401,0.9362
18402,0.9315
18403,0.9238
18404,0.9133
18405,0.9067
18406,0.8981
18407,0.8956
18408,0.8771
18409,0.8848
18410,0.858
18411,0.8576
18412,0.8556
18413,0.8541
18414,0.8396
18415,0.8524
18416,0.864
18417,0.8728
18418,0.8846
18419,0.8971
18420,0.9057
18421,0.9161
18422,0.9289
18423,0.9376
18424,0.9301
18425,0.9248
18426,0.9107
18427,0.9083
18428,0.8918
18429,0.8972
18430,0.8761
18431,0.886
18432,0.8561
18433,0.8595
18434,0.8523
18435,0.8456
18436,0.8402
18437,0.8529
18438,0.8648
18439,0.8741
18440,0.8859
18441,0.8991
18442,0.9067
18443,0.9171
18444,0.9303
18445,0.9383
18446,0.9282
18447,0.9257
18448,0.9084
18449,0.9095
18450,0.8928
18451,0.8985
18452,0.8699
18453,0.8799
18454,0.8648
18455,0.8576
18456,0.8533
18457,0.8465
18458,0.8419
18459,0.8537
18460,0.8667
18461,0.8754
18462,0.887
18463,0.9
18464,0.9087
18465,0.9186
18466,0.9313
18467,0.9399
18468,0.9253
18469,0.9269
18470,0.9047
18471,0.9108
18472,0.8922
18473,0.886
18474,0.8799
18475,0.8739
18476,0.8647
18477,0.8601
18478,0.8555
18479,0.8412
18480,0.8431
18481,0.8553
18482,0.8688
18483,0.8775
18484,0.8881
18485,0.9015
18486,0.9101
18487,0.9203
18488,0.9337
18489,0.9412
18490,0.9228
18491,0.9299
18492,0.9033
18493,0.912
18494,0.8849
18495,0.8935
18496,0.8762
18497,0.873
18498,0.8673
18499,0.8563
18500,0.8556
18501,0.8418
18502,0.8445
18503,0.8565
18504,0.8697
18505,0.8781
18506,0.8887
18507,0.9026
18508,0.9119
18509,0.9208
18510,0.934
18511,0.9427
18512,0.9221
18513,0.9297
18514,0.8994
18515,0.9006
18516,0.8939
18517,0.8877
18518,0.8778
18519,0.8696
18520,0.8687
18521,0.8539
18522,0.857
18523,0.8377
18524,0.847
18525,0.8579
18526,0.8712
18527,0.8802
18528,0.8906
18529,0.9041
18530,0.9132
18531,0.9225
18532,0.9352
18533,0.9442
18534,0.9193
18535,0.9234
18536,0.9108
18537,0.9016
18538,0.8936
18539,0.891
18540,0.88
18541,0.8704
18542,0.8702
18543,0.8502
18544,0.8579
18545,0.8353
18546,0.8484
18547,0.8583
18548,0.8731
18549,0.8826
18550,0.8923
18551,0.9056
18552,0.9146
18553,0.9238
18554,0.9362
18555,0.9455
18556,0.9126
18557,0.9249
18558,0.9077
18559,0.8997
18560,0.8946
18561,0.8815
18562,0.8808
18563,0.8637
18564,0.872
18565,0.8502
18566,0.8592
18567,0.8359
18568,0.8494
18569,0.861
18570,0.8743
18571,0.8836
18572,0.8929
18573,0.9067
18574,0.9157
18575,0.9242
18576,0.9381
18577,0.9318
18578,0.9225
18579,0.9186
18580,0.9091
18581,0.8992
18582,0.8954
18583,0.8828
18584,0.8824
18585,0.8613
18586,0.873
18587,0.8475
18588,0.8498
18589,0.8414
18590,0.8512
18591,0.8614
18592,0.8752
18593,0.8845
18594,0.8946
18595,0.908
18596,0.9175
18597,0.9258
18598,0.9395
18599,0.9365
18600,0.9218
18601,0.9207
18602,0.9105
18603,0.8974
18604,0.8965
18605,0.8779
18606,0.8839
18607,0.8567
18608,0.8634
18609,0.8534
18610,0.8511
18611,0.8427
18612,0.8524
18613,0.8626
18614,0.8757
18615,0.8862
18616,0.8956
18617,0.9089
18618,0.9187
18619,0.9271
18620,0.9398
18621,0.935
18622,0.9232
18623,0.9099
18624,0.9122
18625,0.8923
18626,0.8973
18627,0.8793
18628,0.8857
18629,0.8552
18630,0.8622
18631,0.8522
18632,0.8476
18633,0.8442
18634,0.8543
18635,0.8641
18636,0.8778
18637,0.8868
18638,0.897
18639,0.9101
18640,0.9195
18641,0.9287
18642,0.9411
18643,0.9312
18644,0.9247
18645,0.9074
18646,0.9133
18647,0.8892
18648,0.8988
18649,0.8763
18650,0.88
18651,0.864
18652,0.8604
18653,0.8532
18654,0.8408
18655,0.8453
18656,0.8557
18657,0.8655
18658,0.8797
18659,0.8888
18660,0.8975
18661,0.9109
18662,0.921
18663,0.9298
18664,0.9411
18665,0.9307
18666,0.9265
18667,0.9075
18668,0.9145
18669,0.8877
18670,0.8886
18671,0.8815
18672,0.8716
18673,0.8651
18674,0.8637
18675,0.8551
18676,0.8441
18677,0.8467
18678,0.8568
18679,0.8661
18680,0.8798
18681,0.8905
18682,0.8996
18683,0.9119
18684,0.9223
18685,0.9308
18686,0.9423
18687,0.9231
18688,0.9272
18689,0.9048
18690,0.9154
18691,0.8871
18692,0.8917
18693,0.8804
18694,0.8701
18695,0.8659
18696,0.8541
18697,0.857
18698,0.8404
18699,0.8479
18700,0.8581
18701,0.8678
18702,0.8808
18703,0.8919
18704,0.9008
18705,0.9125
18706,0.924
18707,0.9324
18708,0.9433
18709,0.9212
18710,0.9289
18711,0.8977
18712,0.9084
18713,0.8919
18714,0.885
18715,0.8813
18716,0.8743
18717,0.8669
18718,0.8526
18719,0.8574
18720,0.8327
18721,0.8491
18722,0.8596
18723,0.8681
18724,0.8822
18725,0.8929
18726,0.9019
18727,0.9135
18728,0.925
18729,0.9334
18730,0.943
18731,0.9189
18732,0.9213
18733,0.9083
18734,0.9049
18735,0.8932
18736,0.8813
18737,0.8824
18738,0.8676
18739,0.8685
18740,0.8558
18741,0.8593
18742,0.8332
18743,0.8499
18744,0.8608
18745,0.8703
18746,0.8831
18747,0.8949
18748,0.9032
18749,0.9144
18750,0.9265
18751,0.9351
18752,0.9452
18753,0.9146
18754,0.9159
18755,0.9065
18756,0.9038
18757,0.8949
18758,0.8807
18759,0.8832
18760,0.8598
18761,0.8695
18762,0.8484
18763,0.8559
18764,0.8413
18765,0.8515
18766,0.8627
18767,0.8723
18768,0.8847
18769,0.8966
18770,0.9054
18771,0.9165
18772,0.929
18773,0.9369
18774,0.9367
18775,0.9251
18776,0.9157
18777,0.9078
18778,0.8985
18779,0.8966
18780,0.8809
18781,0.8857
18782,0.863
18783,0.8717
18784,0.8452
18785,0.8488
18786,0.84
18787,0.8529
18788,0.8636
18789,0.8735
18790,0.8854
18791,0.8978
18792,0.9067
18793,0.917
18794,0.9294
18795,0.9385
18796,0.9308
18797,0.9259
18798,0.916
18799,0.9091
18800,0.8939
18801,0.8971
18802,0.8783
18803,0.8869
18804,0.8621
18805,0.8621
18806,0.8539
18807,0.8483
18808,0.8413
18809,0.8533
18810,0.8658
18811,0.8738
18812,0.8858
18813,0.8983
18814,0.9077
18815,0.9173
18816,0.9304
18817,0.9385
18818,0.9313
18819,0.9262
18820,0.9144
18821,0.9104
18822,0.8922
18823,0.8987
18824,0.8701
18825,0.8743
18826,0.8677
18827,0.8663
18828,0.8537
18829,0.8468
18830,0.842
18831,0.8538
18832,0.8667
18833,0.8761
18834,0.8874
18835,0.9003
18836,0.9099
18837,0.9183
18838,0.9315
18839,0.9405
18840,0.9258
18841,0.9275
18842,0.9098
18843,0.9109
18844,0.8928
18845,0.9001
18846,0.8701
18847,0.8755
18848,0.866
18849,0.856
18850,0.8547
18851,0.8467
18852,0.8439
18853,0.8561
18854,0.8685
18855,0.8773
18856,0.8877
18857,0.9015
18858,0.9101
18859,0.9199
18860,0.9329
18861,0.9415
18862,0.9267
18863,0.9286
18864,0.9048
18865,0.9118
18866,0.8859
18867,0.8943
18868,0.8777
18869,0.8795
18870,0.8679
18871,0.8547
18872,0.8552
18873,0.8393
18874,0.8454
18875,0.8562
18876,0.8697
18877,0.8792
18878,0.8891
18879,0.9029
18880,0.9114
18881,0.9212
18882,0.9342
18883,0.9431
18884,0.9484
18885,0.9647
18886,0.911
18887,0.9023
18888,0.8962
18889,0.8895
18890,0.8783
18891,0.8737
18892,0.8696
18893,0.8529
18894,0.8566
18895,0.8412
18896,0.8468
18897,0.8579
18898,0.8719
18899,0.881
18900,0.8906
18901,0.9043
18902,0.9127
18903,0.9219
18904,0.9353
18905,0.9445
18906,0.9173
18907,0.9298
18908,0.9063
18909,0.9048
18910,0.8937
18911,0.8872
18912,0.8802
18913,0.8675
18914,0.8704
18915,0.8568
18916,0.8583
18917,0.8388
18918,0.8485
18919,0.8587
18920,0.8741
18921,0.8821
18922,0.8919
18923,0.9049
18924,0.9147
18925,0.9236
18926,0.9366
18927,0.9461
18928,0.911
18929,0.9212
18930,0.9087
18931,0.9033
18932,0.8951
18933,0.8847
18934,0.8816
18935,0.866
18936,0.8728
18937,0.847
18938,0.8596
18939,0.8371
18940,0.8493
18941,0.8606
18942,0.875
18943,0.8835
18944,0.8936
18945,0.907
18946,0.9162
18947,0.9253
18948,0.9379
18949,0.9355
18950,0.9248
18951,0.9196
18952,0.9099
18953,0.898
18954,0.8964
18955,0.8855
18956,0.8826
18957,0.8648
18958,0.8733
18959,0.8537
18960,0.8538
18961,0.8427
18962,0.8512
18963,0.8619
18964,0.8758
18965,0.8855
18966,0.895
18967,0.9083
18968,0.9179
18969,0.9261
18970,0.9392
18971,0.9385
18972,0.9224
18973,0.9154
18974,0.9112
18975,0.8984
18976,0.8971
18977,0.8798
18978,0.8845
18979,0.8618
18980,0.8635
18981,0.8557
18982,0.8508
18983,0.8433
18984,0.8541
18985,0.8637
18986,0.8772
18987,0.887
18988,0.896
18989,0.9097
18990,0.9192
18991,0.9276
18992,0.9409
18993,0.9364
18994,0.9246
18995,0.9172
18996,0.9124
18997,0.8936
18998,0.8981
18999,0.8784
19000,0.8863
19001,0.8582
19002,0.869
19003,0.8534
19004,0.8455
19005,0.845
19006,0.8549
19007,0.8648
19008,0.8782
19009,0.8881
19010,0.8975
19011,0.9101
19012,0.9207
19013,0.9292
19014,0.941
19015,0.9326
19016,0.9253
19017,0.9064
19018,0.914
19019,0.8916
19020,0.8989
19021,0.878
19022,0.8767
19023,0.8655
19024,0.864
19025,0.8545
19026,0.8495
19027,0.846
19028,0.8553
19029,0.8656
19030,0.8795
19031,0.8892
19032,0.8979
19033,0.9113
19034,0.9215
19035,0.93
19036,0.942
19037,0.9282
19038,0.9258
19039,0.9079
19040,0.9151
19041,0.886
19042,0.8908
19043,0.8846
19044,0.8756
19045,0.8652
19046,0.8626
19047,0.8554
19048,0.8431
19049,0.8471
19050,0.8572
19051,0.8667
19052,0.8806
19053,0.8903
19054,0.8995
19055,0.9127
19056,0.9223
19057,0.9313
19058,0.9423
19059,0.9289
19060,0.9277
19061,0.906
19062,0.9162
19063,0.8857
19064,0.8886
19065,0.8808
19066,0.876
19067,0.8663
19068,0.8563
19069,0.8573
19070,0.8397
19071,0.848
19072,0.859
19073,0.8683
19074,0.8813
19075,0.8916
19076,0.9014
19077,0.9137
19078,0.9244
19079,0.9326
19080,0.9438
19081,0.9228
19082,0.9289
19083,0.9039
19084,0.9067
19085,0.894
19086,0.8828
19087,0.8824
19088,0.8746
19089,0.8674
19090,0.8548
19091,0.8582
19092,0.8367
19093,0.85
19094,0.8602
19095,0.8698
19096,0.8827
19097,0.8938
19098,0.9016
19099,0.9147
19100,0.9258
19101,0.9343
19102,0.9449
19103,0.9221
19104,0.9169
19105,0.9097
19106,0.9095
19107,0.8945
19108,0.8833
19109,0.8833
19110,0.8714
19111,0.8698
19112,0.8581
19113,0.8615
19114,0.8316
19115,0.8507
19116,0.862
19117,0.8717
19118,0.8842
19119,0.8948
19120,0.9042
19121,0.9149
19122,0.9277
19123,0.9362
19124,0.9458
19125,0.9166
19126,0.9172
19127,0.9073
19128,0.9061
19129,0.8953
19130,0.8837
19131,0.8847
19132,0.8643
19133,0.8703
19134,0.8524
19135,0.8618
19136,0.832
19137,0.852
19138,0.8626
19139,0.8721
19140,0.8843
19141,0.8965
19142,0.9054
19143,0.9161
19144,0.9287
19145,0.9365
19146,0.9321
19147,0.9263
19148,0.9179
19149,0.9082
19150,0.9078
19151,0.911
19152,0.8874
19153,0.8857
19154,0.8619
19155,0.8717
19156,0.8462
19157,0.8525
19158,0.8397
19159,0.8522
19160,0.8643
19161,0.8732
19162,0.885
19163,0.8976
19164,0.9062
19165,0.9165
19166,0.9292
19167,0.9377
19168,0.9364
19169,0.9251
19170,0.9135
19171,0.9092
19172,0.8978
19173,0.8976
19174,0.8778
19175,0.8862
19176,0.8626
19177,0.8618
19178,0.8554
19179,0.8491
19180,0.8411
19181,0.8538
19182,0.8655
19183,0.8746
19184,0.8862
19185,0.8991
19186,0.9075
19187,0.9177
19188,0.9305
19189,0.9394
19190,0.9288
19191,0.9264
19192,0.9171
19193,0.9103
19194,0.8946
19195,0.8993
19196,0.8724
19197,0.8875
19198,0.8593
19199,0.8664
19200,0.8539
19201,0.8466
19202,0.8419
19203,0.8542
19204,0.8667
19205,0.8761
19206,0.8874
19207,0.9002
19208,0.9089
19209,0.9192
19210,0.9322
19211,0.9402
19212,0.9244
19213,0.9273
19214,0.91
19215,0.9107
19216,0.8935
19217,0.8999
19218,0.8698
19219,0.8802
19220,0.8665
19221,0.8576
19222,0.8546
19223,0.8448
19224,0.8432
19225,0.855
19226,0.8681
19227,0.8768
19228,0.8873
19229,0.901
19230,0.9098
19231,0.9194
19232,0.9324
19233,0.9415
19234,0.925
19235,0.9276
19236,0.9041
19237,0.9117
19238,0.8913
19239,0.8904
19240,0.8782
19241,0.8764
19242,0.8664
19243,0.8584
19244,0.8549
19245,0.8449
19246,0.8434
19247,0.8553
19248,0.8689
19249,0.8772
19250,0.8878
19251,0.9023
19252,0.9106
19253,0.9203
19254,0.933
19255,0.9426
19256,0.9217
19257,0.9284
19258,0.9003
19259,0.9118
19260,0.8816
19261,0.8929
19262,0.8782
19263,0.8693
19264,0.8677
19265,0.8521
19266,0.8551
19267,0.8413
19268,0.8449
19269,0.8565
19270,0.8694
19271,0.8787
19272,0.8893
19273,0.9031
19274,0.9115
19275,0.921
19276,0.9341
19277,0.9432
19278,0.9212
19279,0.9303
19280,0.9003
19281,0.9003
19282,0.8928
19283,0.8892
19284,0.8765
19285,0.8707
19286,0.869
19287,0.8506
19288,0.8559
19289,0.8349
19290,0.8462
19291,0.8571
19292,0.8716
19293,0.8801
19294,0.8907
19295,0.9035
19296,0.9125
19297,0.9217
19298,0.9345
19299,0.9438
19300,0.9134
19301,0.9219
19302,0.9085
19303,0.8998
19304,0.8926
19305,0.8863
19306,0.8787
19307,0.8658
19308,0.8697
19309,0.851
19310,0.8574
19311,0.8339
19312,0.8474
19313,0.8585
19314,0.872
19315,0.8811
19316,0.8911
19317,0.9042
19318,0.9132
19319,0.9224
19320,0.9347
19321,0.9445
19322,0.9116
19323,0.9221
19324,0.9065
19325,0.9004
19326,0.8933
19327,0.8808
19328,0.8798
19329,0.8642
19330,0.8705
19331,0.8465
19332,0.8494
19333,0.8427
19334,0.8485
19335,0.8588
19336,0.8726
19337,0.882
19338,0.8913
19339,0.9047
19340,0.9138
19341,0.9231
19342,0.9357
19343,0.9349
19344,0.9193
19345,0.9138
19346,0.9076
19347,0.8955
19348,0.8934
19349,0.8812
19350,0.881
19351,0.8586
19352,0.8739
19353,0.8418
19354,0.8455
19355,0.8405
19356,0.8497
19357,0.86
19358,0.8732
19359,0.8835
19360,0.893
19361,0.9063
19362,0.9153
19363,0.9246
19364,0.9375
19365,0.9298
19366,0.9207
19367,0.913
19368,0.9098
19369,0.8904
19370,0.8956
19371,0.8779
19372,0.8825
19373,0.8588
19374,0.8668
19375,0.8505
19376,0.8438
19377,0.8415
19378,0.8518
19379,0.8616
19380,0.8757
19381,0.8854
19382,0.894
19383,0.9078
19384,0.9173
19385,0.9263
19386,0.939
19387,0.9327
19388,0.9214
19389,0.908
19390,0.9106
19391,0.8929
19392,0.8961
19393,0.8732
19394,0.8725
19395,0.8651
19396,0.864
19397,0.851
19398,0.8444
19399,0.8426
19400,0.8526
19401,0.863
19402,0.8762
19403,0.8862
19404,0.8955
19405,0.9085
19406,0.9184
19407,0.9272
19408,0.9399
19409,0.9264
19410,0.9231
19411,0.906
19412,0.9119
19413,0.885
19414,0.8973
19415,0.8729
19416,0.8738
19417,0.8623
19418,0.8583
19419,0.8524
19420,0.8415
19421,0.8444
19422,0.854
19423,0.8631
19424,0.8775
19425,0.8876
19426,0.8967
19427,0.9096
19428,0.9196
19429,0.9283
19430,0.9407
19431,0.9254
19432,0.9247
19433,0.9026
19434,0.9131
19435,0.8825
19436,0.8932
19437,0.8773
19438,0.8744
19439,0.8629
19440,0.8564
19441,0.8534
19442,0.8371
19443,0.8457
19444,0.855
19445,0.8651
19446,0.8783
19447,0.8885
19448,0.8977
19449,0.9091
19450,0.9211
19451,0.9296
19452,0.9413
19453,0.9282
19454,0.926
19455,0.9027
19456,0.9059
19457,0.8927
19458,0.8862
19459,0.8787
19460,0.8671
19461,0.865
19462,0.8556
19463,0.8553
19464,0.835
19465,0.8462
19466,0.857
19467,0.8661
19468,0.8795
19469,0.8905
19470,0.899
19471,0.9122
19472,0.922
19473,0.9304
19474,0.9422
19475,0.9174
19476,0.9269
19477,0.897
19478,0.9017
19479,0.8904
19480,0.8851
19481,0.8799
19482,0.8648
19483,0.8657
19484,0.8494
19485,0.8567
19486,0.8343
19487,0.8474
19488,0.8572
19489,0.8675
19490,0.8806
19491,0.8912
19492,0.8997
19493,0.9119
19494,0.9228
19495,0.9317
19496,0.9426
19497,0.9183
19498,0.9193
19499,0.9039
19500,0.9
19501,0.8921
19502,0.8819
19503,0.8807
19504,0.8662
19505,0.8665
19506,0.8481
19507,0.8581
19508,0.8288
19509,0.8482
19510,0.859
19511,0.8692
19512,0.8821
19513,0.8924
19514,0.9016
19515,0.9131
19516,0.9242
19517,0.9329
19518,0.9324
19519,0.9249
19520,0.9147
19521,0.9047
19522,0.9006
19523,0.8929
19524,0.8767
19525,0.8822
19526,0.8619
19527,0.8681
19528,0.8488
19529,0.854
19530,0.8373
19531,0.8496
19532,0.8605
19533,0.8706
19534,0.8826
19535,0.8933
19536,0.903
19537,0.9143
19538,0.9258
19539,0.9345
19540,0.9387
19541,0.922
19542,0.9125
19543,0.906
19544,0.8922
19545,0.8943
19546,0.8778
19547,0.8838
19548,0.8598
19549,0.8596
19550,0.8548
19551,0.8505
19552,0.8371
19553,0.8514
19554,0.8617
19555,0.8715
19556,0.8836
19557,0.8952
19558,0.904
19559,0.9151
19560,0.9272
19561,0.9351
19562,0.9287
19563,0.9237
19564,0.91
19565,0.9067
19566,0.8938
19567,0.8951
19568,0.8718
19569,0.8843
19570,0.8589
19571,0.8588
19572,0.8511
19573,0.8427
19574,0.8386
19575,0.8518
19576,0.8629
19577,0.8726
19578,0.8846
19579,0.8962
19580,0.9051
19581,0.9166
19582,0.9281
19583,0.9369
19584,0.9258
19585,0.9242
19586,0.91
19587,0.9074
19588,0.8891
19589,0.8962
19590,0.869
19591,0.8758
19592,0.8632
19593,0.8619
19594,0.8522
19595,0.8431
19596,0.8394
19597,0.8513
19598,0.8642
19599,0.8737
19600,0.8855
19601,0.8971
19602,0.9053
19603,0.9155
19604,0.9285
19605,0.9374
19606,0.9309
19607,0.9255
19608,0.9064
19609,0.9087
19610,0.8863
19611,0.8837
19612,0.8778
19613,0.8717
19614,0.8634
19615,0.8568
19616,0.8533
19617,0.8401
19618,0.8415
19619,0.8527
19620,0.8645
19621,0.8744
19622,0.8864
19623,0.8985
19624,0.9074
19625,0.918
19626,0.9289
19627,0.9385
19628,0.9212
19629,0.9252
19630,0.9057
19631,0.9096
19632,0.8907
19633,0.8891
19634,0.8758
19635,0.8699
19636,0.8654
19637,0.8534
19638,0.8555
19639,0.8368
19640,0.8428
19641,0.8553
19642,0.8671
19643,0.8758
19644,0.8871
19645,0.8999
19646,0.9085
19647,0.9185
19648,0.9312
19649,0.9398
19650,0.9163
19651,0.9268
19652,0.896
19653,0.9021
19654,0.8913
19655,0.8905
19656,0.8751
19657,0.8697
19658,0.8654
19659,0.8472
19660,0.8547
19661,0.8383
19662,0.8435
19663,0.8554
19664,0.8682
19665,0.8772
19666,0.8883
19667,0.9013
19668,0.9103
19669,0.9189
19670,0.933
19671,0.942
19672,0.9143
19673,0.9199
19674,0.9089
19675,0.8976
19676,0.8915
19677,0.8856
19678,0.8764
19679,0.8652
19680,0.867
19681,0.8464
19682,0.8567
19683,0.832
19684,0.8448
19685,0.8564
19686,0.8699
19687,0.879
19688,0.8902
19689,0.9026
19690,0.9112
19691,0.9224
19692,0.934
19693,0.9441
19694,0.9149
19695,0.9187
19696,0.9045
19697,0.8978
19698,0.8924
19699,0.8791
19700,0.8783
19701,0.8664
19702,0.8688
19703,0.8425
19704,0.8575
19705,0.8286
19706,0.846
19707,0.8586
19708,0.8711
19709,0.8802
19710,0.8903
19711,0.9039
19712,0.9126
19713,0.9218
19714,0.9352
19715,0.9309
19716,0.9195
19717,0.9193
19718,0.9063
19719,0.8943
19720,0.8934
19721,0.879
19722,0.8796
19723,0.8591
19724,0.8697
19725,0.8418
19726,0.8495
19727,0.8385
19728,0.8471
19729,0.8586
19730,0.8728
19731,0.8811
19732,0.8917
19733,0.9049
19734,0.9136
19735,0.9231
19736,0.9362
19737,0.9311
19738,0.9184
19739,0.9105
19740,0.907
19741,0.8926
19742,0.8946
19743,0.8753
19744,0.8808
19745,0.8579
19746,0.8593
19747,0.8493
19748,0.8488
19749,0.8396
19750,0.8491
19751,0.8605
19752,0.8732
19753,0.8827
19754,0.8925
19755,0.906
19756,0.915
19757,0.924
19758,0.9365
19759,0.929
19760,0.9199
19761,0.9088
19762,0.9079
19763,0.8958
19764,0.8958
19765,0.8704
19766,0.8811
19767,0.8533
19768,0.8594
19769,0.8491
19770,0.8444
19771,0.8412
19772,0.8509
19773,0.8609
19774,0.8752
19775,0.8837
19776,0.8935
19777,0.9069
19778,0.9164
19779,0.9249
19780,0.9381
19781,0.926
19782,0.921
19783,0.908
19784,0.9095
19785,0.8845
19786,0.8967
19787,0.8688
19788,0.8705
19789,0.8622
19790,0.8616
19791,0.8499
19792,0.8397
19793,0.8421
19794,0.8517
19795,0.8626
19796,0.8765
19797,0.8852
19798,0.8948
19799,0.9085
19800,0.9165
19801,0.9264
19802,0.9393
19803,0.9312
19804,0.9221
19805,0.9075
19806,0.9108
19807,0.8807
19808,0.8867
19809,0.878
19810,0.8719
19811,0.8627
19812,0.859
19813,0.8517
19814,0.8381
19815,0.8437
19816,0.8532
19817,0.8641
19818,0.8776
19819,0.8868
19820,0.8964
19821,0.9095
19822,0.9192
19823,0.9282
19824,0.9406
19825,0.9183
19826,0.9242
19827,0.9026
19828,0.9121
19829,0.883
19830,0.887
19831,0.8766
19832,0.8658
19833,0.8647
19834,0.8547
19835,0.8536
19836,0.8346
19837,0.8453
19838,0.855
19839,0.8644
19840,0.8786
19841,0.8877
19842,0.8976
19843,0.9105
19844,0.9198
19845,0.9286
19846,0.9417
19847,0.9158
19848,0.9254
19849,0.8959
19850,0.9038
19851,0.8886
19852,0.8869
19853,0.8779
19854,0.8692
19855,0.8648
19856,0.8489
19857,0.8561
19858,0.836
19859,0.8463
19860,0.8561
19861,0.8665
19862,0.8802
19863,0.8894
19864,0.8985
19865,0.9119
19866,0.9205
19867,0.9303
19868,0.9422
19869,0.9177
19870,0.9127
19871,0.9071
19872,0.8977
19873,0.8894
19874,0.8836
19875,0.8791
19876,0.8618
19877,0.8662
19878,0.8503
19879,0.8556
19880,0.8282
19881,0.8477
19882,0.8576
19883,0.8684
19884,0.8811
19885,0.8908
19886,0.8995
19887,0.9128
19888,0.9224
19889,0.931
19890,0.9435
19891,0.9077
19892,0.9173
19893,0.9053
19894,0.8976
19895,0.8905
19896,0.8765
19897,0.881
19898,0.8604
19899,0.8675
19900,0.8454
19901,0.8496
19902,0.8384
19903,0.8495
19904,0.8589
19905,0.8689
19906,0.8821
19907,0.8921
19908,0.9006
19909,0.9144
19910,0.9241
19911,0.9326
19912,0.9349
19913,0.9203
19914,0.9073
19915,0.9063
19916,0.8991
19917,0.8915
19918,0.8756
19919,0.8823
19920,0.8552
19921,0.8686
19922,0.849
19923,0.8486
19924,0.8363
19925,0.85
19926,0.8598
19927,0.8693
19928,0.8837
19929,0.893
19930,0.903
19931,0.9155
19932,0.9254
19933,0.9331
19934,0.9308
19935,0.9212
19936,0.9118
19937,0.9071
19938,0.8886
19939,0.8929
19940,0.8753
19941,0.8837
19942,0.8547
19943,0.8597
19944,0.8502
19945,0.8459
19946,0.8374
19947,0.8518
19948,0.8608
19949,0.8713
19950,0.8851
19951,0.8959
19952,0.9042
19953,0.9166
19954,0.927
19955,0.935
19956,0.9293
19957,0.9233
19958,0.9083
19959,0.9084
19960,0.8893
19961,0.8951
19962,0.869
19963,0.8791
19964,0.8636
19965,0.8581
19966,0.8516
19967,0.8439
19968,0.8391
19969,0.8529
19970,0.863
19971,0.8723
19972,0.886
19973,0.8971
19974,0.905
19975,0.9182
19976,0.9282
19977,0.9363
19978,0.9261
19979,0.9242
19980,0.9071
19981,0.9094
19982,0.8875
19983,0.8966
19984,0.8641
19985,0.8741
19986,0.8627
19987,0.8585
19988,0.853
19989,0.8393
19990,0.8406
19991,0.8544
19992,0.8645
19993,0.8744
19994,0.8877
19995,0.8975
19996,0.9058
19997,0.9197
19998,0.9293
19999,0.9384
20000,0.922
20001,0.926
20002,0.9024
20003,0.9108
20004,0.8894
20005,0.887
20006,0.8743
20007,0.8722
20008,0.8637
20009,0.8529
20010,0.8541
20011,0.8402
20012,0.8421
20013,0.8554
20014,0.866
20015,0.8749
20016,0.8891
20017,0.8989
20018,0.9076
20019,0.9199
20020,0.931
20021,0.9394
20022,0.9184
20023,0.9273
20024,0.8965
20025,0.8984
20026,0.8942
20027,0.8891
20028,0.8765
20029,0.8701
20030,0.8662
20031,0.8507
20032,0.8563
20033,0.8367
20034,0.8432
20035,0.8574
20036,0.8677
20037,0.877
20038,0.8907
20039,0.9006
20040,0.9092
20041,0.9208
20042,0.9324
20043,0.9417
20044,0.9206
20045,0.9287
20046,0.8949
20047,0.9003
20048,0.8928
20049,0.885
20050,0.8769
20051,0.87
20052,0.8675
20053,0.8484
20054,0.8577
20055,0.8341
20056,0.845
20057,0.8592
20058,0.8695
20059,0.879
20060,0.8922
20061,0.9025
20062,0.911
20063,0.9229
20064,0.9332
20065,0.943
20066,0.9129
20067,0.9195
20068,0.9054
20069,0.902
20070,0.8937
20071,0.8868
20072,0.8793
20073,0.8679
20074,0.8691
20075,0.8495
20076,0.8595
20077,0.8314
20078,0.8466
20079,0.8609
20080,0.8709
20081,0.8807
20082,0.8931
20083,0.9042
20084,0.9125
20085,0.9248
20086,0.9357
20087,0.9287
20088,0.9222
20089,0.9207
20090,0.9063
20091,0.8977
20092,0.8953
20093,0.8812
20094,0.8803
20095,0.8624
20096,0.8702
20097,0.8418
20098,0.8494
20099,0.8393
20100,0.8484
20101,0.8616
20102,0.8723
20103,0.8814
20104,0.8943
20105,0.9052
20106,0.9137
20107,0.9256
20108,0.937
20109,0.9372
20110,0.9202
20111,0.9135
20112,0.907
20113,0.8917
20114,0.8963
20115,0.8791
20116,0.8813
20117,0.8607
20118,0.8589
20119,0.8525
20120,0.8489
20121,0.8394
20122,0.8484
20123,0.8625
20124,0.8734
20125,0.8827
20126,0.8954
20127,0.9067
20128,0.9152
20129,0.9256
20130,0.9388
20131,0.9318
20132,0.9212
20133,0.9117
20134,0.9077
20135,0.8896
20136,0.8975
20137,0.8716
20138,0.8823
20139,0.8585
20140,0.862
20141,0.8489
20142,0.8464
20143,0.8412
20144,0.8502
20145,0.8641
20146,0.8759
20147,0.8835
20148,0.8951
20149,0.9075
20150,0.916
20151,0.9273
20152,0.9379
20153,0.9245
20154,0.9223
20155,0.9129
20156,0.9103
20157,0.8882
20158,0.8981
20159,0.8704
20160,0.871
20161,0.865
20162,0.8607
20163,0.8507
20164,0.8451
20165,0.8431
20166,0.8505
20167,0.8646
20168,0.8766
20169,0.8856
20170,0.8969
20171,0.9088
20172,0.9175
20173,0.9276
20174,0.9406
20175,0.9256
20176,0.9236
20177,0.9055
20178,0.9112
20179,0.8855
20180,0.8873
20181,0.8803
20182,0.874
20183,0.8652
20184,0.8553
20185,0.8517
20186,0.8459
20187,0.8437
20188,0.8534
20189,0.8652
20190,0.8777
20191,0.8862
20192,0.8971
20193,0.9106
20194,0.9186
20195,0.9291
20196,0.9415
20197,0.9213
20198,0.9242
20199,0.9045
20200,0.9121
20201,0.8805
20202,0.8925
20203,0.8764
20204,0.8695
20205,0.866
20206,0.8518
20207,0.8528
20208,0.8391
20209,0.8451
20210,0.8543
20211,0.8665
20212,0.8783
20213,0.8876
20214,0.8982
20215,0.9112
20216,0.9199
20217,0.9293
20218,0.9425
20219,0.9177
20220,0.9268
20221,0.8995
20222,0.8996
20223,0.8897
20224,0.8887
20225,0.8785
20226,0.8699
20227,0.8676
20228,0.8486
20229,0.8536
20230,0.8331
20231,0.847
20232,0.8555
20233,0.8681
20234,0.8804
20235,0.8888
20236,0.8999
20237,0.913
20238,0.9215
20239,0.9312
20240,0.9432
20241,0.9155
20242,0.9142
20243,0.9091
20244,0.9038
20245,0.8892
20246,0.8816
20247,0.879
20248,0.8659
20249,0.8674
20250,0.8527
20251,0.855
20252,0.8362
20253,0.8473
20254,0.8573
20255,0.869
20256,0.882
20257,0.8903
20258,0.9004
20259,0.9131
20260,0.9229
20261,0.931
20262,0.9451
20263,0.9152
20264,0.9179
20265,0.9065
20266,0.9011
20267,0.8906
20268,0.8791
20269,0.881
20270,0.86
20271,0.869
20272,0.8515
20273,0.8569
20274,0.8295
20275,0.8495
20276,0.8591
20277,0.8699
20278,0.8832
20279,0.8921
20280,0.9017
20281,0.9146
20282,0.9239
20283,0.933
20284,0.9343
20285,0.9222
20286,0.9135
20287,0.9076
20288,0.9013
20289,0.8925
20290,0.8818
20291,0.8822
20292,0.8582
20293,0.8701
20294,0.8455
20295,0.8454
20296,0.8376
20297,0.8509
20298,0.86
20299,0.8704
20300,0.8841
20301,0.8935
20302,0.9029
20303,0.9165
20304,0.9256
20305,0.9333
20306,0.9327
20307,0.9211
20308,0.9126
20309,0.9094
20310,0.8922
20311,0.8942
20312,0.8739
20313,0.8833
20314,0.8591
20315,0.8599
20316,0.8527
20317,0.8467
20318,0.8387
20319,0.8523
20320,0.8613
20321,0.8721
20322,0.8862
20323,0.8947
20324,0.9044
20325,0.9171
20326,0.9264
20327,0.9361
20328,0.9305
20329,0.9229
20330,0.9094
20331,0.9099
20332,0.8924
20333,0.8944
20334,0.8711
20335,0.8853
20336,0.8521
20337,0.8614
20338,0.8527
20339,0.843
20340,0.8388
20341,0.8535
20342,0.8628
20343,0.8738
20344,0.8869
20345,0.8964
20346,0.905
20347,0.9192
20348,0.9281
20349,0.937
20350,0.9246
20351,0.9245
20352,0.9044
20353,0.9108
20354,0.8913
20355,0.8961
20356,0.8689
20357,0.8801
20358,0.8622
20359,0.8535
20360,0.8541
20361,0.8443
20362,0.8411
20363,0.8551
20364,0.8642
20365,0.8742
20366,0.8883
20367,0.8974
20368,0.9076
20369,0.9195
20370,0.9288
20371,0.9374
20372,0.9269
20373,0.9257
20374,0.9019
20375,0.9116
20376,0.8857
20377,0.8843
20378,0.8781
20379,0.8732
20380,0.8636
20381,0.8544
20382,0.855
20383,0.8393
20384,0.8414
20385,0.8557
20386,0.8656
20387,0.8758
20388,0.8902
20389,0.8989
20390,0.9081
20391,0.9212
20392,0.9304
20393,0.9394
20394,0.9275
20395,0.927
20396,0.8996
20397,0.9125
20398,0.8851
20399,0.89
20400,0.8765
20401,0.8774
20402,0.8651
20403,0.8511
20404,0.8567
20405,0.842
20406,0.8441
20407,0.8579
20408,0.8676
20409,0.8772
20410,0.8904
20411,0.8999
20412,0.9099
20413,0.9224
20414,0.9327
20415,0.9403
20416,0.9182
20417,0.9281
20418,0.9001
20419,0.9035
20420,0.8919
20421,0.8852
20422,0.8774
20423,0.868
20424,0.8669
20425,0.8499
20426,0.8576
20427,0.8361
20428,0.8455
20429,0.8588
20430,0.8687
20431,0.8783
20432,0.8924
20433,0.9012
20434,0.9104
20435,0.9231
20436,0.9339
20437,0.9411
20438,0.9197
20439,0.9165
20440,0.9069
20441,0.9061
20442,0.8936
20443,0.8824
20444,0.879
20445,0.8659
20446,0.8676
20447,0.8458
20448,0.8585
20449,0.8322
20450,0.8458
20451,0.8604
20452,0.8703
20453,0.8796
20454,0.893
20455,0.9022
20456,0.9116
20457,0.9236
20458,0.9346
20459,0.9436
20460,0.9114
20461,0.9175
20462,0.9044
20463,0.8958
20464,0.8934
20465,0.88
20466,0.8794
20467,0.8628
20468,0.8692
20469,0.8453
20470,0.8506
20471,0.8403
20472,0.847
20473,0.8609
20474,0.8715
20475,0.88
20476,0.8933
20477,0.9037
20478,0.9124
20479,0.9245
20480,0.9358
20481,0.9352
20482,0.9203
20483,0.9165
20484,0.9059
20485,0.8917
20486,0.8954
20487,0.8778
20488,0.8803
20489,0.8622
20490,0.8707
20491,0.8428
20492,0.8478
20493,0.8398
20494,0.8481
20495,0.8615
20496,0.873
20497,0.8813
20498,0.8945
20499,0.9053
20500,0.9144
20501,0.9252
20502,0.9365
20503,0.9282
20504,0.9211
20505,0.9165
20506,0.9067
20507,0.8922
20508,0.8967
20509,0.8711
20510,0.8818
20511,0.8571
20512,0.8638
20513,0.8487
20514,0.8468
20515,0.8399
20516,0.8502
20517,0.8632
20518,0.8741
20519,0.883
20520,0.8958
20521,0.906
20522,0.916
20523,0.9267
20524,0.938
20525,0.9287
20526,0.923
20527,0.9081
20528,0.9088
20529,0.8929
20530,0.8976
20531,0.8701
20532,0.8735
20533,0.8666
20534,0.8602
20535,0.8513
20536,0.8487
20537,0.8422
20538,0.8501
20539,0.865
20540,0.8754
20541,0.8847
20542,0.8962
20543,0.908
20544,0.9173
20545,0.9276
20546,0.9395
20547,0.9362
20548,0.9224
20549,0.9055
20550,0.9101
20551,0.8848
20552,0.899
20553,0.8724
20554,0.8733
20555,0.8646
20556,0.8589
20557,0.8512
20558,0.8447
20559,0.8422
20560,0.8524
20561,0.8654
20562,0.8765
20563,0.8859
20564,0.8975
20565,0.9095
20566,0.918
20567,0.9287
20568,0.9411
20569,0.9246
20570,0.9247
20571,0.9052
20572,0.9118
20573,0.8842
20574,0.8884
20575,0.8761
20576,0.8727
20577,0.8653
20578,0.8556
20579,0.8524
20580,0.838
20581,0.8444
20582,0.8528
20583,0.8662
20584,0.8784
20585,0.8887
20586,0.8987
20587,0.911
20588,0.9194
20589,0.9295
20590,0.9426
20591,0.9194
20592,0.926
20593,0.9045
20594,0.9008
20595,0.892
20596,0.888
20597,0.8778
20598,0.8714
20599,0.8667
20600,0.8559
20601,0.8534
20602,0.8407
20603,0.8455
20604,0.8555
20605,0.8674
20606,0.8794
20607,0.8878
20608,0.8994
20609,0.912
20610,0.9206
20611,0.9305
20612,0.9432
20613,0.9196
20614,0.9261
20615,0.8984
20616,0.9009
20617,0.8891
20618,0.8865
20619,0.8785
20620,0.8666
20621,0.8682
20622,0.8518
20623,0.8545
20624,0.8368
20625,0.8466
20626,0.8569
20627,0.868
20628,0.8802
20629,0.8898
20630,0.9002
20631,0.9132
20632,0.9215
20633,0.9313
20634,0.9435
20635,0.9124
20636,0.9152
20637,0.9062
20638,0.9017
20639,0.8902
20640,0.8841
20641,0.8799
20642,0.8639
20643,0.8687
20644,0.8458
20645,0.8556
20646,0.8335
20647,0.8482
20648,0.8575
20649,0.8687
20650,0.8819
20651,0.8905
20652,0.9013
20653,0.9142
20654,0.9229
20655,0.9328
20656,0.9361
20657,0.9235
20658,0.9125
20659,0.9069
20660,0.8973
20661,0.8916
20662,0.8772
20663,0.8811
20664,0.8588
20665,0.8698
20666,0.8459
20667,0.8483
20668,0.8378
20669,0.8501
20670,0.8598
20671,0.8705
20672,0.8835
20673,0.8929
20674,0.9027
20675,0.9161
20676,0.9244
20677,0.934
20678,0.9365
20679,0.9209
20680,0.9151
20681,0.9086
20682,0.8975
20683,0.893
20684,0.8746
20685,0.8829
20686,0.858
20687,0.8615
20688,0.855
20689,0.8485
20690,0.839
20691,0.8512
20692,0.8612
20693,0.8719
20694,0.8849
20695,0.8943
20696,0.9036
20697,0.9174
20698,0.9256
20699,0.935
20700,0.9296
20701,0.9227
20702,0.921
20703,0.9258
20704,0.8998
20705,0.8944
20706,0.8777
20707,0.8842
20708,0.8531
20709,0.86
20710,0.8514
20711,0.8457
20712,0.84
20713,0.8531
20714,0.8627
20715,0.8732
20716,0.8863
20717,0.8957
20718,0.9071
20719,0.9184
20720,0.927
20721,0.9363
20722,0.9285
20723,0.9241
20724,0.9069
20725,0.9119
20726,0.889
20727,0.8953
20728,0.8732
20729,0.8759
20730,0.8619
20731,0.8581
20732,0.8529
20733,0.8408
20734,0.8413
20735,0.8546
20736,0.8643
20737,0.8741
20738,0.8877
20739,0.8973
20740,0.9065
20741,0.9193
20742,0.9299
20743,0.9373
20744,0.9284
20745,0.9249
20746,0.9018
20747,0.9117
20748,0.8843
20749,0.8852
20750,0.8803
20751,0.8772
20752,0.8626
20753,0.8566
20754,0.8546
20755,0.8403
20756,0.8425
20757,0.8561
20758,0.8659
20759,0.8755
20760,0.8891
20761,0.8986
20762,0.9082
20763,0.9202
20764,0.931
20765,0.9386
20766,0.9215
20767,0.9262
20768,0.9066
20769,0.9132
20770,0.8845
20771,0.8878
20772,0.8759
20773,0.8712
20774,0.8645
20775,0.8541
20776,0.8557
20777,0.8367
20778,0.8428
20779,0.8572
20780,0.8654
20781,0.8761
20782,0.89
20783,0.9001
20784,0.9082
20785,0.9219
20786,0.9314
20787,0.9397
20788,0.9193
20789,0.9275
20790,0.8999
20791,0.9081
20792,0.8919
20793,0.8832
20794,0.8773
20795,0.8712
20796,0.8653
20797,0.853
20798,0.8566
20799,0.8347
20800,0.8441
20801,0.8581
20802,0.8672
20803,0.8776
20804,0.8906
20805,0.9008
20806,0.9097
20807,0.9233
20808,0.9328
20809,0.9418
20810,0.9174
20811,0.9223
20812,0.9061
20813,0.9029
20814,0.8929
20815,0.8827
20816,0.8776
20817,0.8672
20818,0.8671
20819,0.8489
20820,0.8586
20821,0.8382
20822,0.8454
20823,0.8597
20824,0.8699
20825,0.8787
20826,0.8925
20827,0.9022
20828,0.9106
20829,0.9242
20830,0.934
20831,0.9423
20832,0.9131
20833,0.9188
20834,0.9042
20835,0.903
20836,0.8931
20837,0.8825
20838,0.8789
20839,0.8639
20840,0.8686
20841,0.8443
20842,0.8593
20843,0.8311
20844,0.8465
20845,0.8606
20846,0.8704
20847,0.8798
20848,0.8937
20849,0.9035
20850,0.912
20851,0.9234
20852,0.9352
20853,0.9291
20854,0.9209
20855,0.9184
20856,0.9051
20857,0.8923
20858,0.8943
20859,0.8815
20860,0.8797
20861,0.864
20862,0.8696
20863,0.8429
20864,0.8486
20865,0.8382
20866,0.8476
20867,0.861
20868,0.8711
20869,0.8812
20870,0.8946
20871,0.9039
20872,0.913
20873,0.9249
20874,0.9357
20875,0.9355
20876,0.9202
20877,0.9112
20878,0.906
20879,0.8937
20880,0.8969
20881,0.873
20882,0.8811
20883,0.8583
20884,0.8589
20885,0.8497
20886,0.8467
20887,0.8387
20888,0.8486
20889,0.8626
20890,0.8725
20891,0.8817
20892,0.8951
20893,0.9054
20894,0.9141
20895,0.9262
20896,0.9373
20897,0.9295
20898,0.9209
20899,0.9102
20900,0.9076
20901,0.8871
20902,0.8968
20903,0.8736
20904,0.8817
20905,0.8575
20906,0.8593
20907,0.8485
20908,0.8472
20909,0.8407
20910,0.85
20911,0.8633
20912,0.8743
20913,0.8836
20914,0.8956
20915,0.9069
20916,0.9153
20917,0.9266
20918,0.9387
20919,0.9253
20920,0.9223
20921,0.9068
20922,0.9091
20923,0.8876
20924,0.8982
20925,0.8731
20926,0.8748
20927,0.8635
20928,0.856
20929,0.8496
20930,0.8401
20931,0.8407
20932,0.851
20933,0.8645
20934,0.8747
20935,0.8841
20936,0.8967
20937,0.9081
20938,0.9171
20939,0.9276
20940,0.9396
20941,0.9242
20942,0.923
20943,0.9044
20944,0.9102
20945,0.8822
20946,0.8902
20947,0.8773
20948,0.8728
20949,0.8638
20950,0.8551
20951,0.8519
20952,0.8392
20953,0.8429
20954,0.8527
20955,0.8655
20956,0.8766
20957,0.8859
20958,0.8977
20959,0.9097
20960,0.9176
20961,0.9285
20962,0.9403
20963,0.9201
20964,0.9239
20965,0.9051
20966,0.9119
20967,0.8841
20968,0.889
20969,0.876
20970,0.8653
20971,0.8655
20972,0.8546
20973,0.8531
20974,0.8366
20975,0.8447
20976,0.8542
20977,0.8658
20978,0.8788
20979,0.8878
20980,0.8985
20981,0.9116
20982,0.9195
20983,0.9298
20984,0.9424
20985,0.9135
20986,0.9253
20987,0.9026
20988,0.8998
20989,0.8884
20990,0.8848
20991,0.8777
20992,0.8639
20993,0.8674
20994,0.8502
20995,0.854
20996,0.8389
20997,0.8461
20998,0.8555
20999,0.8678
21000,0.8799
21001,0.8892
21002,0.8997
21003,0.9116
21004,0.9211
21005,0.9296
21006,0.9439
21007,0.9134
21008,0.9126
21009,0.908
21010,0.9032
21011,0.8896
21012,0.8865
21013,0.8794
21014,0.8635
21015,0.8683
21016,0.8505
21017,0.8554
21018,0.8326
21019,0.8478
21020,0.8573
21021,0.8687
21022,0.8815
21023,0.8908
21024,0.9012
21025,0.9141
21026,0.9227
21027,0.9319
21028,0.9452
21029,0.9153
21030,0.9155
21031,0.9061
21032,0.8966
21033,0.8903
21034,0.8815
21035,0.8805
21036,0.8621
21037,0.8696
21038,0.8496
21039,0.846
21040,0.8402
21041,0.851
21042,0.8592
21043,0.8705
21044,0.8829
21045,0.8911
21046,0.9026
21047,0.9159
21048,0.9236
21049,0.9334
21050,0.9335
21051,0.9216
21052,0.9178
21053,0.9084
21054,0.8953
21055,0.8924
21056,0.88
21057,0.8818
21058,0.8589
21059,0.8709
21060,0.8437
21061,0.8488
21062,0.8382
21063,0.8515
21064,0.8597
21065,0.8708
21066,0.8846
21067,0.8935
21068,0.9036
21069,0.9165
21070,0.9242
21071,0.9344
21072,0.9306
21073,0.9223
21074,0.9094
21075,0.9096
21076,0.8975
21077,0.894
21078,0.8756
21079,0.8833
21080,0.8576
21081,0.8603
21082,0.8513
21083,0.8498
21084,0.8393
21085,0.8525
21086,0.8613
21087,0.8719
21088,0.8857
21089,0.8954
21090,0.9048
21091,0.9177
21092,0.927
21093,0.9355
21094,0.9288
21095,0.9225
21096,0.906
21097,0.91
21098,0.8918
21099,0.8954
21100,0.873
21101,0.8741
21102,0.8645
21103,0.8635
21104,0.8525
21105,0.8413
21106,0.8398
21107,0.8538
21108,0.8622
21109,0.8731
21110,0.887
21111,0.8955
21112,0.906
21113,0.9185
21114,0.929
21115,0.9365
21116,0.9352
21117,0.9212
21118,0.9023
21119,0.9109
21120,0.8951
21121,0.8959
21122,0.8708
21123,0.877
21124,0.861
21125,0.8544
21126,0.8518
21127,0.8401
21128,0.8397
21129,0.8548
21130,0.8632
21131,0.8737
21132,0.8874
21133,0.8971
21134,0.9058
21135,0.9194
21136,0.9287
21137,0.9374
21138,0.9215
21139,0.9241
21140,0.9018
21141,0.9108
21142,0.8833
21143,0.8846
21144,0.8749
21145,0.8708
21146,0.8625
21147,0.8564
21148,0.8544
21149,0.8353
21150,0.8416
21151,0.8557
21152,0.8651
21153,0.8753
21154,0.8882
21155,0.8969
21156,0.9062
21157,0.9193
21158,0.9302
21159,0.9382
21160,0.9204
21161,0.9252
21162,0.8954
21163,0.9029
21164,0.8932
21165,0.8841
21166,0.8748
21167,0.8689
21168,0.8635
21169,0.8517
21170,0.8543
21171,0.8333
21172,0.8424
21173,0.8557
21174,0.8658
21175,0.8755
21176,0.8888
21177,0.8985
21178,0.9073
21179,0.92
21180,0.9299
21181,0.9384
21182,0.9152
21183,0.9264
21184,0.8911
21185,0.9026
21186,0.8895
21187,0.8832
21188,0.8757
21189,0.8657
21190,0.8643
21191,0.8488
21192,0.8556
21193,0.8327
21194,0.8431
21195,0.8566
21196,0.8667
21197,0.8759
21198,0.8891
21199,0.8989
21200,0.9083
21201,0.9207
21202,0.9306
21203,0.9395
21204,0.9114
21205,0.9167
21206,0.9017
21207,0.8962
21208,0.8905
21209,0.8808
21210,0.8756
21211,0.8633
21212,0.8656
21213,0.842
21214,0.856
21215,0.8309
21216,0.8434
21217,0.8573
21218,0.8682
21219,0.877
21220,0.89
21221,0.9005
21222,0.909
21223,0.9211
21224,0.9321
21225,0.9308
21226,0.9205
21227,0.915
21228,0.9028
21229,0.8906
21230,0.8921
21231,0.8749
21232,0.8767
21233,0.8592
21234,0.8666
21235,0.8402
21236,0.8486
21237,0.8361
21238,0.8442
21239,0.8576
21240,0.8686
21241,0.8783
21242,0.8906
21243,0.9024
21244,0.9104
21245,0.9222
21246,0.9336
21247,0.9283
21248,0.9172
21249,0.9166
21250,0.9036
21251,0.888
21252,0.8925
21253,0.8704
21254,0.8782
21255,0.8618
21256,0.8561
21257,0.8494
21258,0.8477
21259,0.8362
21260,0.8462
21261,0.8597
21262,0.87
21263,0.8791
21264,0.8912
21265,0.9028
21266,0.9111
21267,0.9228
21268,0.9349
21269,0.9255
21270,0.9173
21271,0.9115
21272,0.9046
21273,0.8874
21274,0.8938
21275,0.87
21276,0.8791
21277,0.857
21278,0.8631
21279,0.8459
21280,0.8438
21281,0.8376
21282,0.848
21283,0.8602
21284,0.8718
21285,0.8807
21286,0.8926
21287,0.9046
21288,0.913
21289,0.9225
21290,0.9361
21291,0.9226
21292,0.9183
21293,0.9074
21294,0.9062
21295,0.8859
21296,0.895
21297,0.8671
21298,0.8696
21299,0.8614
21300,0.8545
21301,0.8469
21302,0.8413
21303,0.8386
21304,0.8492
21305,0.8607
21306,0.8729
21307,0.8817
21308,0.8931
21309,0.9049
21310,0.9147
21311,0.9236
21312,0.9378
21313,0.9193
21314,0.9197
21315,0.8995
21316,0.9072
21317,0.8822
21318,0.8867
21319,0.8769
21320,0.869
21321,0.8611
21322,0.8545
21323,0.849
21324,0.8405
21325,0.8407
21326,0.8497
21327,0.8614
21328,0.875
21329,0.8839
21330,0.8939
21331,0.9072
21332,0.9149
21333,0.9256
21334,0.9383
21335,0.9224
21336,0.9208
21337,0.9011
21338,0.9091
21339,0.877
21340,0.8853
21341,0.8735
21342,0.8686
21343,0.8623
21344,0.8525
21345,0.8505
21346,0.8338
21347,0.8426
21348,0.8518
21349,0.8635
21350,0.8765
21351,0.8857
21352,0.8956
21353,0.9092
21354,0.9192
21355,0.9278
21356,0.9401
21357,0.9157
21358,0.9225
21359,0.902
21360,0.9023
21361,0.887
21362,0.884
21363,0.8757
21364,0.8629
21365,0.8633
21366,0.8497
21367,0.8518
21368,0.8331
21369,0.8438
21370,0.8532
21371,0.8639
21372,0.8776
21373,0.8865
21374,0.896
21375,0.9088
21376,0.9186
21377,0.9282
21378,0.9404
21379,0.9107
21380,0.9176
21381,0.9069
21382,0.9004
21383,0.8863
21384,0.8771
21385,0.8767
21386,0.8636
21387,0.8655
21388,0.8482
21389,0.8528
21390,0.8283
21391,0.8448
21392,0.8546
21393,0.8651
21394,0.8788
21395,0.8877
21396,0.8977
21397,0.9106
21398,0.9196
21399,0.9285
21400,0.9408
21401,0.9134
21402,0.912
21403,0.9016
21404,0.895
21405,0.8876
21406,0.8783
21407,0.8783
21408,0.8597
21409,0.8647
21410,0.844
21411,0.8545
21412,0.8271
21413,0.8463
21414,0.856
21415,0.8663
21416,0.8795
21417,0.8894
21418,0.8986
21419,0.9116
21420,0.9209
21421,0.9294
21422,0.9349
21423,0.9192
21424,0.9088
21425,0.9035
21426,0.8931
21427,0.8891
21428,0.8749
21429,0.8794
21430,0.8591
21431,0.8658
21432,0.8404
21433,0.8448
21434,0.8334
21435,0.8473
21436,0.8574
21437,0.8669
21438,0.8803
21439,0.8895
21440,0.8995
21441,0.9124
21442,0.9223
21443,0.9301
21444,0.9351
21445,0.9173
21446,0.9066
21447,0.903
21448,0.8883
21449,0.8914
21450,0.8701
21451,0.8797
21452,0.8542
21453,0.8579
21454,0.8492
21455,0.841
21456,0.8343
21457,0.8484
21458,0.8581
21459,0.8675
21460,0.8811
21461,0.8913
21462,0.9005
21463,0.9126
21464,0.9232
21465,0.9312
21466,0.9264
21467,0.9189
21468,0.9055
21469,0.9028
21470,0.8913
21471,0.8912
21472,0.8673
21473,0.8808
21474,0.8497
21475,0.8551
21476,0.8478
21477,0.8415
21478,0.8348
21479,0.8487
21480,0.859
21481,0.8682
21482,0.8815
21483,0.8917
21484,0.9005
21485,0.9126
21486,0.9239
21487,0.9323
21488,0.9216
21489,0.9198
21490,0.9012
21491,0.9039
21492,0.8865
21493,0.8918
21494,0.8671
21495,0.8712
21496,0.8578
21497,0.8539
21498,0.8472
21499,0.8356
21500,0.8358
21501,0.8498
21502,0.8605
21503,0.8693
21504,0.8822
21505,0.893
21506,0.9019
21507,0.9134
21508,0.9255
21509,0.933
21510,0.9173
21511,0.9213
21512,0.8981
21513,0.9051
21514,0.8837
21515,0.8851
21516,0.929
21517,0.9098
21518,0.8592
21519,0.8498
21520,0.8497
21521,0.833
21522,0.8369
21523,0.8504
21524,0.8614
21525,0.8712
21526,0.8827
21527,0.8947
21528,0.9031
21529,0.914
21530,0.9263
21531,0.9346
21532,0.9138
21533,0.9221
21534,0.8988
21535,0.9062
21536,0.8785
21537,0.8838
21538,0.8705
21539,0.8669
21540,0.86
21541,0.849
21542,0.8504
21543,0.832
21544,0.8383
21545,0.8514
21546,0.8628
21547,0.8718
21548,0.8835
21549,0.8957
21550,0.9045
21551,0.9145
21552,0.9273
21553,0.9357
21554,0.9098
21555,0.9233
21556,0.8951
21557,0.8966
21558,0.8869
21559,0.8835
21560,0.8712
21561,0.8617
21562,0.8618
21563,0.8455
21564,0.8512
21565,0.8352
21566,0.8392
21567,0.8516
21568,0.8644
21569,0.8729
21570,0.8839
21571,0.8974
21572,0.9057
21573,0.9152
21574,0.9288
21575,0.9369
21576,0.9117
21577,0.9119
21578,0.9018
21579,0.8934
21580,0.8871
21581,0.878
21582,0.8726
21583,0.8642
21584,0.8628
21585,0.8403
21586,0.8522
21587,0.826
21588,0.8407
21589,0.8524
21590,0.8656
21591,0.8742
21592,0.8849
21593,0.8982
21594,0.9071
21595,0.9163
21596,0.9288
21597,0.9377
21598,0.9044
21599,0.9147
21600,0.8994
21601,0.8893
21602,0.8883
21603,0.8723
21604,0.8739
21605,0.8594
21606,0.8646
21607,0.8382
21608,0.8453
21609,0.8363
21610,0.8425
21611,0.8532
21612,0.865
21613,0.8759
21614,0.8859
21615,0.8993
21616,0.9077
21617,0.9171
21618,0.93
21619,0.9267
21620,0.9133
21621,0.9086
21622,0.901
21623,0.8916
21624,0.888
21625,0.8708
21626,0.8752
21627,0.8572
21628,0.8667
21629,0.8421
21630,0.8427
21631,0.835
21632,0.844
21633,0.8542
21634,0.8677
21635,0.8781
21636,0.8874
21637,0.9
21638,0.9093
21639,0.9188
21640,0.9313
21641,0.9248
21642,0.9145
21643,0.9044
21644,0.903
21645,0.8911
21646,0.8891
21647,0.8699
21648,0.8767
21649,0.8522
21650,0.8561
21651,0.8442
21652,0.8423
21653,0.8358
21654,0.845
21655,0.8554
21656,0.8694
21657,0.8794
21658,0.8882
21659,0.9014
21660,0.9113
21661,0.9192
21662,0.932
21663,0.9244
21664,0.916
21665,0.899
21666,0.9047
21667,0.8866
21668,0.8902
21669,0.8694
21670,0.8656
21671,0.8586
21672,0.8568
21673,0.8452
21674,0.835
21675,0.8376
21676,0.8469
21677,0.8565
21678,0.871
21679,0.8801
21680,0.8895
21681,0.9024
21682,0.9124
21683,0.9208
21684,0.9336
21685,0.9262
21686,0.9171
21687,0.9003
21688,0.9064
21689,0.8763
21690,0.8918
21691,0.8635
21692,0.8707
21693,0.8556
21694,0.8536
21695,0.8465
21696,0.8333
21697,0.8381
21698,0.8487
21699,0.8587
21700,0.8731
21701,0.8825
21702,0.8903
21703,0.9039
21704,0.9141
21705,0.922
21706,0.9344
21707,0.9156
21708,0.9182
21709,0.901
21710,0.9068
21711,0.8767
21712,0.8839
21713,0.8725
21714,0.8643
21715,0.8572
21716,0.855
21717,0.8478
21718,0.8301
21719,0.8401
21720,0.8504
21721,0.8594
21722,0.8724
21723,0.8829
21724,0.8916
21725,0.9041
21726,0.9153
21727,0.9231
21728,0.9344
21729,0.9199
21730,0.92
21731,0.895
21732,0.902
21733,0.8873
21734,0.8785
21735,0.8727
21736,0.8654
21737,0.8586
21738,0.8501
21739,0.8496
21740,0.8295
21741,0.8409
21742,0.8517
21743,0.8607
21744,0.8734
21745,0.8848
21746,0.8939
21747,0.9051
21748,0.9173
21749,0.9255
21750,0.9358
21751,0.9128
21752,0.9218
21753,0.8886
21754,0.8981
21755,0.8848
21756,0.8804
21757,0.8746
21758,0.8626
21759,0.8595
21760,0.8917
21761,0.9163
21762,0.8374
21763,0.8427
21764,0.8534
21765,0.8622
21766,0.8743
21767,0.8868
21768,0.8953
21769,0.9068
21770,0.9187
21771,0.9274
21772,0.9363
21773,0.9116
21774,0.9122
21775,0.899
21776,0.8954
21777,0.8868
21778,0.8781
21779,0.8754
21780,0.8593
21781,0.8622
21782,0.8444
21783,0.8528
21784,0.8279
21785,0.8427
21786,0.8556
21787,0.8642
21788,0.8758
21789,0.8886
21790,0.8968
21791,0.9072
21792,0.9202
21793,0.9287
21794,0.9277
21795,0.9205
21796,0.9107
21797,0.8996
21798,0.8924
21799,0.8877
21800,0.9099
21801,0.9399
21802,0.8765
21803,0.863
21804,0.8436
21805,0.8452
21806,0.8327
21807,0.844
21808,0.8568
21809,0.8659
21810,0.8767
21811,0.8901
21812,0.8986
21813,0.9086
21814,0.9212
21815,0.9302
21816,0.9235
21817,0.917
21818,0.9065
21819,0.9011
21820,0.8923
21821,0.8894
21822,0.8683
21823,0.8776
21824,0.8545
21825,0.8544
21826,0.8487
21827,0.8439
21828,0.833
21829,0.8452
21830,0.8583
21831,0.8671
21832,0.8776
21833,0.891
21834,0.8996
21835,0.9095
21836,0.9221
21837,0.9316
21838,0.9239
21839,0.9176
21840,0.9038
21841,0.9026
21842,0.8886
21843,0.8913
21844,0.8684
21845,0.879
21846,0.8522
21847,0.8535
21848,0.8452
21849,0.8459
21850,0.8353
21851,0.8455
21852,0.8597
21853,0.8688
21854,0.8786
21855,0.8925
21856,0.9015
21857,0.9107
21858,0.9236
21859,0.9335
21860,0.9247
21861,0.9197
21862,0.9018
21863,0.9031
21864,0.8825
21865,0.8932
21866,0.868
21867,0.8721
21868,0.86
21869,0.8545
21870,0.8463
21871,0.8404
21872,0.8367
21873,0.8472
21874,0.8614
21875,0.8706
21876,0.8808
21877,0.8938
21878,0.9029
21879,0.9126
21880,0.9249
21881,0.9342
21882,0.9203
21883,0.9205
21884,0.9048
21885,0.9053
21886,0.8813
21887,0.8815
21888,0.8752
21889,0.8688
21890,0.8606
21891,0.8532
21892,0.8474
21893,0.8377
21894,0.8378
21895,0.8485
21896,0.8619
21897,0.8719
21898,0.8816
21899,0.8946
21900,0.9045
21901,0.9129
21902,0.9254
21903,0.936
21904,0.9146
21905,0.9218
21906,0.8981
21907,0.9067
21908,0.882
21909,0.8861
21910,0.8713
21911,0.8636
21912,0.8618
21913,0.8473
21914,0.8484
21915,0.8407
21916,0.84
21917,0.8498
21918,0.8643
21919,0.8737
21920,0.8832
21921,0.8962
21922,0.907
21923,0.915
21924,0.9269
21925,0.9372
21926,0.9172
21927,0.9222
21928,0.8978
21929,0.8966
21930,0.8863
21931,0.8832
21932,0.8728
21933,0.8661
21934,0.8637
21935,0.847
21936,0.8498
21937,0.8334
21938,0.8412
21939,0.8506
21940,0.8651
21941,0.8749
21942,0.8839
21943,0.8966
21944,0.9075
21945,0.9156
21946,0.9272
21947,0.9393
21948,0.9079
21949,0.9101
21950,0.9058
21951,0.8983
21952,0.8854
21953,0.8822
21954,0.8742
21955,0.8629
21956,0.8643
21957,0.8501
21958,0.8514
21959,0.8286
21960,0.8425
21961,0.8522
21962,0.8664
21963,0.8763
21964,0.8854
21965,0.8976
21966,0.9089
21967,0.9176
21968,0.9278
21969,0.94
21970,0.9056
21971,0.9154
21972,0.902
21973,0.8968
21974,0.887
21975,0.8735
21976,0.8755
21977,0.8541
21978,0.8652
21979,0.8443
21980,0.8522
21981,0.8265
21982,0.844
21983,0.8536
21984,0.8667
21985,0.8777
21986,0.8848
21987,0.8989
21988,0.9095
21989,0.9189
21990,0.9295
21991,0.9299
21992,0.9169
21993,0.9052
21994,0.9026
21995,0.8913
21996,0.8877
21997,0.8732
21998,0.877
21999,0.8541
22000,0.8658
22001,0.8383
22002,0.8444
22003,0.834
22004,0.8456
22005,0.8551
22006,0.868
22007,0.88
22008,0.8879
22009,0.8996
22010,0.9112
22011,0.92
22012,0.9296
22013,0.9342
22014,0.9156
22015,0.9044
22016,0.9055
22017,0.8869
22018,0.8889
22019,0.8773
22020,0.8788
22021,0.8503
22022,0.8594
22023,0.8485
22024,0.8399
22025,0.8355
22026,0.8472
22027,0.8567
22028,0.8684
22029,0.8806
22030,0.8902
22031,0.8995
22032,0.913
22033,0.9208
22034,0.931
22035,0.9246
22036,0.9204
22037,0.9089
22038,0.9057
22039,0.8844
22040,0.8899
22041,0.8679
22042,0.8798
22043,0.8519
22044,0.8583
22045,0.8471
22046,0.8376
22047,0.8363
22048,0.8486
22049,0.8582
22050,0.8692
22051,0.8826
22052,0.8915
22053,0.9013
22054,0.9147
22055,0.923
22056,0.9321
22057,0.9233
22058,0.9193
22059,0.9014
22060,0.9074
22061,0.8905
22062,0.8915
22063,0.8656
22064,0.8707
22065,0.857
22066,0.8526
22067,0.8493
22068,0.8388
22069,0.8373
22070,0.8498
22071,0.8596
22072,0.8705
22073,0.8842
22074,0.8926
22075,0.9027
22076,0.9159
22077,0.9245
22078,0.9325
22079,0.9203
22080,0.9212
22081,0.8969
22082,0.9078
22083,0.9493
22084,0.9551
22085,0.8741
22086,0.869
22087,0.8587
22088,0.8502
22089,0.8501
22090,0.8374
22091,0.8381
22092,0.852
22093,0.861
22094,0.8709
22095,0.8848
22096,0.894
22097,0.903
22098,0.9163
22099,0.9256
22100,0.9342
22101,0.9213
22102,0.9221
22103,0.8958
22104,0.9085
22105,0.8763
22106,0.8801
22107,0.8714
22108,0.8693
22109,0.8593
22110,0.8477
22111,0.8517
22112,0.8321
22113,0.8395
22114,0.8537
22115,0.8627
22116,0.8726
22117,0.8859
22118,0.8954
22119,0.9043
22120,0.9179
22121,0.9267
22122,0.9355
22123,0.9112
22124,0.9231
22125,0.8961
22126,0.9032
22127,0.8867
22128,0.883
22129,0.8729
22130,0.8619
22131,0.861
22132,0.8464
22133,0.8527
22134,0.8297
22135,0.8402
22136,0.8542
22137,0.8635
22138,0.8733
22139,0.8862
22140,0.8965
22141,0.9061
22142,0.9185
22143,0.9279
22144,0.9366
22145,0.9097
22146,0.9115
22147,0.9011
22148,0.898
22149,0.888
22150,0.8821
22151,0.8742
22152,0.8604
22153,0.8626
22154,0.841
22155,0.8543
22156,0.8301
22157,0.8409
22158,0.8549
22159,0.8653
22160,0.8745
22161,0.8881
22162,0.8978
22163,0.9068
22164,0.9193
22165,0.929
22166,0.9372
22167,0.9114
22168,0.9139
22169,0.8995
22170,0.8919
22171,0.8893
22172,0.8752
22173,0.8748
22174,0.8606
22175,0.8641
22176,0.8413
22177,0.8458
22178,0.8363
22179,0.8426
22180,0.8559
22181,0.8664
22182,0.8755
22183,0.8893
22184,0.8993
22185,0.9077
22186,0.9205
22187,0.9305
22188,0.9304
22189,0.9784
22190,0.9565
22191,0.9009
22192,0.8887
22193,0.8907
22194,0.87
22195,0.8757
22196,0.8608
22197,0.8651
22198,0.8355
22199,0.8467
22200,0.8334
22201,0.8431
22202,0.8572
22203,0.8681
22204,0.877
22205,0.8895
22206,0.9003
22207,0.9088
22208,0.9208
22209,0.9317
22210,0.923
22211,0.9159
22212,0.9109
22213,0.9027
22214,0.8863
22215,0.8911
22216,0.8671
22217,0.8767
22218,0.8525
22219,0.8596
22220,0.8447
22221,0.8425
22222,0.8351
22223,0.8449
22224,0.8584
22225,0.8689
22226,0.8781
22227,0.8898
22228,0.902
22229,0.9103
22230,0.9219
22231,0.9334
22232,0.9223
22233,0.917
22234,0.9035
22235,0.9032
22236,0.887
22237,0.8929
22238,0.8656
22239,0.868
22240,0.8613
22241,0.8561
22242,0.845
22243,0.8374
22244,0.8372
22245,0.8463
22246,0.86
22247,0.8704
22248,0.8791
22249,0.8918
22250,0.9027
22251,0.9115
22252,0.923
22253,0.9347
22254,0.9261
22255,0.9174
22256,0.9034
22257,0.9051
22258,0.8823
22259,0.8937
22260,0.8637
22261,0.8722
22262,0.8595
22263,0.8519
22264,0.8461
22265,0.8397
22266,0.8387
22267,0.8475
22268,0.861
22269,0.8721
22270,0.8818
22271,0.8922
22272,0.9042
22273,0.9132
22274,0.9243
22275,0.9361
22276,0.9186
22277,0.9194
22278,0.9052
22279,0.9065
22280,0.8766
22281,0.8873
22282,0.8722
22283,0.8649
22284,0.861
22285,0.8534
22286,0.8475
22287,0.8327
22288,0.8395
22289,0.8492
22290,0.8618
22291,0.8736
22292,0.883
22293,0.8933
22294,0.9058
22295,0.9145
22296,0.9241
22297,0.9374
22298,0.9113
22299,0.92
22300,0.8989
22301,0.8989
22302,0.887
22303,0.8836
22304,0.8725
22305,0.8632
22306,0.8622
22307,0.8459
22308,0.8492
22309,0.8317
22310,0.8409
22311,0.8496
22312,0.8618
22313,0.8752
22314,0.8834
22315,0.8942
22316,0.9075
22317,0.9158
22318,0.9258
22319,0.9378
22320,0.9111
22321,0.922
22322,0.8987
22323,0.8966
22324,0.8842
22325,0.8842
22326,0.874
22327,0.8612
22328,0.8627
22329,0.8474
22330,0.8508
22331,0.8316
22332,0.8425
22333,0.8523
22334,0.8631
22335,0.8765
22336,0.8854
22337,0.8964
22338,0.909
22339,0.9168
22340,0.9263
22341,0.9395
22342,0.9122
22343,0.9117
22344,0.9012
22345,0.8966
22346,0.8853
22347,0.8764
22348,0.8745
22349,0.8616
22350,0.8634
22351,0.8425
22352,0.8522
22353,0.8269
22354,0.8446
22355,0.8535
22356,0.8642
22357,0.878
22358,0.8874
22359,0.8972
22360,0.9098
22361,0.9189
22362,0.9274
22363,0.9262
22364,0.9194
22365,0.9145
22366,0.9023
22367,0.894
22368,0.8871
22369,0.8816
22370,0.8772
22371,0.8569
22372,0.8646
22373,0.8414
22374,0.8405
22375,0.8352
22376,0.846
22377,0.8539
22378,0.8656
22379,0.8798
22380,0.8882
22381,0.898
22382,0.9112
22383,0.9199
22384,0.9289
22385,0.9322
22386,0.9157
22387,0.9068
22388,0.9034
22389,0.8918
22390,0.8886
22391,0.8736
22392,0.8785
22393,0.8547
22394,0.857
22395,0.8505
22396,0.8417
22397,0.8332
22398,0.8475
22399,0.8569
22400,0.8667
22401,0.8809
22402,0.8901
22403,0.8988
22404,0.9126
22405,0.9205
22406,0.9304
22407,0.9284
22408,0.9174
22409,0.9044
22410,0.9041
22411,0.8844
22412,0.8903
22413,0.8718
22414,0.8795
22415,0.8498
22416,0.8541
22417,0.8473
22418,0.8425
22419,0.8343
22420,0.8485
22421,0.8581
22422,0.8673
22423,0.8814
22424,0.8902
22425,0.8998
22426,0.9125
22427,0.9222
22428,0.9311
22429,0.9246
22430,0.9183
22431,0.9029
22432,0.9049
22433,0.884
22434,0.891
22435,0.8663
22436,0.8734
22437,0.858
22438,0.8507
22439,0.8483
22440,0.8385
22441,0.8353
22442,0.8499
22443,0.8597
22444,0.8685
22445,0.8824
22446,0.8921
22447,0.9013
22448,0.9141
22449,0.9235
22450,0.9323
22451,0.9179
22452,0.9197
22453,0.902
22454,0.9056
22455,0.8827
22456,0.8784
22457,0.8744
22458,0.871
22459,0.8585
22460,0.8524
22461,0.8501
22462,0.8358
22463,0.8372
22464,0.8504
22465,0.8606
22466,0.8698
22467,0.8837
22468,0.8936
22469,0.9021
22470,0.9147
22471,0.9255
22472,0.9337
22473,0.9201
22474,0.9215
22475,0.8965
22476,0.9063
22477,0.8839
22478,0.8826
22479,0.8705
22480,0.8673
22481,0.8589
22482,0.8499
22483,0.8512
22484,0.8353
22485,0.8382
22486,0.8524
22487,0.8622
22488,0.8722
22489,0.8843
22490,0.8949
22491,0.9037
22492,0.9157
22493,0.9267
22494,0.9354
22495,0.915
22496,0.923
22497,0.8948
22498,0.8964
22499,0.8878
22500,0.8835
22501,0.8717
22502,0.8649
22503,0.8614
22504,0.8429
22505,0.8519
22506,0.8334
22507,0.8394
22508,0.8528
22509,0.8635
22510,0.8727
22511,0.8858
22512,0.8961
22513,0.905
22514,0.9168
22515,0.9282
22516,0.9362
22517,0.9126
22518,0.9164
22519,0.9012
22520,0.8936
22521,0.8877
22522,0.8804
22523,0.8728
22524,0.8645
22525,0.8625
22526,0.8465
22527,0.8529
22528,0.8301
22529,0.8408
22530,0.8542
22531,0.8645
22532,0.8741
22533,0.8863
22534,0.8974
22535,0.9063
22536,0.9176
22537,0.9293
22538,0.9377
22539,0.9073
22540,0.9153
22541,0.9
22542,0.8929
22543,0.8891
22544,0.8738
22545,0.8738
22546,0.8601
22547,0.8642
22548,0.8417
22549,0.854
22550,0.8279
22551,0.8416
22552,0.8554
22553,0.8659
22554,0.8752
22555,0.8871
22556,0.8996
22557,0.9081
22558,0.9185
22559,0.931
22560,0.9263
22561,0.916
22562,0.9159
22563,0.9011
22564,0.8948
22565,0.8909
22566,0.8774
22567,0.8758
22568,0.8598
22569,0.8651
22570,0.8402
22571,0.8497
22572,0.8336
22573,0.8439
22574,0.8563
22575,0.8663
22576,0.8764
22577,0.889
22578,0.9
22579,0.9101
22580,0.9201
22581,0.9325
22582,0.9291
22583,0.9172
22584,0.9075
22585,0.9032
22586,0.9385
22587,0.9858
22588,0.8989
22589,0.8761
22590,0.8553
22591,0.8547
22592,0.8457
22593,0.8407
22594,0.8349
22595,0.8453
22596,0.8576
22597,0.8707
22598,0.8785
22599,0.8896
22600,0.9023
22601,0.9109
22602,0.921
22603,0.9337
22604,0.9258
22605,0.9163
22606,0.9087
22607,0.9043
22608,0.8844
22609,0.893
22610,0.8666
22611,0.8782
22612,0.8573
22613,0.8594
22614,0.8454
22615,0.8384
22616,0.8372
22617,0.8478
22618,0.8588
22619,0.872
22620,0.8804
22621,0.8911
22622,0.9036
22623,0.9128
22624,0.9222
22625,0.9355
22626,0.9214
22627,0.9178
22628,0.8996
22629,0.9064
22630,0.8869
22631,0.8943
22632,0.8654
22633,0.8682
22634,0.8599
22635,0.8572
22636,0.8468
22637,0.84
22638,0.839
22639,0.8488
22640,0.8601
22641,0.8729
22642,0.8825
22643,0.8925
22644,0.9059
22645,0.9145
22646,0.924
22647,0.9372
22648,0.9225
22649,0.9198
22650,0.9015
22651,0.9078
22652,0.8826
22653,0.8872
22654,0.8749
22655,0.8666
22656,0.8603
22657,0.8527
22658,0.849
22659,0.8385
22660,0.8408
22661,0.8508
22662,0.8612
22663,0.8745
22664,0.8832
22665,0.8935
22666,0.9074
22667,0.9156
22668,0.9246
22669,0.9373
22670,0.9191
22671,0.9206
22672,0.8981
22673,0.9084
22674,0.8758
22675,0.8828
22676,0.8732
22677,0.8664
22678,0.8608
22679,0.8488
22680,0.8497
22681,0.8321
22682,0.8412
22683,0.8517
22684,0.8621
22685,0.8759
22686,0.8849
22687,0.8948
22688,0.9076
22689,0.9168
22690,0.9259
22691,0.938
22692,0.9133
22693,0.9217
22694,0.8945
22695,0.8993
22696,0.8846
22697,0.8824
22698,0.8757
22699,0.8655
22700,0.8627
22701,0.8474
22702,0.8511
22703,0.8295
22704,0.8437
22705,0.8526
22706,0.8632
22707,0.8769
22708,0.8864
22709,0.8956
22710,0.9088
22711,0.9182
22712,0.9272
22713,0.9391
22714,0.9108
22715,0.9095
22716,0.9042
22717,0.9021
22718,0.8865
22719,0.879
22720,0.8764
22721,0.8639
22722,0.8634
22723,0.847
22724,0.8526
22725,0.8301
22726,0.8455
22727,0.8541
22728,0.8638
22729,0.8784
22730,0.8879
22731,0.897
22732,0.9101
22733,0.9198
22734,0.9277
22735,0.9408
22736,0.9084
22737,0.9104
22738,0.9015
22739,0.8935
22740,0.8879
22741,0.8806
22742,0.878
22743,0.8579
22744,0.8654
22745,0.8425
22746,0.8414
22747,0.8371
22748,0.8465
22749,0.8557
22750,0.8656
22751,0.8795
22752,0.8891
22753,0.8982
22754,0.9113
22755,0.9205
22756,0.9288
22757,0.9315
22758,0.9173
22759,0.9137
22760,0.903
22761,0.8917
22762,0.8892
22763,0.8702
22764,0.8793
22765,0.8577
22766,0.8654
22767,0.8407
22768,0.843
22769,0.8348
22770,0.8474
22771,0.8574
22772,0.8668
22773,0.8807
22774,0.8907
22775,0.8993
22776,0.9119
22777,0.9222
22778,0.9306
22779,0.9245
22780,0.918
22781,0.9059
22782,0.9031
22783,0.8927
22784,0.8905
22785,0.8726
22786,0.8805
22787,0.86
22788,0.8559
22789,0.849
22790,0.844
22791,0.8348
22792,0.8491
22793,0.8592
22794,0.8678
22795,0.8824
22796,0.8919
22797,0.9012
22798,0.9131
22799,0.924
22800,0.9321
22801,0.9225
22802,0.9204
22803,0.9045
22804,0.905
22805,0.886
22806,0.8915
22807,0.8664
22808,0.8714
22809,0.8614
22810,0.8548
22811,0.8489
22812,0.839
22813,0.8363
22814,0.85
22815,0.8595
22816,0.8693
22817,0.8825
22818,0.893
22819,0.9019
22820,0.9141
22821,0.9245
22822,0.9324
22823,0.9235
22824,0.9211
22825,0.9014
22826,0.9059
22827,0.8846
22828,0.8933
22829,0.8645
22830,0.8753
22831,0.8596
22832,0.8523
22833,0.8498
22834,0.8377
22835,0.8368
22836,0.8508
22837,0.8617
22838,0.8713
22839,0.884
22840,0.8947
22841,0.9032
22842,0.9149
22843,0.9259
22844,0.9345
22845,0.9176
22846,0.9216
22847,0.9039
22848,0.907
22849,0.8824
22850,0.8832
22851,0.8714
22852,0.8674
22853,0.8602
22854,0.854
22855,0.8515
22856,0.8334
22857,0.8386
22858,0.8526
22859,0.8618
22860,0.8715
22861,0.8846
22862,0.8957
22863,0.9044
22864,0.9159
22865,0.9278
22866,0.9356
22867,0.9146
22868,0.9231
22869,0.8989
22870,0.8987
22871,0.8904
22872,0.8835
22873,0.872
22874,0.8672
22875,0.862
22876,0.8454
22877,0.8522
22878,0.8315
22879,0.8391
22880,0.8531
22881,0.8647
22882,0.873
22883,0.8856
22884,0.8982
22885,0.9052
22886,0.9162
22887,0.9286
22888,0.9371
22889,0.9101
22890,0.9247
22891,0.9014
22892,0.8954
22893,0.8875
22894,0.882
22895,0.8728
22896,0.8619
22897,0.8631
22898,0.8446
22899,0.8526
22900,0.8328
22901,0.8408
22902,0.8538
22903,0.8653
22904,0.8745
22905,0.8861
22906,0.8985
22907,0.9082
22908,0.9176
22909,0.9296
22910,0.9385
22911,0.9149
22912,0.9148
22913,0.901
22914,0.8925
22915,0.889
22916,0.8765
22917,0.8745
22918,0.8641
22919,0.8644
22920,0.841
22921,0.8549
22922,0.8296
22923,0.8427
22924,0.8551
22925,0.8674
22926,0.8758
22927,0.8884
22928,0.8999
22929,0.9085
22930,0.9185
22931,0.9314
22932,0.9297
22933,0.9183
22934,0.917
22935,0.9015
22936,0.8914
22937,0.8902
22938,0.8772
22939,0.8761
22940,0.8566
22941,0.8656
22942,0.8426
22943,0.8453
22944,0.8353
22945,0.844
22946,0.8558
22947,0.8688
22948,0.8769
22949,0.888
22950,0.9004
22951,0.9101
22952,0.9202
22953,0.9327
22954,0.928
22955,0.9149
22956,0.9105
22957,0.9023
22958,0.8903
22959,0.8909
22960,0.8697
22961,0.8762
22962,0.8553
22963,0.8551
22964,0.8476
22965,0.8458
22966,0.8357
22967,0.845
22968,0.856
22969,0.8695
22970,0.8784
22971,0.8887
22972,0.9023
22973,0.9104
22974,0.9205
22975,0.9333
22976,0.9263
22977,0.916
22978,0.907
22979,0.905
22980,0.8847
22981,0.892
22982,0.8731
22983,0.8771
22984,0.8527
22985,0.8599
22986,0.8452
22987,0.8418
22988,0.8374
22989,0.8463
22990,0.8579
22991,0.8715
22992,0.8799
22993,0.8905
22994,0.9036
22995,0.9124
22996,0.9216
22997,0.9341
22998,0.9232
22999,0.9174
23000,0.9062
23001,0.9057
23002,0.8822
23003,0.8934
23004,0.8698
23005,0.8666
23006,0.8594
23007,0.8567
23008,0.8459
23009,0.8352
23010,0.8376
23011,0.8467
23012,0.8559
23013,0.8691
23014,0.8781
23015,0.8867
23016,0.8998
23017,0.9088
23018,0.9162
23019,0.9277
23020,0.9175
23021,0.9104
23022,0.8958
23023,0.8969
23024,0.8695
23025,0.87
23026,0.8648
23027,0.8573
23028,0.8451
23029,0.8399
23030,0.8304
23031,0.8166
23032,0.8189
23033,0.827
23034,0.8353
23035,0.8464
23036,0.8534
23037,0.8601
23038,0.8709
23039,0.8777
23040,0.8841
23041,0.8941
23042,0.8757
23043,0.8732
23044,0.8491
23045,0.8577
23046,0.8315
23047,0.8318
23048,0.8172
23049,0.8088
23050,0.7997
23051,0.7873
23052,0.7853
23053,0.7763
23054,0.7736
23055,0.7801
23056,0.7869
23057,0.7981
23058,0.8037
23059,0.8088
23060,0.82
23061,0.8259
23062,0.8309
23063,0.8396
23064,0.8214
23065,0.819
23066,0.792
23067,0.7927
23068,0.7782
23069,0.7727
23070,0.763
23071,0.7507
23072,0.7449
23073,0.7366
23074,0.73
23075,0.7131
23076,0.7166
23077,0.7215
23078,0.7271
23079,0.7365
23080,0.7398
23081,0.7436
23082,0.7509
23083,0.7548
23084,0.7582
23085,0.7658
23086,0.7389
23087,0.7367
23088,0.7209
23089,0.712
23090,0.7002
23091,0.691
23092,0.6848
23093,0.6787
23094,0.6656
23095,0.652
23096,0.6488
23097,0.6238
23098,0.6352
23099,0.6368
23100,0.6389
23101,0.6467
23102,0.6485
23103,0.6511
23104,0.6575
23105,0.6604
23106,0.6615
23107,0.6674
23108,0.6422
23109,0.6389
23110,0.6252
23111,0.6287
23112,0.6072
23113,0.5974
23114,0.5949
23115,0.5759
23116,0.5771
23117,0.5611
23118,0.565
23119,0.5469
23120,0.5539
23121,0.5573
23122,0.5607
23123,0.5674
23124,0.5704
23125,0.5726
23126,0.5798
23127,0.5824
23128,0.5823
23129,0.5894
23130,0.5692
23131,0.5577
23132,0.5481
23133,0.5408
23134,0.5336
23135,0.5227
23136,0.518
23137,0.501
23138,0.4995
23139,0.488
23140,0.4797
23141,0.4667
23142,0.471
23143,0.4701
23144,0.4716
23145,0.4755
23146,0.4771
23147,0.4767
23148,0.4791
23149,0.4816
23150,0.4805
23151,0.474
23152,0.4631
23153,0.4572
23154,0.4453
23155,0.4384
23156,0.4295
23157,0.4161
23158,0.4159
23159,0.4027
23160,0.3975
23161,0.3875
23162,0.385
23163,0.3694
23164,0.3739
23165,0.3753
23166,0.3759
23167,0.3779
23168,0.3784
23169,0.3777
23170,0.3803
23171,0.3829
23172,0.3803
23173,0.3788
23174,0.3678
23175,0.361
23176,0.3524
23177,0.3453
23178,0.3385
23179,0.3286
23180,0.3272
23181,0.3139
23182,0.3071
23183,0.3004
23184,0.296
23185,0.2847
23186,0.2881
23187,0.286
23188,0.2844
23189,0.287
23190,0.2876
23191,0.2851
23192,0.2862
23193,0.2877
23194,0.2856
23195,0.2832
23196,0.275
23197,0.2652
23198,0.2613
23199,0.2536
23200,0.2517
23201,0.2387
23202,0.2396
23203,0.2303
23204,0.22
23205,0.2206
23206,0.2152
23207,0.2083
23208,0.2107
23209,0.2099
23210,0.2086
23211,0.2101
23212,0.2111
23213,0.2076
23214,0.2088
23215,0.2111
23216,0.2099
23217,0.2051
23218,0.2022
23219,0.1938
23220,0.1902
23221,0.1859
23222,0.1819
23223,0.173
23224,0.1739
23225,0.1668
23226,0.1592
23227,0.1596
23228,0.1545
23229,0.1508
23230,0.1534
23231,0.1524
23232,0.1513
23233,0.1533
23234,0.1526
23235,0.1507
23236,0.1506
23237,0.1535
23238,0.1518
23239,0.1446
23240,0.1474
23241,0.1391
23242,0.1353
23243,0.1333
23244,0.1303
23245,0.124
23246,0.1245
23247,0.1199
23248,0.1155
23249,0.1163
23250,0.111
23251,0.1078
23252,0.1098
23253,0.1107
23254,0.1087
23255,0.1084
23256,0.1104
23257,0.109
23258,0.1092
23259,0.111
23260,0.1077
23261,0.1044
23262,0.1056
23263,0.0988
23264,0.098
23265,0.0968
23266,0.0928
23267,0.0883
23268,0.0879
23269,0.0861
23270,0.0824
23271,0.0808
23272,0.0793
23273,0.0761
23274,0.0788
23275,0.079
23276,0.0776
23277,0.0781
23278,0.0795
23279,0.0773
23280,0.0774
23281,0.0802
23282,0.0779
23283,0.0731
23284,0.0748
23285,0.0703
23286,0.0673
23287,0.0672
23288,0.0664
23289,0.0633
23290,0.0622
23291,0.0608
23292,0.0567
23293,0.0585
23294,0.0562
23295,0.0534
23296,0.0545
23297,0.0581
23298,0.0543
23299,0.0537
23300,0.0562
23301,0.0548
23302,0.0544
23303,0.0568
23304,0.0553
23305,0.0513
23306,0.0532
23307,0.0497
23308,0.0473
23309,0.0488
23310,0.0445
23311,0.0428
23312,0.0458
23313,0.0443
23314,0.0396
23315,0.0406
23316,0.0394
23317,0.0368
23318,0.0385
23319,0.039
23320,0.0366
23321,0.0381
23322,0.0392
23323,0.0381
23324,0.0372
23325,0.0409
23326,0.0392
23327,0.0357
23328,0.0395
23329,0.0349
23330,0.0326
23331,0.0344
23332,0.0313
23333,0.0297
23334,0.0299
23335,0.0308
23336,0.0267
23337,0.0288
23338,0.0301
23339,0.0261
23340,0.0274
23341,0.0284
23342,0.0268
23343,0.0259
23344,0.0287
23345,0.0258
23346,0.025
23347,0.0281
23348,0.0268
23349,0.024
23350,0.0273
23351,0.0259
23352,0.0224
23353,0.0249
23354,0.0233
23355,0.0215
23356,0.0225
23357,0.0229
23358,0.0193
23359,0.0197
23360,0.0203
23361,0.0183
23362,0.0188
23363,0.0201
23364,0.0184
23365,0.0179
23366,0.0216
23367,0.0178
23368,0.0185
23369,0.021
23370,0.0199
23371,0.0178
23372,0.0194
23373,0.0185
23374,0.0145
23375,0.0182
23376,0.0169
23377,0.0154
23378,0.0165
23379,0.0174
23380,0.014
23381,0.0147
23382,0.0157
23383,0.0157
23384,0.0146
23385,0.0162
23386,0.0151
23387,0.0142
23388,0.0177
23389,0.0173
23390,0.014
23391,0.018
23392,0.0162
23393,0.0128
23394,0.016
23395,0.0133
23396,0.0106
23397,0.0149
23398,0.0145
23399,0.0132
23400,0.0138
23401,0.0145
23402,0.0125
23403,0.0121
23404,0.015
23405,0.0125
23406,0.0115
23407,0.0149
23408,0.0116
23409,0.0102
23410,0.0149
23411,0.0127
23412,0.0126
23413,0.0149
23414,0.0129
23415,0.011
23416,0.0145
23417,0.0147
23418,0.0119
23419,0.013
23420,0.012
23421,0.0112
23422,0.012
23423,0.0131
23424,0.0118
23425,0.0117
23426,0.0127
23427,0.0122
23428,0.0109
23429,0.014
23430,0.012
23431,0.012
23432,0.0133
23433,0.0129
23434,0.0119
23435,0.0146
23436,0.0126
23437,0.0122
23438,0.0132
23439,0.012
23440,0.0127
23441,0.0117
23442,0.0142
23443,0.0128
23444,0.0116
23445,0.0124
23446,0.0111
23447,0.0111
23448,0.0126
23449,0.0118
23450,0.0106
23451,0.0136
23452,0.013
23453,0.0113
23454,0.0136
23455,0.013
23456,0.0115
23457,0.0135
23458,0.0122
23459,0.0122
23460,0.0129
23461,0.0135
23462,0.0112
23463,0.0121
23464,0.0122
23465,0.0122
23466,0.0109
23467,0.0131
23468,0.0111
23469,0.0109
23470,0.0135
23471,0.0131
23472,0.0109
23473,0.0134
23474,0.0125
23475,0.0108
23476,0.0144
23477,0.0126
23478,0.0099
23479,0.0139
23480,0.0137
23481,0.0121
23482,0.0125
23483,0.0134
23484,0.0113
23485,0.0118
23486,0.0136
23487,0.0123
23488,0.0108
23489,0.014
23490,0.0106
23491,0.01
23492,0.0141
23493,0.013
23494,0.0104
23495,0.0137
23496,0.0123
23497,0.0104
23498,0.0125
23499,0.0117
23500,0.0101
23501,0.0139
23502,0.0128
23503,0.0101
23504,0.012
23505,0.013
23506,0.011
23507,0.0107
23508,0.014
23509,0.0105
23510,0.0107
23511,0.0137
23512,0.012
23513,0.0097
23514,0.0132
23515,0.0118
23516,0.0103
23517,0.0122
23518,0.01
23519,0.0109
23520,0.0136
23521,0.0131
23522,0.0127
23523,0.0131
23524,0.014
23525,0.0121
23526,0.0114
23527,0.0134
23528,0.011
23529,0.0111
23530,0.0137
23531,0.0107
23532,0.0114
23533,0.0131
23534,0.0121
23535,0.0102
23536,0.0129
23537,0.0114
23538,0.0105
23539,0.0135
23540,0.0113
23541,0.0106
23542,0.0139
23543,0.0129
23544,0.0108
23545,0.013
23546,0.0133
23547,0.0105
23548,0.0119
23549,0.0136
23550,0.01
23551,0.0112
23552,0.0136
23553,0.0118
23554,0.0106
23555,0.0128
23556,0.0113
23557,0.0101
23558,0.0135
23559,0.0122
23560,0.011
23561,0.0131
23562,0.0124
23563,0.0111
23564,0.0136
23565,0.0131
23566,0.0114
23567,0.0131
23568,0.0133
23569,0.0117
23570,0.0122
23571,0.0136
23572,0.0124
23573,0.0113
23574,0.0134
23575,0.011
23576,0.0101
23577,0.0131
23578,0.0113
23579,0.01
23580,0.0126
23581,0.0114
23582,0.0104
23583,0.0132
23584,0.0127
23585,0.0115
23586,0.0131
23587,0.0134
23588,0.0121
23589,0.014
23590,0.0133
23591,0.0118
23592,0.0109
23593,0.014
23594,0.0118
23595,0.0113
23596,0.0138
23597,0.011
23598,0.011
23599,0.0131
23600,0.0119
23601,0.0096
23602,0.0131
23603,0.0124
23604,0.011
23605,0.0135
23606,0.0131
23607,0.0112
23608,0.013
23609,0.0136
23610,0.0113
23611,0.0114
23612,0.0136
23613,0.0113
23614,0.0109
23615,0.0125
23616,0.013
23617,0.012
23618,0.0142
23619,0.0119
23620,0.0107
23621,0.0133
23622,0.0115
23623,0.0101
23624,0.0125
23625,0.0112
23626,0.0104
23627,0.0134
23628,0.013
23629,0.0102
23630,0.0126
23631,0.0128
23632,0.0121
23633,0.0111
23634,0.0137
23635,0.0118
23636,0.0115
23637,0.0141
23638,0.0121
23639,0.0115
23640,0.0136
23641,0.0123
23642,0.0101
23643,0.0137
23644,0.012
23645,0.0101
23646,0.0126
23647,0.0128
23648,0.0101
23649,0.0125
23650,0.013
23651,0.0115
23652,0.0127
23653,0.0143
23654,0.0119
23655,0.0126
23656,0.0157
23657,0.0122
23658,0.0115
23659,0.0141
23660,0.012
23661,0.0102
23662,0.014
23663,0.0124
23664,0.0097
23665,0.0129
23666,0.0122
23667,0.0103
23668,0.0128
23669,0.0122
23670,0.0102
23671,0.0118
23672,0.0135
23673,0.0106
23674,0.0119
23675,0.0142
23676,0.0121
23677,0.0121
23678,0.014
23679,0.0123
23680,0.0102
23681,0.0134
23682,0.0114
23683,0.0104
23684,0.0139
23685,0.0115
23686,0.01
23687,0.0131
23688,0.0116
23689,0.0109
23690,0.0127
23691,0.013
23692,0.0102
23693,0.0126
23694,0.0125
23695,0.0113
23696,0.0125
23697,0.0132
23698,0.0122
23699,0.0113
23700,0.0143
23701,0.0131
23702,0.0104
23703,0.013
23704,0.0111
23705,0.0096
23706,0.013
23707,0.0125
23708,0.0096
23709,0.0128
23710,0.0128
23711,0.0099
23712,0.0122
23713,0.013
23714,0.0104
23715,0.0126
23716,0.0129
23717,0.0127
23718,0.0116
23719,0.0145
23720,0.0127
23721,0.0127
23722,0.0141
23723,0.0119
23724,0.0114
23725,0.0131
23726,0.0129
23727,0.0107
23728,0.013
23729,0.0124
23730,0.0098
23731,0.0138
23732,0.012
23733,0.012
23734,0.0115
23735,0.0121
23736,0.0093
23737,0.0119
23738,0.0136
23739,0.0121
23740,0.0116
23741,0.0132
23742,0.0131
23743,0.011
23744,0.0132
23745,0.0126
23746,0.0102
23747,0.0145
23748,0.0126
23749,0.0109
23750,0.0135
23751,0.0115
23752,0.0108
23753,0.0119
23754,0.0118
23755,0.0104
23756,0.0114
23757,0.0142
23758,0.0106
23759,0.0118
23760,0.014
23761,0.0116
23762,0.0122
23763,0.0146
23764,0.0124
23765,0.0117
23766,0.0128
23767,0.0126
23768,0.0104
23769,0.0136
23770,0.0114
23771,0.0092
23772,0.0141
23773,0.0117
23774,0.0103
23775,0.0123
23776,0.0119
23777,0.0111
23778,0.0116
23779,0.0124
23780,0.0113
23781,0.0113
23782,0.0128
23783,0.0118
23784,0.012
23785,0.0113
23786,0.0138
23787,0.0111
23788,0.0124
23789,0.0115
23790,0.0109
23791,0.0133
23792,0.0117
23793,0.0112
23794,0.0125
23795,0.0123
23796,0.0106
23797,0.0107
23798,0.0121
23799,0.0105
23800,0.0117
23801,0.0126
23802,0.0109
23803,0.0109
23804,0.0137
23805,0.012
23806,0.0105
23807,0.0143
23808,0.0124
23809,0.0103
23810,0.0142
23811,0.0123
23812,0.0106
23813,0.0126
23814,0.0121
23815,0.0104
23816,0.0133
23817,0.0119
23818,0.0107
23819,0.0113
23820,0.013
23821,0.0107
23822,0.0119
23823,0.0123
23824,0.0118
23825,0.01
23826,0.0132
23827,0.0111
23828,0.0102
23829,0.0141
23830,0.0125
23831,0.0115
23832,0.0131
23833,0.0127
23834,0.0099
23835,0.0129
23836,0.0118
23837,0.0112
23838,0.0125
23839,0.0129
23840,0.0107
23841,0.0115
23842,0.0129
23843,0.011
23844,0.0118
23845,0.0131
23846,0.0117
23847,0.0115
23848,0.0138
23849,0.0124
23850,0.011
23851,0.0139
23852,0.0116
23853,0.0118
23854,0.0138
23855,0.0122
23856,0.0109
23857,0.0126
23858,0.0124
23859,0.0104
23860,0.0124
23861,0.0117
23862,0.0105
23863,0.0102
23864,0.0134
23865,0.0121
23866,0.0113
23867,0.0136
23868,0.0115
23869,0.0115
23870,0.0145
23871,0.0127
23872,0.0112
23873,0.0144
23874,0.0127
23875,0.0111
23876,0.0135
23877,0.0128
23878,0.0106
23879,0.0136
23880,0.0132
23881,0.0103
23882,0.0123
23883,0.0126
23884,0.0104
23885,0.01
23886,0.0127
23887,0.0108
23888,0.0113
23889,0.014
23890,0.0122
23891,0.0111
23892,0.014
23893,0.0136
23894,0.011
23895,0.0143
23896,0.0129
23897,0.0108
23898,0.0135
23899,0.0124
23900,0.0109
23901,0.0127
23902,0.0136
23903,0.0109
23904,0.0113
23905,0.0128
23906,0.011
23907,0.0111
23908,0.0129
23909,0.0114
23910,0.0104
23911,0.0136
23912,0.0119
23913,0.0107
23914,0.0139
23915,0.0131
23916,0.0111
23917,0.0138
23918,0.0123
23919,0.0111
23920,0.0136
23921,0.0132
23922,0.0106
23923,0.012
23924,0.013
23925,0.0107
23926,0.0112
23927,0.0129
23928,0.0106
23929,0.0106
23930,0.0135
23931,0.0118
23932,0.0104
23933,0.013
23934,0.0125
23935,0.0108
23936,0.0138
23937,0.013
23938,0.0116
23939,0.0132
23940,0.0129
23941,0.011
23942,0.0125
23943,0.013
23944,0.011
23945,0.0131
23946,0.0135
23947,0.0115
23948,0.0112
23949,0.0134
23950,0.0112
23951,0.0116
23952,0.0131
23953,0.0114
23954,0.0098
23955,0.0134
23956,0.0124
23957,0.0118
23958,0.0139
23959,0.013
23960,0.0113
23961,0.0132
23962,0.013
23963,0.0106
23964,0.0126
23965,0.0133
23966,0.011
23967,0.0118
23968,0.0132
23969,0.0111
23970,0.0115
23971,0.0136
23972,0.0106
23973,0.0106
23974,0.0121
23975,0.0114
23976,0.0114
23977,0.0137
23978,0.0126
23979,0.0112
23980,0.0128
23981,0.0128
23982,0.0116
23983,0.0156
23984,0.0126
23985,0.0102
23986,0.013
23987,0.0131
23988,0.0111
23989,0.011
23990,0.0114
23991,0.0086
23992,0.0118
23993,0.0155
23994,0.0095
23995,0.0086
23996,0.0127
23997,0.0117
23998,0.0102
23999,0.0137
24000,0.0126
24001,0.0094
24002,0.0134
24003,0.0134
24004,0.0116
24005,0.0137
24006,0.0129
24007,0.0115
24008,0.0118
24009,0.0139
24010,0.0116
24011,0.0114
24012,0.0136
24013,0.0109
24014,0.0109
24015,0.0127
24016,0.012
24017,0.01
24018,0.0133
24019,0.0125
24020,0.0106
24021,0.0128
24022,0.0129
24023,0.0116
24024,0.0133
24025,0.0131
24026,0.0112
24027,0.0124
24028,0.0116
24029,0.0098
24030,0.0121
24031,0.013
24032,0.0118
24033,0.0111
24034,0.0142
24035,0.0113
24036,0.0106
24037,0.0133
24038,0.0113
24039,0.0108
24040,0.0131
24041,0.0122
24042,0.0103
24043,0.0138
24044,0.0128
24045,0.0109
24046,0.0148
24047,0.0134
24048,0.0113
24049,0.0126
24050,0.0138
24051,0.0113
24052,0.0114
24053,0.0136
24054,0.0113
24055,0.0108
24056,0.0133
24057,0.0114
24058,0.0109
24059,0.0127
24060,0.0121
24061,0.0097
24062,0.013
24063,0.0122
24064,0.0103
24065,0.0129
24066,0.0124
24067,0.0111
24068,0.0126
24069,0.0141
24070,0.0116
24071,0.0121
24072,0.0132
24073,0.0114
24074,0.0121
24075,0.0135
24076,0.0115
24077,0.0107
24078,0.0138
24079,0.0117
24080,0.0104
24081,0.0128
24082,0.0112
24083,0.0086
24084,0.0131
24085,0.0121
24086,0.0115
24087,0.0135
24088,0.0125
24089,0.0112
24090,0.0125
24091,0.0141
24092,0.0117
24093,0.0123
24094,0.0135
24095,0.0108
24096,0.0113
24097,0.0133
24098,0.0116
24099,0.0105
24100,0.0133
24101,0.0104
24102,0.0099
24103,0.0129
24104,0.0128
24105,0.0101
24106,0.0131
24107,0.0113
24108,0.0102
24109,0.0128
24110,0.0134
24111,0.0111
24112,0.0122
24113,0.0142
24114,0.0119
24115,0.0124
24116,0.0132
24117,0.0114
24118,0.0113
24119,0.0138
24120,0.0114
24121,0.0103
24122,0.0123
24123,0.0115
24124,0.0101
24125,0.0131
24126,0.0118
24127,0.0097
24128,0.0127
24129,0.0122
24130,0.0102
24131,0.0134
24132,0.0135
24133,0.0117
24134,0.0124
24135,0.0138
24136,0.012
24137,0.0103
24138,0.0138
24139,0.0121
24140,0.0108
24141,0.0132
24142,0.0118
24143,0.0123
24144,0.0132
24145,0.0122
24146,0.0106
24147,0.0133
24148,0.0117
24149,0.0101
24150,0.0126
24151,0.0121
24152,0.01
24153,0.0121
24154,0.0135
24155,0.0111
24156,0.0106
24157,0.0141
24158,0.0129
24159,0.0114
24160,0.0142
24161,0.0105
24162,0.0114
24163,0.0132
24164,0.0112
24165,0.0103
24166,0.0131
24167,0.0112
24168,0.009
24169,0.0135
24170,0.0116
24171,0.0097
24172,0.0127
24173,0.0131
24174,0.0099
24175,0.0131
24176,0.0127
24177,0.0111
24178,0.0119
24179,0.0137
24180,0.0119
24181,0.0112
24182,0.0136
24183,0.0117
24184,0.0105
24185,0.0142
24186,0.0121
24187,0.0109
24188,0.0129
24189,0.012
24190,0.01
24191,0.0127
24192,0.0121
24193,0.0101
24194,0.0121
24195,0.0129
24196,0.0112
24197,0.0114
24198,0.0134
24199,0.0117
24200,0.0114
24201,0.0137
24202,0.0126
24203,0.0111
24204,0.0139
24205,0.013
24206,0.0106
24207,0.0134
24208,0.0126
24209,0.0103
24210,0.0126
24211,0.0116
24212,0.0111
24213,0.0116
24214,0.0117
24215,0.0089
24216,0.0113
24217,0.0123
24218,0.0111
24219,0.0106
24220,0.0123
24221,0.0113
24222,0.0105
24223,0.0134
24224,0.0111
24225,0.0103
24226,0.0124
24227,0.0106
24228,0.0092
24229,0.0123
24230,0.0102
24231,0.0095
24232,0.0113
24233,0.0109
24234,0.0082
24235,0.0108
24236,0.0094
24237,0.0087
24238,0.0091
24239,0.0117
24240,0.0088
24241,0.0093
24242,0.0123
24243,0.0087
24244,0.0085
24245,0.0119
24246,0.0098
24247,0.0084
24248,0.0113
24249,0.0104
24250,0.0084
24251,0.0104
24252,0.0102
24253,0.0079
24254,0.0104
24255,0.0091
24256,0.0077
24257,0.0107
24258,0.0101
24259,0.0072
24260,0.0097
24261,0.0108
24262,0.0082
24263,0.0084
24264,0.0102
24265,0.009
24266,0.0077
24267,0.0116
24268,0.0093
24269,0.0074
24270,0.0108
24271,0.0089
24272,0.0073
24273,0.0098
24274,0.0094
24275,0.0081
24276,0.0095
24277,0.0091
24278,0.007
24279,0.0096
24280,0.0098
24281,0.0073
24282,0.0086
24283,0.01
24284,0.0089
24285,0.0083
24286,0.0105
24287,0.009
24288,0.0075
24289,0.0105
24290,0.009
24291,0.0065
24292,0.0099
24293,0.0088
24294,0.0071
24295,0.0104
24296,0.0091
24297,0.0069
24298,0.0094
24299,0.0102
24300,0.0084
24301,0.0083
24302,0.0092
24303,0.0068
24304,0.0073
24305,0.0107
24306,0.0083
24307,0.0069
24308,0.0103
24309,0.0085
24310,0.0073
24311,0.0101
24312,0.0082
24313,0.0071
24314,0.0101
24315,0.0093
24316,0.0078
24317,0.0098
24318,0.0091
24319,0.0066
24320,0.0087
24321,0.0094
24322,0.0066
24323,0.009
24324,0.0099
24325,0.0079
24326,0.0078
24327,0.0096
24328,0.0079
24329,0.0074
24330,0.0095
24331,0.0085
24332,0.0072
24333,0.0097
24334,0.0089
24335,0.0075
24336,0.0085
24337,0.009
24338,0.0065
24339,0.0096
24340,0.0092
24341,0.0075
24342,0.0091
24343,0.0092
24344,0.0074
24345,0.0079
24346,0.0092
24347,0.0078
24348,0.0077
24349,0.0102
24350,0.0079
24351,0.0077
24352,0.0104
24353,0.0088
24354,0.007
24355,0.0105
24356,0.0089
24357,0.0066
24358,0.01
24359,0.0088
24360,0.0073
24361,0.0087
24362,0.0095
24363,0.0075
24364,0.0079
24365,0.0095
24366,0.0073
24367,0.0074
24368,0.0097
24369,0.0078
24370,0.0076
24371,0.0098
24372,0.0086
24373,0.0063
24374,0.0101
24375,0.0088
24376,0.0078
24377,0.0095
24378,0.0084
24379,0.0058
24380,0.0093
24381,0.0083
24382,0.0069
24383,0.009
24384,0.0093
24385,0.0066
24386,0.008
24387,0.0091
24388,0.0073
24389,0.0073
24390,0.0099
24391,0.0079
24392,0.0081
24393,0.0103
24394,0.0089
24395,0.0068
24396,0.0102
24397,0.0092
24398,0.0076
24399,0.01
24400,0.0086
24401,0.0071
24402,0.0093
24403,0.0084
24404,0.0067
24405,0.0079
24406,0.0086
24407,0.0072
24408,0.0072
24409,0.0094
24410,0.0078
24411,0.0073
24412,0.0094
24413,0.0077
24414,0.0066
24415,0.0107
24416,0.0086
24417,0.007
24418,0.0102
24419,0.0089
24420,0.0071
24421,0.0086
24422,0.0088
24423,0.007
24424,0.009
24425,0.0084
24426,0.0075
24427,0.0087
24428,0.0085
24429,0.0074
24430,0.008
24431,0.01
24432,0.0074
24433,0.0074
24434,0.0102
24435,0.0077
24436,0.0065
24437,0.0103
24438,0.0084
24439,0.007
24440,0.0096
24441,0.0089
24442,0.0073
24443,0.0094
24444,0.0089
24445,0.0065
24446,0.0093
24447,0.0098
24448,0.0078
24449,0.008
24450,0.0097
24451,0.0073
24452,0.0076
24453,0.0098
24454,0.0077
24455,0.0067
24456,0.0103
24457,0.0083
24458,0.0068
24459,0.0103
24460,0.0086
24461,0.0068
24462,0.0094
24463,0.0092
24464,0.0078
24465,0.0095
24466,0.0098
24467,0.0081
24468,0.0087
24469,0.0099
24470,0.0072
24471,0.0078
24472,0.0098
24473,0.008
24474,0.0072
24475,0.0092
24476,0.0081
24477,0.0064
24478,0.0098
24479,0.0082
24480,0.0068
24481,0.0095
24482,0.0086
24483,0.0072
24484,0.0098
24485,0.008
24486,0.0071
24487,0.0092
24488,0.0094
24489,0.0073
24490,0.0087
24491,0.0094
24492,0.0077
24493,0.0078
24494,0.0099
24495,0.008
24496,0.0077
24497,0.0097
24498,0.0083
24499,0.0065
24500,0.0098
24501,0.0087
24502,0.0071
24503,0.0096
24504,0.009
24505,0.0068
24506,0.0095
24507,0.0091
24508,0.0072
24509,0.009
24510,0.0095
24511,0.0072
24512,0.0083
24513,0.0102
24514,0.0071
24515,0.0074
24516,0.0101
24517,0.008
24518,0.0076
24519,0.0098
24520,0.0092
24521,0.0081
24522,0.0097
24523,0.0085
24524,0.007
24525,0.0096
24526,0.0089
24527,0.007
24528,0.0099
24529,0.0093
24530,0.0075
24531,0.0082
24532,0.009
24533,0.0075
24534,0.0074
24535,0.0101
24536,0.0076
24537,0.007
24538,0.0103
24539,0.0079
24540,0.0074
24541,0.0097
24542,0.0088
24543,0.0063
24544,0.0101
24545,0.0087
24546,0.0068
24547,0.0094
24548,0.0092
24549,0.007
24550,0.0091
24551,0.0084
24552,0.0076
24553,0.0083
24554,0.0098
24555,0.0082
24556,0.008
24557,0.0099
24558,0.0072
24559,0.0072
24560,0.0101
24561,0.0084
24562,0.0068
24563,0.0092
24564,0.0091
24565,0.0066
24566,0.0099
24567,0.0085
24568,0.0073
24569,0.0093
24570,0.0092
24571,0.008
24572,0.0088
24573,0.0097
24574,0.0075
24575,0.0086
24576,0.01
24577,0.0079
24578,0.0078
24579,0.0098
24580,0.0074
24581,0.0074
24582,0.0098
24583,0.0075
24584,0.0064
24585,0.0095
24586,0.0085
24587,0.0076
24588,0.0085
24589,0.0077
24590,0.0074
24591,0.0089
24592,0.0094
24593,0.0077
24594,0.0085
24595,0.0094
24596,0.0076
24597,0.0083
24598,0.0086
24599,0.008
24600,0.0076
24601,0.0098
24602,0.008
24603,0.0072
24604,0.0097
24605,0.0084
24606,0.0068
24607,0.0104
24608,0.0084
24609,0.0067
24610,0.0093
24611,0.0086
24612,0.0073
24613,0.0091
24614,0.0091
24615,0.0078
24616,0.008
24617,0.0096
24618,0.0076
24619,0.008
24620,0.0097
24621,0.0079
24622,0.0073
24623,0.0101
24624,0.0074
24625,0.0062
24626,0.01
24627,0.0088
24628,0.0064
24629,0.0095
24630,0.0082
24631,0.0079
24632,0.0104
24633,0.0092
24634,0.0067
24635,0.0091
24636,0.0103
24637,0.0078
24638,0.009
24639,0.0097
24640,0.0079
24641,0.0081
24642,0.0099
24643,0.0081
24644,0.0073
24645,0.0099
24646,0.0079
24647,0.0067
24648,0.0091
24649,0.0086
24650,0.0067
24651,0.0093
24652,0.0088
24653,0.0059
24654,0.0088
24655,0.0092
24656,0.0069
24657,0.0083
24658,0.0096
24659,0.0062
24660,0.0072
24661,0.0102
24662,0.008
24663,0.0071
24664,0.0099
24665,0.008
24666,0.0071
24667,0.0103
24668,0.0095
24669,0.0069
24670,0.0093
24671,0.0094
24672,0.007
24673,0.0096
24674,0.0095
24675,0.007
24676,0.0093
24677,0.0094
24678,0.0071
24679,0.0086
24680,0.0096
24681,0.0085
24682,0.0071
24683,0.0101
24684,0.0082
24685,0.0074
24686,0.01
24687,0.0081
24688,0.007
24689,0.0096
24690,0.0085
24691,0.007
24692,0.0092
24693,0.0088
24694,0.0074
24695,0.0093
24696,0.0087
24697,0.0068
24698,0.0091
24699,0.0086
24700,0.0075
24701,0.0083
24702,0.0103
24703,0.0087
24704,0.0083
24705,0.0092
24706,0.009
24707,0.0072
24708,0.01
24709,0.0085
24710,0.0079
24711,0.0096
24712,0.0093
24713,0.0065
24714,0.0092
24715,0.0089
24716,0.0066
24717,0.0091
24718,0.0089
24719,0.0087
24720,0.0082
24721,0.0097
24722,0.0072
24723,0.0084
24724,0.0107
24725,0.0082
24726,0.0079
24727,0.0098
24728,0.0074
24729,0.0073
24730,0.009
24731,0.0087
24732,0.0064
24733,0.0098
24734,0.0088
24735,0.0062
24736,0.0096
24737,0.0093
24738,0.007
24739,0.0089
24740,0.0091
24741,0.0067
24742,0.008
24743,0.0096
24744,0.0083
24745,0.0084
24746,0.0095
24747,0.0078
24748,0.0063
24749,0.0104
24750,0.0075
24751,0.0069
24752,0.01
24753,0.0084
24754,0.0055
24755,0.0095
24756,0.0085
24757,0.0077
24758,0.0093
24759,0.0095
24760,0.0068
24761,0.0086
24762,0.0097
24763,0.0076
24764,0.0079
24765,0.0098
24766,0.0077
24767,0.0067
24768,0.0106
24769,0.0082
24770,0.0073
24771,0.0098
24772,0.0079
24773,0.007
24774,0.0094
24775,0.0085
24776,0.0058
24777,0.0094
24778,0.0072
24779,0.0068
24780,0.0093
24781,0.009
24782,0.007
24783,0.0086
24784,0.0097
24785,0.0073
24786,0.0081
24787,0.0093
24788,0.0076
24789,0.0072
24790,0.0097
24791,0.008
24792,0.0069
24793,0.0101
24794,0.008
24795,0.0055
24796,0.0095
24797,0.0091
24798,0.0064
24799,0.0095
24800,0.0099
24801,0.0072
24802,0.0091
24803,0.0095
24804,0.0077
24805,0.0079
24806,0.0094
24807,0.008
24808,0.0078
24809,0.0101
24810,0.0079
24811,0.0071
24812,0.0099
24813,0.0083
24814,0.0071
24815,0.0099
24816,0.0086
24817,0.0067
24818,0.0094
24819,0.0087
24820,0.0069
24821,0.009
24822,0.0093
24823,0.0069
24824,0.0087
24825,0.0095
24826,0.007
24827,0.0072
24828,0.01
24829,0.0076
24830,0.0074
24831,0.0098
24832,0.0083
24833,0.0074
24834,0.0102
24835,0.0097
24836,0.0072
24837,0.0096
24838,0.0091
24839,0.007
24840,0.0096
24841,0.0096
24842,0.0073
24843,0.009
24844,0.0092
24845,0.0067
24846,0.0084
24847,0.0097
24848,0.0072
24849,0.0077
24850,0.0103
24851,0.0085
24852,0.0072
24853,0.0101
24854,0.008
24855,0.0071
24856,0.0095
24857,0.0087
24858,0.0063
24859,0.0101
24860,0.009
24861,0.0069
24862,0.0086
24863,0.0085
24864,0.0076
24865,0.0084
24866,0.0097
24867,0.0075
24868,0.0081
24869,0.0099
24870,0.0079
24871,0.0072
24872,0.0098
24873,0.0078
24874,0.0067
24875,0.0102
24876,0.0084
24877,0.007
24878,0.0092
24879,0.0087
24880,0.0067
24881,0.0086
24882,0.0083
24883,0.007
24884,0.0084
24885,0.0098
24886,0.0074
24887,0.0087
24888,0.0098
24889,0.0076
24890,0.0078
24891,0.01
24892,0.0078
24893,0.0078
24894,0.0092
24895,0.0085
24896,0.007
24897,0.0096
24898,0.0085
24899,0.008
24900,0.0095
24901,0.0084
24902,0.007
24903,0.0091
24904,0.009
24905,0.0072
24906,0.0091
24907,0.009
24908,0.0076
24909,0.0079
24910,0.0098
24911,0.0078
24912,0.0074
24913,0.0102
24914,0.0069
24915,0.0076
24916,0.0101
24917,0.0097
24918,0.0069
24919,0.0096
24920,0.0091
24921,0.0068
24922,0.0096
24923,0.0099
24924,0.0078
24925,0.0093
24926,0.0092
24927,0.0066
24928,0.0079
24929,0.0098
24930,0.0082
24931,0.0077
24932,0.0104
24933,0.0082
24934,0.0068
24935,0.01
24936,0.0086
24937,0.0074
24938,0.0095
24939,0.0076
24940,0.0066
24941,0.0094
24942,0.0089
24943,0.0061
24944,0.0104
24945,0.0086
24946,0.0067
24947,0.0091
24948,0.0086
24949,0.0071
24950,0.0094
24951,0.0088
24952,0.0076
24953,0.008
24954,0.0102
24955,0.0083
24956,0.0065
24957,0.0106
24958,0.0068
24959,0.0074
24960,0.0102
24961,0.0095
24962,0.0065
24963,0.012
24964,0.0087
24965,0.0071
24966,0.0085
24967,0.0093
24968,0.0058
24969,0.008
24970,0.0103
24971,0.0074
24972,0.0078
24973,0.0104
24974,0.0076
24975,0.0077
24976,0.0094
24977,0.0091
24978,0.0072
24979,0.0095
24980,0.0092
24981,0.0067
24982,0.0098
24983,0.0091
24984,0.005
24985,0.0092
24986,0.0081
24987,0.0074
24988,0.0088
24989,0.01
24990,0.0068
24991,0.0089
24992,0.0102
24993,0.0078
24994,0.0071
24995,0.0109
24996,0.0095
24997,0.0072
24998,0.0097
24999,0.0084
25000,0.0068
25001,0.0095
25002,0.0092
25003,0.0068
25004,0.0092
25005,0.0068
25006,0.0064
25007,0.0095
25008,0.0117
25009,0.0076
25010,0.0086
25011,0.0097
25012,0.0078
25013,0.01
25014,0.0103
25015,0.0079
25016,0.007
25017,0.0094
25018,0.0083
25019,0.0057
25020,0.0111
25021,0.008
25022,0.0078
25023,0.0107
25024,0.009
25025,0.0054
25026,0.0091
25027,0.0088
25028,0.0069
25029,0.0094
25030,0.0092
25031,0.0081
25032,0.0081
25033,0.0099
25034,0.0085
25035,0.0073
25036,0.0099
25037,0.0085
25038,0.0082
25039,0.0089
25040,0.0087
25041,0.0066
25042,0.0097
25043,0.0098
25044,0.0071
25045,0.0102
25046,0.0086
25047,0.0063
25048,0.009
25049,0.0092
25050,0.0073
25051,0.0089
25052,0.0082
25053,0.0079
25054,0.0079
25055,0.0096
25056,0.008
25057,0.0076
25058,0.0099
25059,0.0063
25060,0.0073
25061,0.01
25062,0.0093
25063,0.0069
25064,0.0105
25065,0.0084
25066,0.0067
25067,0.0103
25068,0.0081
25069,0.006
25070,0.0089
25071,0.0102
25072,0.0074
25073,0.0075
25074,0.0104
25075,0.0078
25076,0.0061
25077,0.009
25078,0.0079
25079,0.0076
25080,0.009
25081,0.0083
25082,0.0072
25083,0.009
25084,0.0083
25085,0.0071
25086,0.0107
25087,0.0088
25088,0.007
25089,0.0091
25090,0.0086
25091,0.0076
25092,0.0092
25093,0.0095
25094,0.0079
25095,0.0078
25096,0.01
25097,0.0076
25098,0.0076
25099,0.0097
25100,0.0079
25101,0.007
25102,0.0101
25103,0.0088
25104,0.0064
25105,0.0101
25106,0.0092
25107,0.0036
25108,0.0093
25109,0.0086
25110,0.0075
25111,0.0085
25112,0.0093
25113,0.0066
25114,0.009
25115,0.0085
25116,0.0071
25117,0.0052
25118,0.01
25119,0.0079
25120,0.0076
25121,0.0089
25122,0.0081
25123,0.0084
25124,0.0096
25125,0.0089
25126,0.0093
25127,0.0095
25128,0.0088
25129,0.007
25130,0.0109
25131,0.0104
25132,0.0071
25133,0.0099
25134,0.0103
25135,0.0062
25136,0.0082
25137,0.0101
25138,0.0094
25139,0.0076
25140,0.0099
25141,0.0081
25142,0.0066
25143,0.0103
25144,0.0071
25145,0.0056
25146,0.0097
25147,0.0084
25148,0.0064
25149,0.01
25150,0.0116
25151,0.0073
25152,0.0089
25153,0.0093
25154,0.0068
25155,0.0107
25156,0.0102
25157,0.0079
25158,0.0088
25159,0.0114
25160,0.0081
25161,0.0062
25162,0.0095
25163,0.0075
25164,0.0073
25165,0.0103
25166,0.0092
25167,0.0072
25168,0.0095
25169,0.0092
25170,0.0063
25171,0.0119
25172,0.0099
25173,0.0067
25174,0.0102
25175,0.0109
25176,0.0088
25177,0.0074
25178,0.0094
25179,0.0075
25180,0.0068
25181,0.0099
25182,0.008
25183,0.0067
25184,0.0103
25185,0.0096
25186,0.0063
25187,0.0102
25188,0.01
25189,0.0074
25190,0.0093
25191,0.0099
25192,0.0071
25193,0.009
25194,0.0066
25195,0.0055
25196,0.0074
25197,0.0092
25198,0.0081
25199,0.0072
25200,0.0096
25201,0.0098
25202,0.0066
25203,0.0108
25204,0.0089
25205,0.0071
25206,0.0097
25207,0.0068
25208,0.0072
25209,0.0092
25210,0.0081
25211,0.0055
25212,0.0097
25213,0.0099
25214,0.0077
25215,0.0081
25216,0.0089
25217,0.0081
25218,0.0069
25219,0.0096
25220,0.0077
25221,0.0071
25222,0.0092
25223,0.0087
25224,0.0079
25225,0.0102
25226,0.0087
25227,0.007
25228,0.0097
25229,0.0083
25230,0.0071
25231,0.0076
25232,0.0097
25233,0.007
25234,0.0092
25235,0.0096
25236,0.0072
25237,0.0075
25238,0.0085
25239,0.0077
25240,0.0075
25241,0.0101
25242,0.0077
25243,0.0057
25244,0.011
25245,0.009
25246,0.006
25247,0.0121
25248,0.0086
25249,0.0074
25250,0.01
25251,0.0083
25252,0.0075
25253,0.0093
25254,0.0089
25255,0.0078
25256,0.0089
25257,0.0093
25258,0.0086
25259,0.0082
25260,0.0099
25261,0.0082
25262,0.0044
25263,0.01
25264,0.0088
25265,0.0083
25266,0.0106
25267,0.009
25268,0.007
25269,0.0097
25270,0.0083
25271,0.0073
25272,0.0095
25273,0.0089
25274,0.007
25275,0.0087
25276,0.0087
25277,0.0085
25278,0.0081
25279,0.0098
25280,0.0089
25281,0.007
25282,0.0099
25283,0.0087
25284,0.0072
25285,0.0096
25286,0.0073
25287,0.0072
25288,0.0086
25289,0.0104
25290,0.0064
25291,0.0092
25292,0.009
25293,0.0066
25294,0.0081
25295,0.0111
25296,0.0072
25297,0.0097
25298,0.0098
25299,0.0079
25300,0.0072
25301,0.01
25302,0.008
25303,0.0067
25304,0.0097
25305,0.008
25306,0.0065
25307,0.0101
25308,0.0089
25309,0.0065
25310,0.0101
25311,0.0092
25312,0.0089
25313,0.0094
25314,0.0088
25315,0.0076
25316,0.0091
25317,0.0093
25318,0.0072
25319,0.0083
25320,0.0104
25321,0.0083
25322,0.0067
25323,0.0095
25324,0.0098
25325,0.0089
25326,0.0096
25327,0.0083
25328,0.0071
25329,0.0109
25330,0.0083
25331,0.0074
25332,0.0104
25333,0.0097
25334,0.0079
25335,0.0095
25336,0.0092
25337,0.0072
25338,0.008
25339,0.009
25340,0.0081
25341,0.0073
25342,0.0099
25343,0.0086
25344,0.007
25345,0.0105
25346,0.0082
25347,0.0072
25348,0.0086
25349,0.0083
25350,0.0068
25351,0.0091
25352,0.0084
25353,0.0071
25354,0.0088
25355,0.0089
25356,0.0074
25357,0.0083
25358,0.0096
25359,0.0082
25360,0.0078
25361,0.0086
25362,0.0075
25363,0.0074
25364,0.0114
25365,0.0075
25366,0.0074
25367,0.0099
25368,0.0087
25369,0.007
25370,0.0093
25371,0.0085
25372,0.0073
25373,0.0091
25374,0.0095
25375,0.0069
25376,0.0095
25377,0.0094
25378,0.0071
25379,0.0088
25380,0.0089
25381,0.0056
25382,0.008
25383,0.0096
25384,0.0083
25385,0.0076
25386,0.0092
25387,0.0079
25388,0.0068
25389,0.0106
25390,0.0082
25391,0.0058
25392,0.0095
25393,0.0087
25394,0.0065
25395,0.0084
25396,0.0087
25397,0.0069
25398,0.0086
25399,0.0097
25400,0.0081
25401,0.008
25402,0.0095
25403,0.0076
25404,0.0073
25405,0.0102
25406,0.0082
25407,0.0076
25408,0.0101
25409,0.0082
25410,0.0075
25411,0.0088
25412,0.0085
25413,0.0071
25414,0.0099
25415,0.0089
25416,0.007
25417,0.0089
25418,0.0084
25419,0.0074
25420,0.0084
25421,0.0094
25422,0.0073
25423,0.0076
25424,0.0097
25425,0.0073
25426,0.0075
25427,0.0096
25428,0.0081
25429,0.0067
25430,0.0102
25431,0.0089
25432,0.0071
25433,0.0089
25434,0.009
25435,0.0073
25436,0.0096
25437,0.0086
25438,0.007
25439,0.0076
25440,0.01
25441,0.0072
25442,0.0077
25443,0.0105
25444,0.0078
25445,0.0074
25446,0.0097
25447,0.0081
25448,0.0071
25449,0.0098
25450,0.0081
25451,0.0054
25452,0.0099
25453,0.0081
25454,0.005
25455,0.0098
25456,0.0086
25457,0.0067
25458,0.0092
25459,0.0089
25460,0.0062
25461,0.0078
25462,0.0099
25463,0.0079
25464,0.0075
25465,0.0092
25466,0.0085
25467,0.0079
25468,0.0101
25469,0.0087
25470,0.0064
25471,0.0103
25472,0.0088
25473,0.0067
25474,0.0091
25475,0.0095
25476,0.0069
25477,0.0093
25478,0.009
25479,0.0071
25480,0.0089
25481,0.0102
25482,0.0068
25483,0.0082
25484,0.0094
25485,0.008
25486,0.0072
25487,0.0108
25488,0.0084
25489,0.007
25490,0.0098
25491,0.0085
25492,0.0068
25493,0.0099
25494,0.0086
25495,0.0068
25496,0.0096
25497,0.0092
25498,0.0067
25499,0.0094
25500,0.0104
25501,0.0068
25502,0.0084
25503,0.0102
25504,0.0077
25505,0.0075
25506,0.0098
25507,0.0075
25508,0.0071
25509,0.0089
25510,0.0082
25511,0.0068
25512,0.0109
25513,0.0081
25514,0.0065
25515,0.0099
25516,0.0079
25517,0.006
25518,0.0089
25519,0.0093
25520,0.0075
25521,0.0073
25522,0.0095
25523,0.0068
25524,0.0082
25525,0.0097
25526,0.0077
25527,0.0084
25528,0.0105
25529,0.0077
25530,0.0064
25531,0.0093
25532,0.0086
25533,0.0068
25534,0.0101
25535,0.0102
25536,0.0066
25537,0.0092
25538,0.0098
25539,0.0076
25540,0.0087
25541,0.0092
25542,0.0075
25543,0.0081
25544,0.0104
25545,0.0078
25546,0.008
25547,0.0098
25548,0.0072
25549,0.0077
25550,0.01
25551,0.0088
25552,0.0074
25553,0.0098
25554,0.0084
25555,0.007
25556,0.0094
25557,0.0079
25558,0.0066
25559,0.0101
25560,0.0096
25561,0.0074
25562,0.0081
25563,0.0104
25564,0.0084
25565,0.0079
25566,0.0105
25567,0.0083
25568,0.0074
25569,0.0101
25570,0.0081
25571,0.0069
25572,0.0095
25573,0.009
25574,0.0068
25575,0.0087
25576,0.0085
25577,0.0074
25578,0.0089
25579,0.0084
25580,0.007
25581,0.0082
25582,0.0102
25583,0.0071
25584,0.0107
25585,0.0094
25586,0.0073
25587,0.0076
25588,0.0094
25589,0.0076
25590,0.0076
25591,0.01
25592,0.0085
25593,0.0067
25594,0.0102
25595,0.0087
25596,0.0062
25597,0.0089
25598,0.009
25599,0.0074
25600,0.0112
25601,0.0095
25602,0.0065
25603,0.0098
25604,0.0109
25605,0.0082
25606,0.008
25607,0.0107
25608,0.0085
25609,0.009
25610,0.0106
25611,0.0093
25612,0.0054
25613,0.0097
25614,0.0094
25615,0.0084
25616,0.0096
25617,0.0088
25618,0.0071
25619,0.0096
25620,0.0094
25621,0.0073
25622,0.0084
25623,0.0076
25624,0.0053
25625,0.0089
25626,0.0099
25627,0.0071
25628,0.008
25629,0.0114
25630,0.0073
25631,0.0065
25632,0.0096
25633,0.0073
25634,0.007
25635,0.0098
25636,0.009
25637,0.0071
25638,0.0099
25639,0.008
25640,0.0065
25641,0.009
25642,0.01
25643,0.0051
25644,0.0085
25645,0.0083
25646,0.0085
25647,0.0083
25648,0.0107
25649,0.0071
25650,0.0071
25651,0.0099
25652,0.008
25653,0.0069
25654,0.0097
25655,0.0075
25656,0.0084
25657,0.0107
25658,0.0084
25659,0.0074
25660,0.0082
25661,0.0086
25662,0.0068
25663,0.0091
25664,0.0101
25665,0.0073
25666,0.0078
25667,0.0092
25668,0.0078
25669,0.0075
25670,0.0093
25671,0.0076
25672,0.0076
25673,0.0092
25674,0.0082
25675,0.0065
25676,0.0083
25677,0.0086
25678,0.0067
25679,0.0093
25680,0.0082
25681,0.0067
25682,0.0085
25683,0.0096
25684,0.0074
25685,0.0085
25686,0.0095
25687,0.0077
25688,0.0082
25689,0.0096
25690,0.0086
25691,0.0064
25692,0.0097
25693,0.0079
25694,0.006
25695,0.0102
25696,0.0075
25697,0.0035
25698,0.0097
25699,0.0088
25700,0.0064
25701,0.0096
25702,0.0087
25703,0.0073
25704,0.0087
25705,0.0097
25706,0.0087
25707,0.0077
25708,0.0121
25709,0.009
25710,0.0069
25711,0.0098
25712,0.0092
25713,0.007
25714,0.0105
25715,0.0079
25716,0.0073
25717,0.0106
25718,0.0075
25719,0.0072
25720,0.0089
25721,0.0086
25722,0.0063
25723,0.0084
25724,0.009
25725,0.0075
25726,0.0086
25727,0.0098
25728,0.0075
25729,0.008
25730,0.0091
25731,0.0081
25732,0.007
25733,0.0094
25734,0.0085
25735,0.0071
25736,0.0114
25737,0.0079
25738,0.0072
25739,0.0089
25740,0.0087
25741,0.0083
25742,0.011
25743,0.0084
25744,0.0069
25745,0.0089
25746,0.009
25747,0.0075
25748,0.0097
25749,0.01
25750,0.009
25751,0.0075
25752,0.0098
25753,0.0078
25754,0.0093
25755,0.0093
25756,0.0081
25757,0.0056
25758,0.0102
25759,0.0096
25760,0.0055
25761,0.0095
25762,0.0086
25763,0.0088
25764,0.01
25765,0.0131
25766,0.0076
25767,0.0071
25768,0.0095
25769,0.0087
25770,0.0091
25771,0.0099
25772,0.0083
25773,0.0062
25774,0.0099
25775,0.0077
25776,0.0056
25777,0.0099
25778,0.008
25779,0.0069
25780,0.0092
25781,0.0078
25782,0.0073
25783,0.0089
25784,0.0092
25785,0.0084
25786,0.0098
25787,0.007
25788,0.0078
25789,0.0079
25790,0.0099
25791,0.0074
25792,0.0072
25793,0.0099
25794,0.0073
25795,0.0078
25796,0.0102
25797,0.0094
25798,0.0066
25799,0.0092
25800,0.008
25801,0.0065
25802,0.0078
25803,0.0098
25804,0.0073
25805,0.0102
25806,0.0098
25807,0.0075
25808,0.0097
25809,0.0093
25810,0.0076
25811,0.0093
25812,0.012
25813,0.0083
25814,0.0086
25815,0.0098
25816,0.01
25817,0.0072
25818,0.0113
25819,0.0083
25820,0.0066
25821,0.0096
25822,0.0075
25823,0.0064
25824,0.0098
25825,0.0082
25826,0.007
25827,0.0083
25828,0.01
25829,0.007
25830,0.0075
25831,0.0093
25832,0.0086
25833,0.0062
25834,0.01
25835,0.0086
25836,0.007
25837,0.0106
25838,0.0083
25839,0.0066
25840,0.0094
25841,0.0089
25842,0.0054
25843,0.0098
25844,0.0083
25845,0.0054
25846,0.0092
25847,0.0093
25848,0.0085
25849,0.0077
25850,0.0104
25851,0.0061
25852,0.008
25853,0.0096
25854,0.0066
25855,0.0079
25856,0.0102
25857,0.0075
25858,0.0077
25859,0.0094
25860,0.01
25861,0.0073
25862,0.0086
25863,0.0086
25864,0.0064
25865,0.009
25866,0.009
25867,0.0077
25868,0.0085
25869,0.0085
25870,0.0077
25871,0.0073
25872,0.0091
25873,0.0083
25874,0.0073
25875,0.0105
25876,0.008
25877,0.0064
25878,0.007
25879,0.0088
25880,0.0069
25881,0.0096
25882,0.008
25883,0.0069
25884,0.0092
25885,0.0089
25886,0.0064
25887,0.0099
25888,0.0095
25889,0.009
25890,0.0081
25891,0.0104
25892,0.0075
25893,0.0075
25894,0.0098
25895,0.0074
25896,0.0066
25897,0.01
25898,0.0083
25899,0.0079
25900,0.0093
25901,0.0099
25902,0.0059
25903,0.0096
25904,0.0081
25905,0.0058
25906,0.0082
25907,0.0079
25908,0.0084
25909,0.0087
25910,0.0094
25911,0.008
25912,0.0078
25913,0.0106
25914,0.0067
25915,0.0077
25916,0.0101
25917,0.0077
25918,0.0072
25919,0.0101
25920,0.0071
25921,0.007
25922,0.0094
25923,0.0079
25924,0.0069
25925,0.0089
25926,0.0093
25927,0.0083
25928,0.0086
25929,0.0093
25930,0.0069
25931,0.0082
25932,0.0075
25933,0.0078
25934,0.0072
25935,0.0095
25936,0.0075
25937,0.004
25938,0.0111
25939,0.0086
25940,0.0068
25941,0.0095
25942,0.0082
25943,0.0065
25944,0.0095
25945,0.0087
25946,0.0074
25947,0.0094
25948,0.0097
25949,0.0069
25950,0.0083
25951,0.0095
25952,0.0075
25953,0.0075
25954,0.0096
25955,0.0075
25956,0.0073
25957,0.0099
25958,0.0081
25959,0.0063
25960,0.0094
25961,0.0092
25962,0.0071
25963,0.0094
25964,0.0086
25965,0.0062
25966,0.0092
25967,0.0094
25968,0.0066
25969,0.0086
25970,0.0095
25971,0.0079
25972,0.0083
25973,0.0095
25974,0.0074
25975,0.0078
25976,0.0093
25977,0.0086
25978,0.007
25979,0.01
25980,0.0088
25981,0.0067
25982,0.0099
25983,0.0087
25984,0.0071
25985,0.0096
25986,0.0083
25987,0.007
25988,0.0093
25989,0.0096
25990,0.007
25991,0.0087
25992,0.0099
25993,0.0078
25994,0.0075
25995,0.0096
25996,0.0075
25997,0.007
25998,0.0096
25999,0.008
26000,0.0069
26001,0.01
26002,0.0087
26003,0.0061
26004,0.01
26005,0.0086
26006,0.0077
26007,0.0093
26008,0.009
26009,0.0075
26010,0.0091
26011,0.0094
26012,0.0081
26013,0.0083
26014,0.0096
26015,0.0088
26016,0.0077
26017,0.0101
26018,0.0102
26019,0.009
26020,0.0099
26021,0.0052
26022,0.0079
26023,0.009
26024,0.009
26025,0.0038
26026,0.0093
26027,0.0108
26028,0.0082
26029,0.0083
26030,0.0092
26031,0.0094
26032,0.0094
26033,0.0068
26034,0.0066
26035,0.0078
26036,0.011
26037,0.0057
26038,0.0076
26039,0.0075
26040,0.0083
26041,0.0069
26042,0.0102
26043,0.01
26044,0.0056
26045,0.0103
26046,0.008
26047,0.0069
26048,0.0097
26049,0.009
26050,0.0069
26051,0.0076
26052,0.0081
26053,0.0088
26054,0.0076
26055,0.0071
26056,0.0061
26057,0.0079
26058,0.0091
26059,0.0077
26060,0.0073
26061,0.0097
26062,0.0085
26063,0.007
26064,0.0097
26065,0.0083
26066,0.0068
26067,0.0093
26068,0.0089
26069,0.0085
26070,0.0086
26071,0.0096
26072,0.0063
26073,0.0078
26074,0.0097
26075,0.0077
26076,0.0079
26077,0.0118
26078,0.0081
26079,0.0071
26080,0.0095
26081,0.0085
26082,0.0089
26083,0.0109
26084,0.0086
26085,0.0081
26086,0.0095
26087,0.0094
26088,0.0076
26089,0.0101
26090,0.0089
26091,0.0049
26092,0.0102
26093,0.0093
26094,0.0077
26095,0.0078
26096,0.0108
26097,0.0079
26098,0.0082
26099,0.0094
26100,0.008
26101,0.0072
26102,0.0105
26103,0.0099
26104,0.0068
26105,0.0099
26106,0.0068
26107,0.0068
26108,0.0102
26109,0.0093
26110,0.0089
26111,0.007
26112,0.0092
26113,0.0072
26114,0.0085
26115,0.0093
26116,0.0071
26117,0.0077
26118,0.0092
26119,0.0099
26120,0.0067
26121,0.0095
26122,0.0102
26123,0.0057
26124,0.0126
26125,0.0083
26126,0.0066
26127,0.0099
26128,0.0091
26129,0.0072
26130,0.0102
26131,0.0071
26132,0.0067
26133,0.0084
26134,0.0089
26135,0.0077
26136,0.0076
26137,0.0116
26138,0.0081
26139,0.0075
26140,0.0104
26141,0.0085
26142,0.008
26143,0.0088
26144,0.0084
26145,0.0082
26146,0.0097
26147,0.0078
26148,0.007
26149,0.011
26150,0.0087
26151,0.0051
26152,0.0096
26153,0.0096
26154,0.0111
26155,0.0074
26156,0.0099
26157,0.0079
26158,0.01
26159,0.0105
26160,0.0085
26161,0.0056
26162,0.0101
26163,0.009
26164,0.0093
26165,0.0102
26166,0.0089
26167,0.0059
26168,0.0102
26169,0.0089
26170,0.0081
26171,0.0073
26172,0.0077
26173,0.0089
26174,0.0075
26175,0.008
26176,0.008
26177,0.008
26178,0.0103
26179,0.0081
26180,0.007
26181,0.0097
26182,0.007
26183,0.0062
26184,0.009
26185,0.009
26186,0.0068
26187,0.0106
26188,0.0071
26189,0.0064
26190,0.0101
26191,0.0092
26192,0.0073
26193,0.009
26194,0.0095
26195,0.0077
26196,0.0106
26197,0.0082
26198,0.0075
26199,0.0074
26200,0.0121
26201,0.0086
26202,0.0064
26203,0.009
26204,0.0089
26205,0.0085
26206,0.0079
26207,0.0087
26208,0.0075
26209,0.0088
26210,0.0089
26211,0.0073
26212,0.0089
26213,0.0084
26214,0.0087
26215,0.0082
26216,0.0092
26217,0.008
26218,0.0087
26219,0.0091
26220,0.0067
26221,0.0076
26222,0.0101
26223,0.0081
26224,0.007
26225,0.0094
26226,0.0076
26227,0.0072
26228,0.0096
26229,0.0089
26230,0.007
26231,0.0092
26232,0.0089
26233,0.0066
26234,0.0086
26235,0.0091
26236,0.0079
26237,0.0082
26238,0.0113
26239,0.0073
26240,0.0073
26241,0.0102
26242,0.0094
26243,0.006
26244,0.0098
26245,0.0078
26246,0.0066
26247,0.0099
26248,0.0083
26249,0.0068
26250,0.011
26251,0.0098
26252,0.0058
26253,0.0122
26254,0.0088
26255,0.007
26256,0.0074
26257,0.01
26258,0.0086
26259,0.0105
26260,0.0092
26261,0.0079
26262,0.0075
26263,0.0087
26264,0.0092
26265,0.0051
26266,0.0098
26267,0.0079
26268,0.0054
26269,0.01
26270,0.0087
26271,0.0065
26272,0.008
26273,0.0095
26274,0.0087
26275,0.009
26276,0.0096
26277,0.0076
26278,0.0071
26279,0.0094
26280,0.008
26281,0.0087
26282,0.0097
26283,0.0094
26284,0.0061
26285,0.0106
26286,0.0084
26287,0.0082
26288,0.0079
26289,0.008
26290,0.0066
26291,0.0094
26292,0.0093
26293,0.0077
26294,0.0089
26295,0.0093
26296,0.0083
26297,0.0075
26298,0.0102
26299,0.0078
26300,0.0072
26301,0.0099
26302,0.0059
26303,0.0076
26304,0.0097
26305,0.0086
26306,0.0072
26307,0.01
26308,0.0075
26309,0.0069
26310,0.0098
26311,0.0087
26312,0.0066
26313,0.0092
26314,0.01
26315,0.0068
26316,0.0087
26317,0.0098
26318,0.0068
26319,0.0085
26320,0.0087
26321,0.006
26322,0.0067
26323,0.0106
26324,0.008
26325,0.0071
26326,0.0105
26327,0.009
26328,0.0066
26329,0.0092
26330,0.0087
26331,0.0069
26332,0.0096
26333,0.0079
26334,0.0072
26335,0.0095
26336,0.0093
26337,0.0069
26338,0.0096
26339,0.0094
26340,0.0083
26341,0.0065
26342,0.0099
26343,0.0076
26344,0.0069
26345,0.0102
26346,0.0082
26347,0.0065
26348,0.0118
26349,0.0079
26350,0.0071
26351,0.0134
26352,0.0089
26353,0.0075
26354,0.01
26355,0.0089
26356,0.0078
26357,0.0098
26358,0.0098
26359,0.0055
26360,0.0032
26361,0.01
26362,0.008
26363,0.0073
26364,0.0099
26365,0.0083
26366,0.0069
26367,0.0098
26368,0.0104
26369,0.0077
26370,0.0099
26371,0.0085
26372,0.0064
26373,0.0096
26374,0.0087
26375,0.0071
26376,0.0106
26377,0.0106
26378,0.006
26379,0.0069
26380,0.0103
26381,0.0087
26382,0.0079
26383,0.0099
26384,0.0075
26385,0.0075
26386,0.0095
26387,0.0074
26388,0.007
26389,0.0097
26390,0.0103
26391,0.0068
26392,0.0111
26393,0.0089
26394,0.0066
26395,0.0097
26396,0.0077
26397,0.0072
26398,0.0096
26399,0.0079
26400,0.0068
26401,0.0082
26402,0.0093
26403,0.0083
26404,0.0096
26405,0.0098
26406,0.0078
26407,0.0074
26408,0.0077
26409,0.0087
26410,0.0043
26411,0.0081
26412,0.0083
26413,0.0073
26414,0.0072
26415,0.0077
26416,0.0061
26417,0.0078
26418,0.0094
26419,0.0107
26420,0.0102
26421,0.0086
26422,0.0083
26423,0.0089
26424,0.0099
26425,0.0087
26426,0.0061
26427,0.0103
26428,0.008
26429,0.0056
26430,0.0099
26431,0.0101
26432,0.0054
26433,0.0097
26434,0.0066
26435,0.0075
26436,0.0091
26437,0.0097
26438,0.0093
26439,0.0088
26440,0.0099
26441,0.0065
26442,0.0077
26443,0.0093
26444,0.0061
26445,0.0083
26446,0.0104
26447,0.0078
26448,0.007
26449,0.0087
26450,0.0099
26451,0.0074
26452,0.0099
26453,0.0085
26454,0.0061
26455,0.0099
26456,0.0098
26457,0.0073
26458,0.0092
26459,0.0088
26460,0.0069
26461,0.0083
26462,0.0078
26463,0.008
26464,0.0084
26465,0.0092
26466,0.0085
26467,0.0073
26468,0.0117
26469,0.0082
26470,0.0059
26471,0.0088
26472,0.0081
26473,0.0066
26474,0.0094
26475,0.0088
26476,0.0071
26477,0.0094
26478,0.0085
26479,0.0061
26480,0.0123
26481,0.0093
26482,0.0051
26483,0.0086
26484,0.0096
26485,0.0067
26486,0.0083
26487,0.0101
26488,0.0063
26489,0.0055
26490,0.0099
26491,0.0074
26492,0.0072
26493,0.0099
26494,0.0088
26495,0.0074
26496,0.0099
26497,0.007
26498,0.0057
26499,0.0094
26500,0.0087
26501,0.0076
26502,0.0087
26503,0.0101
26504,0.0077
26505,0.0083
26506,0.01
26507,0.0072
26508,0.0071
26509,0.0095
26510,0.0101
26511,0.0061
26512,0.0091
26513,0.0085
26514,0.0071
26515,0.0098
26516,0.0097
26517,0.007
26518,0.0102
26519,0.009
26520,0.009
26521,0.0073
26522,0.0088
26523,0.0093
26524,0.0068
26525,0.0109
26526,0.0079
26527,0.0082
26528,0.0087
26529,0.008
26530,0.0073
26531,0.0103
26532,0.0085
26533,0.0071
26534,0.0089
26535,0.0088
26536,0.0056
26537,0.0109
26538,0.0088
26539,0.0071
26540,0.0085
26541,0.0101
26542,0.007
26543,0.0112
26544,0.0106
26545,0.0072
26546,0.0089
26547,0.0112
26548,0.008
26549,0.0076
26550,0.0103
26551,0.0086
26552,0.0073
26553,0.01
26554,0.0082
26555,0.0075
26556,0.0089
26557,0.0092
26558,0.0076
26559,0.0101
26560,0.0097
26561,0.0085
26562,0.0076
26563,0.0083
26564,0.0073
26565,0.0081
26566,0.0078
26567,0.0087
26568,0.0083
26569,0.0101
26570,0.0073
26571,0.0078
26572,0.0074
26573,0.0081
26574,0.0071
26575,0.0097
26576,0.0093
26577,0.0067
26578,0.0097
26579,0.0087
26580,0.0061
26581,0.0108
26582,0.0088
26583,0.0052
26584,0.009
26585,0.0096
26586,0.0065
26587,0.008
26588,0.0103
26589,0.0088
26590,0.0069
26591,0.0101
26592,0.008
26593,0.0071
26594,0.0098
26595,0.0088
26596,0.0068
26597,0.0088
26598,0.0089
26599,0.007
26600,0.0096
26601,0.0101
26602,0.0075
26603,0.0085
26604,0.0111
26605,0.0066
26606,0.0082
26607,0.0109
26608,0.0081
26609,0.0056
26610,0.0092
26611,0.0085
26612,0.0061
26613,0.0105
26614,0.0077
26615,0.0071
26616,0.009
26617,0.0071
26618,0.0071
26619,0.0087
26620,0.0086
26621,0.007
26622,0.0086
26623,0.01
26624,0.0074
26625,0.0085
26626,0.0087
26627,0.0079
26628,0.0075
26629,0.0096
26630,0.0065
26631,0.0097
26632,0.0105
26633,0.0081
26634,0.0069
26635,0.0094
26636,0.0084
26637,0.008
26638,0.011
26639,0.0088
26640,0.0069
26641,0.0101
26642,0.0091
26643,0.0072
26644,0.0074
26645,0.0087
26646,0.0082
26647,0.0098
26648,0.0092
26649,0.0103
26650,0.0071
26651,0.0099
26652,0.0075
26653,0.0082
26654,0.0108
26655,0.0093
26656,0.008
26657,0.0103
26658,0.0057
26659,0.0052
26660,0.0095
26661,0.0085
26662,0.0077
26663,0.0091
26664,0.0089
26665,0.0076
26666,0.0093
26667,0.0091
26668,0.0078
26669,0.0086
26670,0.0105
26671,0.0086
26672,0.0069
26673,0.0094
26674,0.0079
26675,0.0074
26676,0.01
26677,0.0088
26678,0.0071
26679,0.0097
26680,0.0091
26681,0.0067
26682,0.01
26683,0.0087
26684,0.0072
26685,0.0096
26686,0.0093
26687,0.0072
26688,0.0082
26689,0.0093
26690,0.008
26691,0.0079
26692,0.0102
26693,0.0078
26694,0.0068
26695,0.0095
26696,0.0079
26697,0.0072
26698,0.0099
26699,0.0084
26700,0.006
26701,0.0098
26702,0.0085
26703,0.0067
26704,0.0116
26705,0.0091
26706,0.0073
26707,0.0104
26708,0.0093
26709,0.0071
26710,0.0067
26711,0.0091
26712,0.0079
26713,0.0076
26714,0.0102
26715,0.0078
26716,0.0073
26717,0.0102
26718,0.0091
26719,0.0077
26720,0.0082
26721,0.0078
26722,0.0062
26723,0.0105
26724,0.0082
26725,0.0067
26726,0.0092
26727,0.0093
26728,0.0073
26729,0.0084
26730,0.0097
26731,0.0072
26732,0.0082
26733,0.0092
26734,0.0074
26735,0.0067
26736,0.0101
26737,0.0083
26738,0.0072
26739,0.0098
26740,0.0085
26741,0.0071
26742,0.0098
26743,0.0085
26744,0.0067
26745,0.0101
26746,0.0088
26747,0.0068
26748,0.0087
26749,0.0087
26750,0.0072
26751,0.0084
26752,0.0106
26753,0.0076
26754,0.0074
26755,0.0093
26756,0.0079
26757,0.0073
26758,0.0099
26759,0.0081
26760,0.0072
26761,0.0099
26762,0.0086
26763,0.0079
26764,0.0094
26765,0.0088
26766,0.0058
26767,0.0089
26768,0.0088
26769,0.0074
26770,0.0087
26771,0.0094
26772,0.0072
26773,0.0079
26774,0.0098
26775,0.0075
26776,0.0075
26777,0.0087
26778,0.009
26779,0.0066
26780,0.0101
26781,0.0078
26782,0.0066
26783,0.0098
26784,0.0083
26785,0.0068
26786,0.0097
26787,0.0088
26788,0.0062
26789,0.0092
26790,0.0095
26791,0.0072
26792,0.0084
26793,0.0097
26794,0.0078
26795,0.008
26796,0.0096
26797,0.0079
26798,0.0073
26799,0.0095
26800,0.0083
26801,0.0066
26802,0.0098
26803,0.0079
26804,0.0066
26805,0.01
26806,0.0085
26807,0.007
26808,0.0095
26809,0.0088
26810,0.0068
26811,0.0086
26812,0.0097
26813,0.0071
26814,0.0081
26815,0.0094
26816,0.0083
26817,0.0077
26818,0.0104
26819,0.0078
26820,0.0076
26821,0.0098
26822,0.0088
26823,0.0058
26824,0.0097
26825,0.0088
26826,0.0067
26827,0.0086
26828,0.0102
26829,0.0048
26830,0.0094
26831,0.0094
26832,0.0071
26833,0.0085
26834,0.0097
26835,0.0065
26836,0.0074
26837,0.0098
26838,0.0072
26839,0.0071
26840,0.0099
26841,0.008
26842,0.0068
26843,0.0089
26844,0.0085
26845,0.0067
26846,0.0093
26847,0.0088
26848,0.0066
26849,0.0096
26850,0.0083
26851,0.0074
26852,0.0084
26853,0.0096
26854,0.0074
26855,0.0075
26856,0.0099
26857,0.0086
26858,0.0072
26859,0.0101
26860,0.0087
26861,0.0072
26862,0.01
26863,0.0084
26864,0.0067
26865,0.0101
26866,0.0077
26867,0.0066
26868,0.0097
26869,0.0086
26870,0.0073
26871,0.0097
26872,0.0094
26873,0.0072
26874,0.0085
26875,0.0091
26876,0.007
26877,0.0076
26878,0.0095
26879,0.0081
26880,0.0069
26881,0.0098
26882,0.0083
26883,0.0062
26884,0.01
26885,0.0073
26886,0.0078
